/NumWaves	30
/NumPoints	1361
/PPheights		5.979131e-01	6.021555e-01	6.132644e-01	6.183213e-01	5.814990e-01	5.887625e-01	6.866969e-01	5.864319e-01	5.161169e-01	2.307146e+00	1.305202e+00	6.616627e-02	2.927980e-02	1.647029e-02	6.141384e-01	2.014880e+00	1.281003e+00	6.444019e-02	2.662312e-02	2.003188e-02	3.778451e+00	4.035734e-01	6.184880e-01	3.404372e-01	2.902294e-01	1.000000e+00	1.000000e+00	1.000000e+00	1.000000e+00	1.000000e+00

/Matrix
-5.389746e-04	2.151226e-02	-5.703208e-04	8.922649e-03	-9.993073e-04	-2.189847e-02	-2.587321e-04	3.844189e-02	1.927791e-02	6.422964e-02	-1.720678e-02	1.366999e-04	-2.852976e-04	1.267586e-03	5.732945e-04	-1.111569e-03	-2.136822e-03	-2.578141e-04	-1.766411e-05	8.033470e-05	-5.362656e-02	-9.195518e-03	-8.319556e-03	9.783292e-04	6.381919e-04	5.245473e-03	1.719680e-03	-8.681966e-12	-1.211610e-04	-1.224279e-04	
-5.389783e-04	1.588422e-02	-5.703282e-04	8.747579e-03	-9.993110e-04	-2.321734e-02	-2.587358e-04	3.444422e-02	1.557044e-02	5.272746e-02	2.156896e-02	-1.501486e-03	-2.868053e-04	1.264013e-03	-2.413648e-03	-7.153525e-03	3.793080e-02	-1.610974e-03	-1.722150e-05	7.663035e-05	5.925041e-02	-8.679978e-03	-7.687549e-03	8.286714e-04	6.054538e-04	4.686045e-03	1.710560e-03	-8.681966e-12	-1.211610e-04	-1.224279e-04	
-5.389783e-04	1.032584e-02	-5.703281e-04	8.562680e-03	-9.993110e-04	-2.430627e-02	-2.587358e-04	3.044077e-02	6.639428e-03	2.447915e-02	3.870726e-03	-2.272134e-04	-2.880676e-04	1.259220e-03	-7.674748e-03	-2.409218e-02	-1.842394e-02	1.298406e-03	-1.627874e-05	7.293074e-05	6.434912e-02	-2.563088e-02	6.709848e-03	-3.686938e-02	1.081513e-02	4.126579e-03	1.698230e-03	-8.681967e-12	-1.211610e-04	-1.224279e-04	
-5.389746e-04	4.839803e-03	-5.703207e-04	8.367218e-03	-9.993073e-04	-2.527999e-02	-2.587320e-04	2.643545e-02	1.396365e-02	8.040284e-02	2.207784e-02	-5.134008e-04	-1.500156e-04	1.253230e-03	8.543053e-03	5.989516e-02	1.759470e-02	-2.650770e-04	1.237257e-04	6.929065e-05	3.173741e-02	-1.927506e-02	-2.037781e-02	-4.584984e-02	-7.079106e-04	3.567603e-03	1.682535e-03	-8.681966e-12	-1.211610e-04	-1.224279e-04	
-5.389783e-04	-5.712192e-04	-5.703281e-04	8.159220e-03	-9.993110e-04	-2.625754e-02	-2.587357e-04	2.247677e-02	-6.029197e-04	7.496730e-02	3.326487e-02	3.252763e-04	9.738297e-05	5.897771e-04	-1.338490e-02	-1.639106e-03	1.067832e-02	8.568254e-04	2.337618e-04	-5.905770e-04	5.976235e-02	-5.506797e-03	-1.450502e-02	-3.043825e-02	1.804256e-03	3.009660e-03	1.663319e-03	-8.681967e-12	-1.211610e-04	-1.224279e-04	
-5.389783e-04	-5.904525e-03	-5.703281e-04	7.936573e-03	-9.993110e-04	-2.726721e-02	-2.587357e-04	1.864794e-02	6.463097e-03	-1.976581e-02	7.058579e-02	5.872985e-04	1.656924e-04	8.135969e-04	8.211591e-03	-9.110636e-02	3.691125e-02	2.772734e-04	5.536204e-05	2.943260e-04	1.064791e-01	-8.554488e-04	4.340551e-02	4.405070e-02	-4.349808e-03	2.453298e-03	1.640424e-03	-8.681967e-12	-1.211610e-04	-1.224279e-04	
-5.389782e-04	-1.115607e-02	-5.703280e-04	7.697427e-03	-9.993110e-04	-2.828776e-02	-2.587357e-04	1.488917e-02	1.126002e-02	1.850746e-02	6.888572e-02	3.762245e-04	2.985046e-04	4.835634e-04	5.906825e-03	4.173231e-02	-2.016016e-03	-1.986080e-04	1.205264e-04	-2.618707e-04	2.225678e-04	1.206629e-02	3.807298e-02	4.124377e-02	-5.255036e-02	1.899074e-03	1.613696e-03	-8.681967e-12	-1.211610e-04	-1.224279e-04	
-5.389782e-04	-1.628131e-02	-5.703280e-04	7.440397e-03	-9.993109e-04	-2.929227e-02	-2.587357e-04	1.109801e-02	1.067527e-02	1.320674e-02	5.088007e-03	5.120223e-04	-3.140918e-05	2.923516e-04	4.891204e-04	-2.005524e-03	-6.402639e-02	1.455377e-04	-3.415644e-04	-1.253713e-04	2.973709e-02	-6.408270e-03	1.302155e-02	-2.236615e-02	-1.696389e-02	1.347551e-03	1.582979e-03	-8.681967e-12	-1.211610e-04	-1.224279e-04	
-5.389782e-04	-2.121713e-02	-5.703280e-04	7.164490e-03	-9.993109e-04	-3.026211e-02	-2.587357e-04	7.241284e-03	1.222066e-02	-5.231852e-02	-1.454746e-03	3.454115e-04	2.718700e-04	2.794623e-04	2.583478e-03	-6.239440e-02	-6.690951e-03	-1.595241e-04	2.922661e-04	5.066583e-05	4.760624e-03	-6.822805e-03	8.606876e-03	1.918059e-02	5.617434e-02	7.992956e-04	1.548119e-03	-8.681967e-12	-1.211610e-04	-1.224279e-04	
-5.389782e-04	-2.601967e-02	-5.703280e-04	6.876335e-03	-9.993109e-04	-3.118643e-02	-2.587356e-04	3.335829e-03	8.873561e-03	-9.524193e-03	7.479578e-02	5.043696e-04	1.948368e-04	-1.779853e-04	-2.344370e-03	4.576233e-02	7.617684e-02	1.634768e-04	-8.743578e-05	-3.961343e-04	9.027378e-02	3.985594e-02	4.121467e-02	5.064317e-02	-1.718557e-02	2.548774e-04	1.508964e-03	-8.681967e-12	-1.211610e-04	-1.224279e-04	
-5.389782e-04	-3.076984e-02	-5.703279e-04	6.631045e-03	-9.993109e-04	-3.205958e-02	-2.587356e-04	-5.913126e-04	7.907695e-03	6.377147e-03	3.443033e-02	-2.276526e-05	-2.074788e-04	-1.120514e-04	2.253718e-06	1.870896e-02	-4.037169e-02	-5.251202e-04	-4.121238e-04	1.250498e-04	6.155749e-03	1.413013e-02	2.114641e-02	-2.240291e-02	-4.221650e-02	-2.851320e-04	1.465364e-03	-8.681967e-12	-1.211610e-04	-1.224279e-04	
-5.389782e-04	-3.549054e-02	-5.703279e-04	6.442091e-03	-9.993109e-04	-3.287951e-02	-2.587356e-04	-4.515098e-03	6.802688e-03	-4.920651e-03	5.242326e-02	-1.003194e-04	-1.370130e-05	-1.367366e-04	-1.729403e-04	-8.654203e-03	1.802919e-02	-7.790620e-05	1.844807e-04	3.236189e-05	-4.742504e-02	2.596747e-02	1.828804e-02	7.544124e-03	1.814239e-04	-8.201607e-04	1.417171e-03	-8.681967e-12	-1.211610e-04	-1.224279e-04	
-5.389782e-04	-4.016657e-02	-5.703279e-04	6.236916e-03	-9.993109e-04	-3.364658e-02	-2.587356e-04	-8.378542e-03	5.888232e-03	1.197981e-02	5.446360e-02	8.849063e-04	-3.663184e-05	-1.229497e-04	-1.652381e-05	1.939404e-02	2.123192e-03	9.825550e-04	-3.176799e-05	6.879136e-05	-4.774631e-03	2.552948e-02	1.023316e-02	-1.400345e-02	1.478448e-03	-1.349638e-03	1.364242e-03	-8.681967e-12	-1.211610e-04	-1.224279e-04	
-5.389782e-04	-4.477619e-02	-5.703279e-04	5.963723e-03	-9.993109e-04	-3.436270e-02	-2.587356e-04	-1.214834e-02	4.869467e-03	3.751008e-02	4.403815e-02	-9.931192e-05	5.351276e-05	-2.192211e-04	-1.539411e-04	2.788278e-02	-1.029421e-02	-9.890685e-04	8.174191e-05	-4.328624e-05	-1.733802e-02	9.072000e-03	8.236577e-03	-3.121007e-02	1.268111e-02	-1.872997e-03	1.306438e-03	-8.681967e-12	-1.211610e-04	-1.224279e-04	
-5.389782e-04	-4.930281e-02	-5.703279e-04	5.618034e-03	-9.993109e-04	-3.503044e-02	-2.587356e-04	-1.587063e-02	3.911206e-03	2.440078e-02	4.987913e-02	-5.905014e-05	2.157035e-05	-3.693981e-04	-1.266077e-04	-1.089429e-02	6.018974e-03	3.332652e-05	-3.992709e-05	-9.918551e-05	-6.522188e-02	7.686617e-03	2.306816e-02	6.162515e-03	4.143158e-02	-2.389673e-03	1.243622e-03	-8.681966e-12	-1.211610e-04	-1.224279e-04	
-5.389781e-04	-5.373532e-02	-5.703278e-04	5.214784e-03	-9.993109e-04	-3.565252e-02	-2.587356e-04	-1.955318e-02	2.634648e-03	-8.283441e-03	2.396733e-02	3.827776e-04	7.672550e-05	8.898151e-05	-4.771704e-04	-3.060439e-02	-2.569258e-02	4.328631e-04	4.758583e-05	5.074121e-04	4.386969e-03	6.232329e-03	2.199158e-02	1.830898e-02	1.610180e-02	-2.899108e-03	1.175665e-03	-8.681967e-12	-1.211610e-04	-1.224279e-04	
-5.389781e-04	-5.806644e-02	-5.703278e-04	4.768670e-03	-9.993108e-04	-3.623154e-02	-2.587356e-04	-2.318919e-02	1.674784e-03	2.154212e-02	2.297487e-02	-1.689009e-04	9.471252e-05	-1.391737e-04	-1.921768e-04	3.177370e-02	-7.363088e-04	-5.625843e-04	1.082333e-05	-1.810291e-04	-4.912333e-02	1.129876e-03	1.866040e-02	-1.964785e-02	-1.923973e-02	-3.400752e-03	1.102441e-03	-8.681966e-12	-1.211610e-04	-1.224279e-04	
-5.389781e-04	-6.229137e-02	-5.703277e-04	4.299534e-03	-9.993108e-04	-3.676989e-02	-2.587356e-04	-2.681283e-02	7.469887e-04	-4.355089e-03	3.849662e-02	-2.761512e-04	-2.233207e-04	-2.294254e-04	-1.912355e-04	-2.407788e-02	1.580962e-02	-1.200349e-04	-3.247909e-04	-4.498837e-05	-5.007056e-02	7.733908e-03	1.320218e-02	1.753159e-03	1.230764e-02	-3.894061e-03	1.023834e-03	-8.681967e-12	-1.211610e-04	-1.224279e-04	
-5.389781e-04	-6.640711e-02	-5.703277e-04	3.845707e-03	-9.993108e-04	-3.726977e-02	-2.587356e-04	-3.044421e-02	-3.059776e-04	-4.575017e-02	2.794034e-02	-1.266432e-04	-2.259074e-04	-2.925943e-04	-3.469343e-04	-3.970143e-02	-1.024075e-02	1.349200e-04	-8.957119e-06	-1.972390e-05	-5.320173e-02	5.336990e-03	1.013164e-02	2.182555e-02	1.496514e-02	-4.378503e-03	9.397307e-04	-8.681967e-12	-1.211610e-04	-1.224279e-04	
-5.389781e-04	-7.041181e-02	-5.703277e-04	3.397988e-03	-9.993108e-04	-3.772681e-02	-2.587355e-04	-3.407477e-02	-1.298140e-03	1.068572e-02	2.706062e-02	-6.982525e-04	-6.260744e-04	-3.510632e-04	-3.160616e-04	5.800639e-02	-5.400406e-04	-5.879079e-04	-4.061582e-04	-1.679850e-05	-2.157916e-02	1.127064e-02	5.993064e-04	-2.031010e-02	-2.323684e-02	-4.853555e-03	8.500285e-04	-8.681967e-12	-1.211610e-04	-1.224279e-04	
-5.389781e-04	-7.430416e-02	-5.703277e-04	2.916128e-03	-9.993108e-04	-3.811599e-02	-2.587355e-04	-3.768583e-02	-2.364839e-03	-5.951271e-04	5.753602e-02	-3.244810e-04	-6.337006e-04	-3.109592e-04	-4.199121e-04	-9.829221e-03	3.083530e-02	3.558111e-04	-1.325510e-05	8.003969e-05	-5.283220e-02	3.494017e-02	-8.499112e-03	-2.767370e-02	-7.121434e-03	-5.318710e-03	7.546315e-04	-8.681966e-12	-1.211610e-04	-1.224279e-04	
-5.389780e-04	-7.808310e-02	-5.703277e-04	2.381842e-03	-9.993108e-04	-3.844514e-02	-2.587355e-04	-4.126121e-02	-3.228329e-03	-4.421558e-02	3.589394e-02	4.082572e-04	-5.717367e-04	-5.031288e-04	-2.453972e-04	-4.228403e-02	-2.126462e-02	7.131876e-04	5.668110e-05	-1.539208e-04	-1.244638e-02	3.490068e-02	-7.459565e-03	-5.432433e-03	2.596352e-02	-5.773472e-03	6.534530e-04	-8.681966e-12	-1.211610e-04	-1.224279e-04	
-5.389780e-04	-8.174754e-02	-5.703277e-04	1.804812e-03	-9.993108e-04	-3.875134e-02	-2.587355e-04	-4.478975e-02	-1.817406e-03	1.416804e-02	-2.460678e-02	1.076054e-03	-3.976228e-04	-1.024335e-03	2.000947e-03	5.960883e-02	-6.010874e-02	6.467467e-04	1.691658e-04	-4.846013e-04	6.957506e-02	1.311919e-02	-2.292259e-02	-4.678804e-02	2.053076e-02	-6.217360e-03	5.464157e-04	-8.681966e-12	-1.211610e-04	-1.224279e-04	
-5.389780e-04	-8.529639e-02	-5.703277e-04	1.214002e-03	-9.993108e-04	-3.905419e-02	-2.587355e-04	-4.826413e-02	-7.186546e-03	-4.393159e-02	-6.192581e-03	8.150440e-04	-2.458477e-04	-9.670717e-04	-4.806553e-03	-5.698049e-02	1.881792e-02	-2.834808e-04	1.471453e-04	9.227239e-05	-4.684306e-02	8.147655e-03	-9.574243e-03	-3.839762e-02	2.865013e-02	-6.649912e-03	4.334523e-04	-8.681966e-12	-1.211610e-04	-1.224279e-04	
-5.389780e-04	-8.872855e-02	-5.703276e-04	6.072079e-04	-9.993108e-04	-3.935352e-02	-2.587355e-04	-5.167946e-02	-1.119752e-02	-5.968880e-02	-4.908733e-02	-1.047677e-04	8.842875e-05	-4.543535e-04	-3.475187e-03	-1.474009e-02	-4.248074e-02	-9.436182e-04	3.299504e-04	5.461804e-04	-1.079339e-02	-1.460401e-02	-1.004701e-02	1.014497e-02	5.191594e-02	-7.070680e-03	3.145061e-04	-8.681966e-12	-1.211610e-04	-1.224279e-04	
-5.389780e-04	-9.204290e-02	-5.703276e-04	-3.472299e-05	-9.993108e-04	-3.964332e-02	-2.587355e-04	-5.503235e-02	-5.993363e-03	5.711234e-03	-5.946095e-02	-7.778283e-04	2.952634e-05	-4.918506e-04	5.713838e-03	6.631846e-02	-9.952435e-03	-6.981370e-04	-6.293662e-05	-5.540046e-06	-3.519670e-02	-1.179235e-02	-7.575324e-04	-4.638621e-03	1.310247e-02	-7.479239e-03	1.895318e-04	-8.681966e-12	-1.211610e-04	-1.224279e-04	
-5.389780e-04	-9.523842e-02	-5.703276e-04	-7.062337e-04	-9.993108e-04	-3.749415e-02	-2.587355e-04	-5.832027e-02	-6.351592e-03	-2.955799e-02	-6.833697e-02	-1.451937e-03	2.555880e-04	-7.151103e-04	1.261301e-04	-3.444462e-02	-8.450141e-03	-7.003690e-04	2.223057e-04	-1.927647e-04	-6.851497e-02	-2.290106e-02	-1.886343e-02	-2.503620e-02	-5.930144e-03	-7.875180e-03	5.849565e-05	-8.681966e-12	-1.211610e-04	-1.224279e-04	
-5.389780e-04	-9.831418e-02	-5.703276e-04	-1.406989e-03	-9.993108e-04	3.427080e-02	-2.587355e-04	-6.153945e-02	-2.201730e-02	-4.245177e-02	-4.534942e-02	-1.517554e-03	1.787165e-04	-5.456018e-04	-1.520602e-02	-1.215922e-02	2.341567e-02	-9.297252e-05	-8.035736e-05	1.985849e-04	-8.107789e-02	-7.664261e-03	-3.195270e-03	4.276887e-02	3.123090e-02	-8.258116e-03	-7.862350e-05	-8.681966e-12	-1.211610e-04	-1.224279e-04	
-5.389780e-04	-1.012693e-01	-5.703276e-04	-2.149793e-03	-9.993108e-04	2.139539e-01	-2.587355e-04	-6.467771e-02	-1.239189e-02	-1.849523e-02	-1.382944e-02	-1.247191e-03	1.970421e-04	-5.443462e-04	1.006116e-02	2.460465e-02	3.194788e-02	2.420019e-04	1.509706e-05	2.895593e-05	-5.251393e-02	8.833838e-03	-1.041755e-02	1.717979e-02	-2.302616e-02	-8.627684e-03	-2.218341e-04	-8.681966e-12	-1.211610e-04	-1.224279e-04	
-5.389780e-04	-1.041031e-01	-5.703276e-04	-2.938846e-03	-9.993108e-04	3.316211e-01	-2.587355e-04	-6.773400e-02	-2.006094e-02	-3.921456e-02	-3.810838e-02	-1.642336e-03	3.015950e-04	-2.590315e-04	-7.256617e-03	-2.015422e-02	-2.385316e-02	-4.244363e-04	1.015661e-04	3.116811e-04	-8.582935e-02	-5.689637e-03	-9.680526e-03	-6.750655e-03	-2.755816e-02	-8.983542e-03	-3.711309e-04	-8.681966e-12	-1.211610e-04	-1.224279e-04	
-5.389780e-04	-1.068143e-01	-5.703276e-04	-3.769421e-03	-9.993107e-04	4.254477e-01	-2.587355e-04	-7.072165e-02	-1.139754e-02	-1.109620e-01	-3.866418e-02	-1.539184e-03	4.929347e-04	-9.348454e-05	9.053173e-03	-7.126094e-02	-1.330938e-04	7.300711e-05	1.885851e-04	1.906233e-04	-4.629958e-02	2.488117e-03	-1.152912e-02	4.661902e-02	2.565860e-03	-9.325371e-03	-5.264952e-04	-8.681966e-12	-1.211610e-04	-1.224279e-04	
-5.389780e-04	-9.915459e-02	-5.703276e-04	-4.635256e-03	-9.993107e-04	4.743756e-01	-2.587354e-04	-7.364664e-02	-1.483505e-02	-5.825396e-02	-3.895717e-02	-2.296837e-03	1.569987e-04	-1.008539e-04	-3.069656e-03	5.311897e-02	1.243403e-04	-7.885640e-04	-3.384690e-04	1.646084e-05	-5.672530e-02	1.753311e-03	-2.365087e-02	-2.201491e-03	-3.339913e-02	-9.652878e-03	-6.878935e-04	-8.681966e-12	-1.211610e-04	-1.224279e-04	
-5.389780e-04	1.223430e-02	-5.703275e-04	-5.531915e-03	-9.993107e-04	3.893289e-01	-2.587354e-04	-7.650574e-02	-1.361842e-02	-7.635036e-02	-1.935744e-02	-2.166356e-03	7.151440e-05	-2.910341e-04	1.563093e-03	-1.775718e-02	2.000940e-02	9.888397e-05	-8.780719e-05	-1.675567e-04	-9.940567e-02	1.963145e-02	-4.236435e-02	-1.417179e-02	-1.496201e-02	-9.965794e-03	-8.552778e-04	-8.681966e-12	-1.211610e-04	-1.224279e-04	
-5.389780e-04	1.856252e-01	-5.703275e-04	-6.456894e-03	-9.993107e-04	2.320155e-01	-2.587354e-04	-7.929310e-02	-1.935155e-02	-1.224992e-01	-5.615664e-02	-2.236458e-03	4.958920e-04	-5.079936e-04	-5.407345e-03	-4.587715e-02	-3.639836e-02	-1.023059e-04	4.222535e-04	-1.955049e-04	-5.410013e-02	3.640574e-04	-3.524947e-02	1.909025e-02	3.438794e-02	-1.026388e-02	-1.028585e-03	-8.681966e-12	-1.211610e-04	-1.224279e-04	
-5.389780e-04	2.740567e-01	-5.703275e-04	-7.408924e-03	-9.993107e-04	8.838082e-02	-2.587354e-04	-8.200388e-02	-1.578120e-02	-7.042328e-02	-7.947350e-02	-2.403334e-03	6.445836e-05	-4.774613e-04	3.876158e-03	5.228357e-02	-2.292605e-02	-1.996104e-04	-4.333688e-04	5.085781e-05	-6.677683e-02	-1.536741e-02	-3.092323e-02	-3.081667e-03	2.469748e-03	-1.054691e-02	-1.207736e-03	-8.681966e-12	-1.211610e-04	-1.224279e-04	
-5.389780e-04	3.616731e-01	-5.703275e-04	-8.387409e-03	-9.993107e-04	-9.216639e-03	-2.587354e-04	-8.463459e-02	-1.670289e-02	-6.312858e-02	-2.728216e-03	-2.422977e-03	5.816632e-05	-9.544651e-04	-6.352107e-04	7.442042e-03	7.712492e-02	-5.282405e-05	-8.044977e-06	-4.577707e-04	-5.274740e-02	2.022944e-02	-1.904933e-02	1.511546e-02	-3.058172e-02	-1.081471e-02	-1.392636e-03	-8.681966e-12	-1.211610e-04	-1.224279e-04	
-5.389780e-04	3.799614e-01	-5.703275e-04	-9.392073e-03	-9.993107e-04	-6.442162e-02	-2.587354e-04	-8.682905e-02	-1.868304e-02	-1.354906e-01	-3.431758e-02	-1.784840e-03	8.097518e-04	-5.385036e-04	-1.712380e-03	-7.227109e-02	-3.122154e-02	6.045828e-04	7.500042e-04	4.341409e-04	1.807435e-02	-4.937306e-03	-1.133277e-02	6.267970e-02	1.340006e-02	-1.106710e-02	-1.583176e-03	-8.681966e-12	-1.211610e-04	-1.224279e-04	
-5.389780e-04	2.694459e-01	-5.703275e-04	-1.042273e-02	-9.993107e-04	-8.977631e-02	-2.587354e-04	-4.875604e-02	-1.950605e-02	-9.133957e-02	-8.742585e-02	-1.687229e-03	2.565514e-04	-5.622953e-04	-5.733778e-04	4.418869e-02	-5.275378e-02	6.375671e-05	-5.546202e-04	-6.627957e-06	-4.275003e-02	-2.085240e-02	-8.177074e-03	2.219579e-02	-4.097247e-02	-1.130396e-02	-1.779227e-03	-8.681966e-12	-1.211610e-04	-1.224279e-04	
-5.389780e-04	1.097151e-01	-5.703275e-04	-1.147917e-02	-9.993107e-04	-9.610556e-02	-2.587354e-04	1.142183e-01	-2.062703e-02	-7.940392e-02	-3.794942e-02	-2.484294e-03	5.205345e-04	-9.218111e-04	-8.888185e-04	1.192368e-02	4.981686e-02	-8.311379e-04	2.627157e-04	-3.433332e-04	-5.534881e-02	7.410002e-03	-4.552005e-02	7.637256e-03	-6.306758e-02	-1.152517e-02	-1.980647e-03	-8.681966e-12	-1.211610e-04	-1.224279e-04	
-5.389779e-04	-2.189255e-02	-5.703275e-04	-1.256104e-02	-9.993107e-04	-9.143324e-02	-2.587354e-04	2.455028e-01	-2.196526e-02	-1.065679e-01	-7.808539e-02	-2.570463e-03	4.927521e-04	-6.195687e-04	-1.122834e-03	-2.722209e-02	-3.981047e-02	-1.203945e-04	-2.890645e-05	3.174806e-04	-1.066564e-01	-4.151646e-03	-4.694011e-02	2.289413e-02	5.742684e-03	-1.173067e-02	-2.187275e-03	-8.681966e-12	-1.211610e-04	-1.224279e-04	
-5.389779e-04	-3.704696e-02	-5.703275e-04	-1.366792e-02	-9.993107e-04	-8.170075e-02	-2.587354e-04	2.251214e-01	-2.283606e-02	-1.025318e-01	-7.230487e-02	-2.531779e-03	4.158014e-05	-6.443313e-04	-6.715403e-04	3.935195e-03	6.090759e-03	4.376243e-06	-4.521617e-04	-1.043189e-05	-1.399937e-01	1.326358e-02	-6.191084e-02	9.269775e-03	4.655576e-05	-1.192039e-02	-2.398935e-03	-8.681966e-12	-1.211610e-04	-1.224279e-04	
-5.389779e-04	9.669032e-02	-5.703275e-04	-1.479923e-02	-9.993107e-04	-7.101846e-02	-2.587354e-04	1.210551e-01	-1.676557e-02	-8.881702e-02	-6.160840e-02	-3.926683e-03	2.985391e-04	-6.731217e-04	6.254241e-03	1.357400e-02	1.099104e-02	-1.429220e-03	2.560968e-04	-1.533172e-05	-7.972025e-02	4.443241e-04	-4.927038e-02	7.904710e-03	-1.352008e-02	-1.209431e-02	-2.615434e-03	-8.681966e-12	-1.211610e-04	-1.224279e-04	
-5.389779e-04	2.338799e-01	-5.703275e-04	-1.595437e-02	-9.993107e-04	-6.174196e-02	-2.587354e-04	1.685396e-02	-1.792831e-02	-9.465906e-02	-7.902176e-02	-3.733144e-03	2.269408e-04	-7.002102e-04	-9.938371e-04	-6.019259e-03	-1.713504e-02	1.592746e-04	-7.234345e-05	-1.446755e-05	-1.595896e-01	-9.355899e-03	-5.062119e-02	3.970611e-02	1.272907e-02	-1.225245e-02	-2.836562e-03	-8.681966e-12	-1.211610e-04	-1.224279e-04	
-5.389779e-04	3.570836e-01	-5.703275e-04	-1.713262e-02	-9.993107e-04	-5.478117e-02	-2.587354e-04	-5.724525e-02	-1.794501e-02	-9.817249e-02	-9.069327e-02	-3.660310e-03	4.032297e-04	-7.294564e-04	1.380304e-04	-3.724161e-03	-1.140963e-02	3.869113e-05	1.756510e-04	-1.742963e-05	-1.694000e-01	-2.301579e-02	-2.695731e-02	6.785360e-02	-5.768297e-03	-1.239483e-02	-3.062092e-03	-8.681966e-12	-1.211610e-04	-1.224279e-04	
-5.389779e-04	3.594247e-01	-5.703275e-04	-1.833323e-02	-9.993107e-04	-5.011063e-02	-2.587354e-04	-9.691483e-02	-2.724554e-02	-1.080280e-01	-1.303686e-01	-3.594026e-03	2.384870e-05	-7.542035e-04	-9.159368e-03	-1.009692e-02	-3.943004e-02	3.232933e-05	-3.799187e-04	-1.370035e-05	-1.213006e-01	-1.725849e-02	-5.202365e-02	5.005082e-02	-4.987460e-02	-1.252151e-02	-3.291783e-03	-8.681966e-12	-1.211610e-04	-1.224279e-04	
-5.389779e-04	2.304606e-01	-5.703275e-04	-1.955540e-02	-9.993107e-04	-4.726877e-02	-2.587354e-04	-2.686675e-02	-2.213363e-02	-1.009357e-01	-9.981289e-02	-3.529088e-03	2.257812e-04	-7.832624e-04	5.240123e-03	6.823322e-03	3.078415e-02	3.122600e-05	2.014877e-04	-1.874869e-05	-1.314974e-01	-2.045634e-02	-4.752741e-02	2.252084e-03	-8.147106e-02	-1.263258e-02	-3.525375e-03	-8.681966e-12	-1.211610e-04	-1.224279e-04	
-5.389779e-04	6.940837e-02	-5.703274e-04	-2.079827e-02	-9.993107e-04	-4.570417e-02	-2.587354e-04	1.422275e-01	-2.946389e-02	-1.135308e-01	-8.540884e-02	-2.655033e-03	1.260116e-05	-8.093302e-04	-7.214331e-03	-1.288890e-02	1.461580e-02	8.406437e-04	-2.135388e-04	-1.646115e-05	-1.107062e-01	-6.750100e-03	-7.196300e-02	2.540520e-02	-2.051588e-02	-1.272816e-02	-3.762595e-03	-8.681966e-12	-1.211610e-04	-1.224279e-04	
-5.389779e-04	-5.554304e-02	-5.703274e-04	-2.206094e-02	-9.993107e-04	-4.494943e-02	-2.587354e-04	2.084357e-01	-2.333594e-02	-1.545227e-01	-1.223590e-01	-3.040147e-03	5.874573e-04	-8.404205e-04	6.232173e-03	-4.130802e-02	-3.675518e-02	-4.181679e-04	5.745752e-04	-2.215543e-05	-8.812662e-02	-2.473928e-02	-5.019449e-02	4.578777e-02	3.613783e-03	-1.280838e-02	-4.003152e-03	-8.681966e-12	-1.211610e-04	-1.224279e-04	
-5.389779e-04	-7.511010e-02	-5.703274e-04	-2.334246e-02	-9.993107e-04	-4.467165e-02	-2.587354e-04	1.443609e-01	-3.206893e-02	-1.306703e-01	-1.264190e-01	-4.595788e-03	5.199527e-04	-6.696217e-04	-8.639829e-03	2.351697e-02	-3.881627e-03	-1.588288e-03	-6.771559e-05	1.790934e-04	-9.131823e-02	-2.520335e-02	-8.199605e-02	3.095665e-02	-3.894795e-02	-1.287341e-02	-4.246742e-03	-8.681966e-12	-1.211610e-04	-1.224279e-04	
-5.389779e-04	5.987275e-02	-5.703274e-04	-2.464184e-02	-9.993107e-04	-4.465961e-02	-2.587354e-04	4.022853e-02	-4.445526e-02	-2.119166e-01	-1.894621e-01	-5.125263e-03	5.064608e-04	-8.912531e-04	-1.230371e-02	-8.159867e-02	-6.288112e-02	-5.616657e-04	-1.363978e-05	-2.139478e-04	-3.280407e-02	-4.133738e-02	-4.060246e-02	4.206902e-02	3.109056e-03	-1.292344e-02	-4.493045e-03	-8.681966e-12	-1.211610e-04	-1.224279e-04	
-5.389779e-04	1.546259e-01	-5.703274e-04	-2.595803e-02	-9.993107e-04	-4.478327e-02	-2.587354e-04	-4.518410e-02	-3.410082e-02	-1.235116e-01	-1.446843e-01	-3.779377e-03	4.799798e-04	-7.609094e-04	1.042714e-02	8.803809e-02	4.492369e-02	1.314200e-03	-2.657210e-05	1.374459e-04	1.872498e-02	-3.112272e-02	-1.043629e-01	7.508993e-02	-3.454551e-02	-1.295870e-02	-4.741727e-03	-8.681966e-12	-1.211610e-04	-1.224279e-04	
-5.389779e-04	1.700972e-01	-5.703274e-04	-2.728996e-02	-9.993107e-04	-4.499330e-02	-2.587354e-04	-1.003633e-01	-3.486272e-02	-1.156017e-01	-1.609319e-01	-4.079581e-03	2.758028e-04	-7.518356e-04	-6.985475e-04	7.530861e-03	-1.611751e-02	-3.313431e-04	-2.042178e-04	1.562491e-05	-1.721082e-01	-2.968429e-02	-5.109413e-02	4.360457e-03	-2.499348e-02	-1.297940e-02	-4.992443e-03	-8.681966e-12	-1.211610e-04	-1.224279e-04	
-5.389779e-04	2.465858e-01	-5.703274e-04	-2.863649e-02	-9.993107e-04	-4.524143e-02	-2.587354e-04	-1.312460e-01	-3.625403e-02	-1.596562e-01	-1.646025e-01	-3.812732e-03	4.059481e-04	-6.878682e-04	-1.336807e-03	-4.444362e-02	-3.555922e-03	2.362985e-04	1.301492e-04	6.999463e-05	-1.458997e-01	-3.126933e-02	-1.128421e-01	1.102006e-01	1.563464e-02	-1.298583e-02	-5.244833e-03	-8.681966e-12	-1.211610e-04	-1.224279e-04	
-5.389779e-04	2.749805e-01	-5.703274e-04	-2.999645e-02	-9.993107e-04	-4.551498e-02	-2.587354e-04	-9.904045e-02	2.618537e-02	1.034580e+00	-3.812999e-01	3.791954e-02	7.516279e-04	3.224832e-03	6.248558e-02	1.193839e+00	-2.165975e-01	4.170235e-02	3.457230e-04	3.918231e-03	3.558591e+00	-2.861677e-01	4.970882e-01	-6.063044e-02	2.262345e-02	9.870217e-01	-5.498525e-03	-8.681966e-12	-1.211610e-04	-1.224279e-04	
-5.389779e-04	1.840728e-01	-5.703274e-04	-3.137042e-02	-9.993107e-04	-4.581257e-02	-2.587354e-04	6.715599e-02	6.456725e-02	1.043236e+00	-3.534351e-01	3.448239e-02	-3.729898e-03	1.395142e-03	3.842025e-02	8.252458e-03	2.795023e-02	-3.466411e-03	-4.481448e-03	-1.824630e-03	3.415906e-01	-7.146375e-02	2.911046e-01	-2.302228e-01	2.399592e-02	-1.295699e-02	-5.753136e-03	-8.681966e-12	-1.211610e-04	-1.224279e-04	
-5.389779e-04	4.802027e-02	-5.703274e-04	-3.276820e-02	-9.993107e-04	-4.612197e-02	-2.587354e-04	2.309457e-01	4.831432e-02	5.551974e-01	-1.267830e-02	2.373756e-02	-1.104872e-03	9.869172e-04	-1.622177e-02	-4.884457e-01	3.408283e-01	-1.077339e-02	2.625132e-03	-4.036097e-04	1.306749e+00	-3.646750e-02	5.153592e-02	-1.357140e-01	3.207258e-02	-1.292236e-02	-6.008273e-03	-8.681966e-12	-1.211610e-04	-1.224279e-04	
-5.389779e-04	-6.453682e-02	-5.703274e-04	-3.419279e-02	-9.993107e-04	-4.644313e-02	-2.587354e-04	3.716930e-01	4.954956e-02	5.281605e-01	1.686438e-02	2.151304e-02	-1.124576e-03	6.445606e-04	1.259633e-03	-2.744642e-02	2.960081e-02	-2.252367e-03	-1.957189e-05	-3.381621e-04	-3.999586e-02	-1.005601e-01	1.452941e-01	-6.973912e-02	7.490516e-02	-1.287470e-02	-6.263534e-03	-8.681966e-12	-1.211610e-04	-1.224279e-04	
-5.389779e-04	-1.353659e-01	-5.703274e-04	-3.563211e-02	-9.993107e-04	-4.677688e-02	-2.587354e-04	4.118660e-01	4.933305e-02	3.987211e-01	7.597091e-02	1.698472e-02	-1.115972e-03	7.870480e-04	-1.984446e-04	-1.298498e-01	5.915180e-02	-4.555403e-03	8.756603e-06	1.462856e-04	1.970639e-01	-1.597165e-02	4.223627e-02	-5.391852e-02	2.458813e-02	-1.281439e-02	-6.518506e-03	-8.681966e-12	-1.211610e-04	-1.224279e-04	
-5.389779e-04	-1.720045e-01	-5.703274e-04	-3.707501e-02	-9.993107e-04	-4.713320e-02	-2.587354e-04	3.432383e-01	4.575680e-02	3.822550e-01	6.123595e-02	1.468023e-02	-1.161452e-03	4.269190e-04	-3.564005e-03	-1.687561e-02	-1.470186e-02	-2.330807e-03	-4.531166e-05	-3.567042e-04	-6.825501e-02	-4.044739e-02	6.167322e-02	-1.057382e-01	4.136976e-02	-1.274178e-02	-6.772772e-03	-8.681966e-12	-1.211610e-04	-1.224279e-04	
-5.389779e-04	-1.858815e-01	-5.703273e-04	-3.851743e-02	-9.993107e-04	-4.751984e-02	-2.587354e-04	3.414481e-01	3.359666e-02	3.398568e-01	8.236007e-02	1.234600e-02	-6.898704e-04	6.250247e-04	-1.215329e-02	-4.280542e-02	2.114564e-02	-2.359751e-03	4.717651e-04	2.011793e-04	-3.069298e-03	-2.122363e-04	1.355136e-02	-1.324369e-02	8.176172e-02	-1.265729e-02	-7.025905e-03	-8.681966e-12	-1.211610e-04	-1.224279e-04	
-5.389779e-04	-1.626714e-01	-5.703273e-04	-3.995923e-02	-9.993107e-04	-4.792640e-02	-2.587354e-04	3.324620e-01	3.555062e-02	3.144855e-01	1.045010e-01	9.352206e-03	-1.021394e-03	1.132898e-03	1.955842e-03	-2.577499e-02	2.215141e-02	-3.018502e-03	-3.313284e-04	5.106172e-04	1.224684e-02	9.592692e-03	3.774418e-02	-3.477875e-02	1.468379e-02	-1.256132e-02	-7.277474e-03	-8.681966e-12	-1.211610e-04	-1.224279e-04	
-5.389779e-04	-1.048154e-02	-5.703273e-04	-4.140099e-02	-9.993107e-04	-4.834052e-02	-2.587354e-04	2.202992e-01	4.105594e-02	3.407582e-01	1.484228e-01	8.301838e-03	-5.160787e-04	9.715494e-04	5.502685e-03	2.587395e-02	4.392177e-02	-1.074257e-03	5.055181e-04	-1.589148e-04	-6.763584e-02	3.396004e-02	6.149425e-04	-2.921709e-02	-2.445255e-02	-1.245430e-02	-7.527044e-03	-8.681966e-12	-1.211610e-04	-1.224279e-04	
-5.389779e-04	1.571547e-01	-5.703273e-04	-4.284293e-02	-9.993107e-04	-4.875758e-02	-2.587354e-04	6.892458e-02	2.615542e-02	2.259707e-01	1.131711e-01	6.796476e-03	-2.595092e-04	9.542448e-04	-1.490731e-02	-1.151804e-01	-3.526133e-02	-1.528416e-03	2.567772e-04	-1.515943e-05	1.358954e-02	2.216980e-02	5.978363e-04	-1.748742e-02	1.566140e-02	-1.233665e-02	-7.774175e-03	-8.681966e-12	-1.211610e-04	-1.224279e-04	
-5.389779e-04	1.779360e-01	-5.703273e-04	-4.428487e-02	-9.993107e-04	-4.917801e-02	-2.587354e-04	1.986019e-02	3.966543e-02	2.357647e-01	1.437759e-01	7.199644e-03	-7.187876e-04	1.168884e-03	1.349947e-02	9.408087e-03	3.058582e-02	3.809572e-04	-4.590681e-04	2.165133e-04	-1.180675e-01	3.747897e-02	-1.895032e-02	-2.616492e-02	3.166572e-02	-1.220882e-02	-8.018427e-03	-8.681966e-12	-1.211610e-04	-1.224279e-04	
-5.389779e-04	9.335682e-02	-5.703273e-04	-4.572626e-02	-9.993107e-04	-4.960345e-02	-2.587354e-04	1.233900e-01	3.485533e-02	2.134450e-01	1.808503e-01	6.821553e-03	-7.285475e-04	1.009200e-03	-4.824058e-03	-2.269763e-02	3.704700e-02	-3.994518e-04	-9.548737e-06	-1.580607e-04	-1.437201e-01	3.500529e-02	2.467522e-03	-3.455091e-02	1.559134e-02	-1.207128e-02	-8.259357e-03	-8.681966e-12	-1.211610e-04	-1.224279e-04	
-5.389779e-04	4.082654e-03	-5.703273e-04	-4.716626e-02	-9.993107e-04	-5.003513e-02	-2.587354e-04	1.750947e-01	3.500165e-02	1.361562e-01	9.985644e-02	5.669711e-03	-5.972713e-04	5.537125e-04	1.292969e-04	-7.765809e-02	-8.102904e-02	-1.172351e-03	1.314864e-04	-4.541010e-04	4.741080e-03	1.716749e-02	-1.947518e-03	3.507216e-02	1.725146e-02	-1.192448e-02	-8.496523e-03	-8.681966e-12	-1.211610e-04	-1.224279e-04	
-5.389779e-04	4.403770e-02	-5.703273e-04	-4.860370e-02	-9.993107e-04	-5.047378e-02	-2.587354e-04	1.082961e-01	3.785443e-02	1.346598e-01	1.130970e-01	5.857305e-03	-7.458444e-04	8.085319e-04	2.833045e-03	-1.856255e-03	1.319807e-02	1.679383e-04	-1.483651e-04	2.559876e-04	-1.834577e-01	2.296575e-02	2.361543e-03	-2.233082e-03	-5.203863e-03	-1.176889e-02	-8.729487e-03	-8.681966e-12	-1.211610e-04	-1.224279e-04	
-5.389779e-04	1.738808e-01	-5.703273e-04	-5.003719e-02	-9.993107e-04	-5.091969e-02	-2.587354e-04	2.079963e-03	3.707018e-02	1.583080e-01	1.179612e-01	5.401428e-03	-7.434096e-04	1.317524e-03	-8.063939e-04	2.329855e-02	4.814915e-03	-4.746817e-04	2.639078e-06	5.099573e-04	-1.560432e-01	2.942446e-02	-3.003026e-02	-1.495677e-02	9.877665e-03	-1.160500e-02	-8.957809e-03	-8.681966e-12	-1.211610e-04	-1.224279e-04	
-5.389779e-04	1.961744e-01	-5.703273e-04	-5.146519e-02	-9.993107e-04	-5.137276e-02	-2.587354e-04	-4.248075e-02	5.083271e-02	1.090668e-01	1.661547e-01	4.612080e-03	-1.361785e-03	1.324298e-03	1.373827e-02	-4.958038e-02	4.813828e-02	-8.073065e-04	-6.181752e-04	7.551076e-06	-5.199904e-02	3.340864e-02	7.475636e-03	2.071576e-02	2.173865e-02	-1.143329e-02	-9.181058e-03	-8.681966e-12	-1.211610e-04	-1.224279e-04	
-5.389779e-04	1.078808e-01	-5.703273e-04	-5.288609e-02	-9.993107e-04	-5.183254e-02	-2.587354e-04	7.172445e-02	5.471542e-02	1.089005e-01	1.798057e-01	4.521951e-03	-8.631029e-04	1.071289e-03	3.856605e-03	-4.942844e-04	1.359032e-02	-1.072476e-04	4.988760e-04	-2.524060e-04	-1.755113e-01	5.396602e-02	6.965647e-03	3.485592e-02	-2.751523e-02	-1.125424e-02	-9.398806e-03	-8.681966e-12	-1.211610e-04	-1.224279e-04	
-5.389779e-04	-1.330741e-03	-5.703273e-04	-5.429827e-02	-9.993107e-04	-5.229829e-02	-2.587354e-04	1.817954e-01	3.556513e-02	1.065079e-01	1.797947e-01	3.172240e-03	-7.008929e-04	8.916389e-04	-1.917795e-02	-2.709253e-03	-7.656709e-05	-1.365999e-03	1.623984e-04	-1.792069e-04	-1.305024e-01	5.749923e-02	-1.885482e-02	-4.244194e-02	-3.741479e-02	-1.106835e-02	-9.610631e-03	-8.681966e-12	-1.211610e-04	-1.224279e-04	
-5.389779e-04	-8.221275e-02	-5.703273e-04	-5.570013e-02	-9.993107e-04	-5.276907e-02	-2.587354e-04	2.219306e-01	4.199778e-02	9.245481e-02	1.643596e-01	3.305615e-03	-7.154360e-04	9.972309e-04	6.403645e-03	-1.435789e-02	-1.550490e-02	1.179060e-04	-1.436121e-05	1.058874e-04	-1.919674e-01	5.258116e-02	-2.340066e-02	3.200093e-02	5.330673e-02	-1.087610e-02	-9.816120e-03	-8.681966e-12	-1.211610e-04	-1.224279e-04	
-5.389779e-04	-1.289573e-01	-5.703273e-04	-5.709009e-02	-9.993107e-04	-5.324383e-02	-2.587354e-04	2.994570e-01	3.445513e-02	1.201275e-01	1.292407e-01	3.860882e-03	-6.910313e-04	7.911705e-04	-7.572741e-03	2.737990e-02	-3.519259e-02	5.406052e-04	2.458059e-05	-2.059005e-04	-1.339547e-01	3.516203e-02	-9.567279e-03	1.241344e-02	-2.003174e-02	-1.067799e-02	-1.001487e-02	-8.681966e-12	-1.211610e-04	-1.224279e-04	
-5.389779e-04	-1.012441e-01	-5.703273e-04	-5.846658e-02	-9.993107e-04	-5.372148e-02	-2.587354e-04	3.031007e-01	3.413481e-02	1.525211e-01	1.643169e-01	3.702044e-03	-8.049681e-04	1.006304e-03	-3.512861e-04	3.211286e-02	3.499926e-02	-1.727065e-04	-1.137674e-04	2.151692e-04	-1.443605e-01	4.512745e-02	-3.045927e-02	-3.183274e-02	-4.020147e-02	-1.047450e-02	-1.020649e-02	-8.681966e-12	-1.211610e-04	-1.224279e-04	
-5.389779e-04	6.317786e-02	-5.703273e-04	-5.982808e-02	-9.993107e-04	-5.420093e-02	-2.587354e-04	1.922265e-01	3.015986e-02	1.214417e-01	1.857262e-01	4.386438e-03	-8.960049e-04	6.379352e-04	-4.006610e-03	-3.134773e-02	2.132960e-02	6.712988e-04	-9.087378e-05	-3.684469e-04	-1.244996e-01	4.470300e-02	-2.092715e-02	-2.619513e-03	5.250550e-02	-1.026613e-02	-1.039059e-02	-8.681966e-12	-1.211610e-04	-1.224279e-04	
-5.389779e-04	1.841416e-01	-5.703273e-04	-6.117306e-02	-9.993107e-04	-5.468109e-02	-2.587354e-04	4.924901e-02	2.479943e-02	1.074798e-01	1.879587e-01	4.197308e-03	-1.007452e-03	8.562543e-04	-5.392577e-03	-1.421810e-02	2.150487e-03	-2.014645e-04	-1.112905e-04	2.181376e-04	-1.882627e-01	4.101909e-02	-1.161903e-03	1.441916e-02	1.114970e-02	-1.005336e-02	-1.056682e-02	-8.681966e-12	-1.211610e-04	-1.224279e-04	
-5.389779e-04	1.827300e-01	-5.703273e-04	-6.250000e-02	-9.993107e-04	-5.516087e-02	-2.587354e-04	-6.326748e-02	2.753389e-02	1.144225e-01	1.293236e-01	2.925049e-03	-4.572924e-04	8.283291e-04	2.701972e-03	6.698890e-03	-5.871890e-02	-1.283856e-03	5.503107e-04	-2.820043e-05	-8.153313e-02	2.141126e-02	-1.325202e-02	-2.719218e-03	-3.281036e-02	-9.836663e-03	-1.073481e-02	-8.681966e-12	-1.211610e-04	-1.224279e-04	
-5.389779e-04	2.310936e-01	-5.703273e-04	-6.380722e-02	-9.993106e-04	-5.563920e-02	-2.587354e-04	-1.323743e-01	3.075463e-02	8.375404e-02	8.335025e-02	3.186262e-03	4.260778e-04	8.031562e-04	3.188075e-03	-3.090018e-02	-4.605869e-02	2.503328e-04	8.835158e-04	-2.553347e-05	-1.040834e-01	1.676911e-02	-4.169260e-02	-6.170657e-03	-1.359778e-02	-9.616522e-03	-1.089423e-02	-8.681966e-12	-1.211610e-04	-1.224279e-04	
-5.389779e-04	2.969285e-01	-5.703273e-04	-5.485055e-02	-9.993106e-04	-5.611500e-02	-2.587354e-04	-1.673696e-01	2.421266e-02	7.107162e-02	5.751715e-02	4.233869e-03	-9.033085e-05	7.926552e-04	-6.574674e-03	-1.290209e-02	-2.591942e-02	1.037425e-03	-5.162683e-04	-1.093834e-05	-1.195755e-01	1.072884e-02	-4.366207e-02	-1.009809e-02	4.640279e-02	-9.393404e-03	-1.104475e-02	-8.681966e-12	-1.211610e-04	-1.224279e-04	
-5.389779e-04	2.453874e-01	-5.703273e-04	5.772855e-02	-9.993106e-04	-5.658717e-02	-2.587354e-04	-1.799504e-01	3.083696e-02	1.406589e-01	9.541132e-02	4.750750e-03	-1.959946e-04	8.058113e-04	6.591674e-03	6.937951e-02	3.780717e-02	5.073731e-04	-1.055279e-04	1.264940e-05	-9.278546e-02	1.788408e-02	-2.711785e-02	-1.495161e-02	2.657568e-02	-9.167769e-03	-1.118608e-02	-8.681966e-12	-1.211610e-04	-1.224279e-04	
-5.389779e-04	1.163204e-01	-5.703273e-04	2.317407e-01	-9.993106e-04	-5.705465e-02	-2.587354e-04	-1.789600e-01	3.090705e-02	1.208026e-01	1.198120e-01	4.901636e-03	-2.657438e-04	6.258355e-04	3.767894e-05	-2.005245e-02	2.431335e-02	1.420316e-04	-6.961737e-05	-1.805447e-04	-1.732344e-01	1.922544e-02	-2.177504e-02	-2.970511e-02	-7.405343e-03	-8.940072e-03	-1.131792e-02	-8.681966e-12	-1.211610e-04	-1.224279e-04	
-5.389779e-04	-7.362006e-03	-5.703273e-04	2.839103e-01	-9.993106e-04	-5.751635e-02	-2.587353e-04	-1.707734e-01	2.395780e-02	7.396939e-02	7.794299e-02	4.245065e-03	-4.869533e-06	5.213601e-04	-6.981367e-03	-4.701796e-02	-4.195629e-02	-6.647990e-04	2.610030e-04	-1.050999e-04	-9.226977e-02	1.127700e-02	-2.517120e-02	1.133871e-02	3.698777e-02	-8.710755e-03	-1.144002e-02	-8.681966e-12	-1.211610e-04	-1.224279e-04	
-5.389779e-04	-9.125785e-02	-5.703273e-04	3.040768e-01	-9.993106e-04	-5.797119e-02	-2.587353e-04	-1.600199e-01	3.011817e-02	7.445887e-02	9.235104e-02	3.664779e-03	3.955183e-05	3.098104e-04	6.128653e-03	3.158907e-04	1.432104e-02	-5.879070e-04	4.454748e-05	-2.122239e-04	-1.716738e-01	1.975090e-02	-1.500792e-02	-1.362353e-02	2.686094e-02	-8.480253e-03	-1.155213e-02	-8.681966e-12	-1.211610e-04	-1.224279e-04	
-5.389779e-04	-1.373982e-01	-5.703273e-04	3.733675e-01	-9.993106e-04	-5.828879e-02	-2.587353e-04	-1.496961e-01	1.825499e-02	7.318453e-02	1.246224e-01	2.405626e-03	2.418446e-04	4.884178e-06	-1.189443e-02	-1.437178e-03	3.218491e-02	-1.266195e-03	2.024173e-04	-3.056442e-04	-9.985302e-02	2.432250e-02	-2.004675e-02	4.203073e-03	-1.432146e-02	-8.248988e-03	-1.165402e-02	-8.681966e-12	-1.211610e-04	-1.224279e-04	
-5.389779e-04	-1.573903e-01	-5.703273e-04	3.489314e-01	-9.993106e-04	-2.758572e-02	-2.587353e-04	-1.413052e-01	2.963726e-02	6.238396e-02	8.484767e-02	2.849371e-03	2.615396e-04	8.545539e-05	1.135157e-02	-1.095281e-02	-3.986046e-02	4.372619e-04	1.981775e-05	7.981472e-05	-1.502684e-01	1.271515e-02	-2.669106e-02	1.850270e-02	8.893571e-03	-8.017371e-03	-1.174551e-02	-8.681966e-12	-1.211610e-04	-1.224279e-04	
-5.389779e-04	-1.611211e-01	-5.703273e-04	2.226872e-01	-9.993106e-04	1.278405e-01	-2.587353e-04	-1.352287e-01	2.935972e-02	5.721778e-02	8.639276e-02	4.110170e-03	2.521742e-04	2.820514e-04	-3.075999e-04	-5.308002e-03	1.460347e-03	1.254856e-03	-9.246355e-06	1.958069e-04	-1.552235e-01	2.397750e-02	-2.136454e-02	1.764904e-02	1.087044e-02	-7.785804e-03	-1.182641e-02	-8.681966e-12	-1.211610e-04	-1.224279e-04	
-5.389779e-04	-1.555454e-01	-5.703273e-04	8.142742e-02	-9.993106e-04	2.735259e-01	-2.587353e-04	-1.311885e-01	2.938038e-02	9.142710e-02	1.026472e-01	3.474477e-03	2.614751e-04	2.758474e-04	-8.703475e-06	3.407745e-02	1.617086e-02	-6.411213e-04	9.418169e-06	-7.022062e-06	-1.512475e-01	3.277259e-02	-5.592900e-02	-5.133966e-02	1.332992e-02	-7.554668e-03	-1.189658e-02	-8.681966e-12	-1.211610e-04	-1.224279e-04	
-5.389779e-04	-1.456727e-01	-5.703273e-04	-2.339700e-02	-9.993106e-04	2.875427e-01	-2.587353e-04	-1.286877e-01	2.932418e-02	7.460666e-02	1.196213e-01	2.865299e-03	1.237397e-04	4.057566e-04	-8.486651e-05	-1.694270e-02	1.689189e-02	-6.141184e-04	-1.376189e-04	1.290660e-04	-1.528887e-01	3.528969e-02	-3.393268e-02	-1.199341e-02	5.109897e-02	-7.324340e-03	-1.195588e-02	-8.681966e-12	-1.211610e-04	-1.224279e-04	
-5.389779e-04	-1.349968e-01	-5.703273e-04	-8.585428e-02	-9.993106e-04	3.253936e-01	-2.587353e-04	-1.272072e-01	1.414005e-02	6.599848e-02	1.224497e-01	3.664090e-03	2.462893e-04	6.381640e-04	-1.521205e-02	-8.721349e-03	2.747724e-03	7.943153e-04	1.226663e-04	2.315425e-04	-1.493478e-01	2.561516e-02	-1.945041e-04	1.905816e-02	2.996102e-02	-7.095174e-03	-1.200422e-02	-8.681966e-12	-1.211610e-04	-1.224279e-04	
-5.389779e-04	-1.255613e-01	-5.703273e-04	-1.168745e-01	-9.993106e-04	3.841355e-01	-2.587353e-04	-1.263510e-01	2.848064e-02	9.012954e-02	1.368357e-01	3.502796e-03	4.595623e-04	5.177138e-04	1.431342e-02	2.402662e-02	1.430692e-02	-1.653326e-04	2.133909e-04	-1.213337e-04	-1.546898e-01	2.527990e-02	-4.011761e-03	-3.617023e-02	-2.382584e-02	-6.867515e-03	-1.204152e-02	-8.681966e-12	-1.211610e-04	-1.224279e-04	
-5.389779e-04	-1.182091e-01	-5.703273e-04	-1.210156e-01	-9.993106e-04	3.288626e-01	-2.587353e-04	-1.258535e-01	2.079432e-02	6.171391e-02	1.079842e-01	2.901640e-03	6.537864e-04	6.177147e-04	-7.712713e-03	-2.851182e-02	-2.892892e-02	-6.047804e-04	1.943441e-04	9.910163e-05	-1.216345e-01	2.150120e-02	-3.637702e-02	-4.756810e-02	2.376395e-02	-6.641691e-03	-1.206773e-02	-8.681966e-12	-1.211610e-04	-1.224279e-04	
-5.389779e-04	-1.129228e-01	-5.703273e-04	-2.021436e-02	-9.993106e-04	1.928281e-01	-2.587353e-04	-1.255475e-01	2.895179e-02	-1.067133e-01	8.250440e-02	-8.470836e-04	5.045676e-04	1.019461e-03	8.131851e-03	-1.685155e-01	-2.555537e-02	-3.751957e-03	-1.490961e-04	4.008336e-04	1.869048e-01	2.759971e-03	5.100109e-02	2.944549e-02	3.741255e-02	-6.418013e-03	-1.208283e-02	-8.681966e-12	-1.211610e-04	-1.224279e-04	
-5.389779e-04	-1.092957e-01	-5.703273e-04	1.662640e-01	-9.993106e-04	6.049273e-02	-2.587353e-04	-1.253580e-01	8.436940e-03	-9.237923e-01	1.238811e-01	-2.290565e-02	3.720510e-03	2.070272e-03	-2.053970e-02	-8.171599e-01	4.130294e-02	-2.206144e-02	3.216068e-03	1.049888e-03	1.968705e+00	-7.528156e-03	1.904064e-01	-2.813046e-02	-8.172651e-02	-6.196778e-03	9.879132e-01	-8.681966e-12	-1.211610e-04	-1.224279e-04	
-5.389779e-04	-1.068372e-01	-5.703273e-04	2.381539e-01	-9.993106e-04	-3.095794e-02	-2.587353e-04	-1.252521e-01	-5.548192e-03	-1.433896e-01	-3.513302e-02	-1.707866e-02	4.228754e-03	3.644600e-04	-1.400920e-02	7.803288e-01	-1.590860e-01	5.824472e-03	5.083747e-04	-1.706745e-03	1.120385e+00	-7.620901e-02	9.940199e-02	1.040368e-01	-7.714173e-02	-5.978266e-03	-1.207974e-02	-8.681966e-12	-1.211610e-04	-1.224279e-04	
-5.389779e-04	-1.051322e-01	-5.703273e-04	1.764621e-01	-9.993106e-04	-8.263040e-02	-2.587353e-04	-1.251930e-01	-1.421566e-02	-6.020951e-02	-9.390364e-02	-1.209048e-02	2.387836e-03	-3.075802e-04	-8.690782e-03	8.311287e-02	-5.884062e-02	4.985979e-03	-1.840783e-03	-6.729799e-04	2.921062e-01	-7.345317e-02	-2.125092e-02	7.825980e-02	-6.921908e-02	-5.762739e-03	-1.206164e-02	-8.681966e-12	-1.211610e-04	-1.224279e-04	
-5.389779e-04	-1.038853e-01	-5.703273e-04	7.390304e-02	-9.993106e-04	-1.064058e-01	-2.587353e-04	-1.251693e-01	-3.975121e-03	-1.116616e-01	-4.575618e-02	-1.055855e-02	1.543867e-03	-4.696172e-04	1.021797e-02	-5.151317e-02	4.807932e-02	1.530036e-03	-8.438294e-04	-1.629825e-04	9.495585e-03	-4.633549e-03	-1.228881e-02	1.014895e-01	-5.226545e-02	-5.550446e-03	-1.203261e-02	-8.681966e-12	-1.211610e-04	-1.224279e-04	
-5.389779e-04	-1.029028e-01	-5.703273e-04	-1.079859e-02	-9.993106e-04	-1.127220e-01	-2.587353e-04	-1.251564e-01	3.180489e-03	-1.925576e-01	-3.899802e-02	-9.333068e-03	1.716090e-03	-2.374542e-04	7.133781e-03	-8.095124e-02	6.691926e-03	1.223864e-03	1.723685e-04	2.312132e-04	-4.981472e-02	-1.243500e-02	-3.250873e-02	7.461688e-02	-7.904030e-02	-5.341614e-03	-1.199275e-02	-8.681966e-12	-1.211610e-04	-1.224279e-04	
-5.389779e-04	-1.020894e-01	-5.703273e-04	-6.592949e-02	-9.993106e-04	-1.089841e-01	-2.587353e-04	-1.251496e-01	2.112242e-02	-9.753818e-02	1.954795e-01	-7.903066e-03	9.663085e-04	1.092989e-04	1.792081e-02	9.496964e-02	2.344132e-01	1.428648e-03	-7.496302e-04	3.458002e-04	2.466005e-01	6.535806e-02	2.456325e-02	7.497580e-02	-5.533283e-02	-5.136457e-03	-1.194221e-02	-8.681966e-12	-1.211610e-04	-1.224279e-04	
-5.389779e-04	-1.013812e-01	-5.703273e-04	-9.757404e-02	-9.993106e-04	-1.004824e-01	-2.587353e-04	-1.251524e-01	1.287456e-02	-2.607107e-01	1.965021e-01	-5.398529e-03	2.929566e-03	-1.913177e-04	-8.268268e-03	-1.632172e-01	9.600558e-04	2.503425e-03	1.963415e-03	-3.015717e-04	1.872196e-01	8.152716e-02	6.584649e-02	5.762969e-02	-4.350727e-02	-4.935171e-03	-1.188114e-02	-8.681966e-12	-1.211610e-04	-1.224279e-04	
-5.389779e-04	-1.007409e-01	-5.703273e-04	-1.129766e-01	-9.993106e-04	-9.089507e-02	-2.587353e-04	-1.251682e-01	8.977272e-03	-4.553992e-01	9.259345e-02	-6.073769e-03	2.041787e-03	-2.515131e-04	-3.917042e-03	-1.947286e-01	-1.039693e-01	-6.761253e-04	-8.876153e-04	-6.115183e-05	1.633088e-01	4.229913e-02	2.207206e-02	1.260016e-02	-5.420533e-02	-4.737934e-03	-1.180972e-02	-8.681966e-12	-1.211610e-04	-1.224279e-04	
-5.389779e-04	-1.001610e-01	-5.703273e-04	-1.174307e-01	-9.993106e-04	-7.748400e-02	-2.587353e-04	-1.251996e-01	3.886461e-03	-3.079008e-01	8.144435e-02	-6.882856e-03	1.514553e-03	-8.970634e-05	-5.109905e-03	1.474627e-01	-1.120793e-02	-8.097647e-04	-5.270646e-04	1.608498e-04	1.739045e-02	3.008181e-02	4.149066e-02	5.115828e-02	-1.887485e-02	-4.544909e-03	-1.172818e-02	-8.681966e-12	-1.211610e-04	-1.224279e-04	
-5.389779e-04	-9.965911e-02	-5.703273e-04	-1.151266e-01	-9.993106e-04	1.927127e-02	-2.587353e-04	-1.252625e-01	4.548103e-03	-2.033907e-01	4.478752e-02	-6.303785e-03	1.158001e-03	-6.865362e-05	6.512611e-04	1.045145e-01	-3.668754e-02	5.803551e-04	-3.562394e-04	2.013711e-05	-3.311929e-02	2.207403e-02	2.466636e-02	2.261968e-02	-3.440916e-02	-4.359075e-03	-1.163934e-02	-8.681966e-12	-1.211610e-04	-1.224279e-04	
-5.389779e-04	-9.920289e-02	-5.703273e-04	-1.095780e-01	-9.993106e-04	2.042884e-01	-2.587353e-04	-1.253423e-01	2.018490e-04	-1.311426e-01	6.376272e-02	-6.364496e-03	1.355209e-03	-1.090889e-04	-4.356634e-03	7.225247e-02	1.894451e-02	-5.942448e-05	1.975205e-04	-4.135089e-05	-1.070351e-01	1.239535e-02	2.315140e-02	1.348707e-02	-7.048970e-04	-4.177351e-03	-1.154084e-02	-8.681966e-12	-1.211610e-04	-1.224279e-04	
-5.389779e-04	-9.879296e-02	-5.703273e-04	-1.034136e-01	-9.993106e-04	2.805153e-01	-2.587353e-04	-1.241431e-01	-2.245016e-03	-2.416485e-02	1.657473e-02	-6.421420e-03	1.663924e-03	-1.305604e-04	-2.457248e-03	1.069821e-01	-4.721869e-02	-5.563859e-05	3.090281e-04	-2.238704e-05	-4.147699e-02	1.101454e-02	1.626507e-02	4.348041e-02	-1.820188e-02	-3.999881e-03	-1.143295e-02	-8.681966e-12	-1.211610e-04	-1.224279e-04	
-5.389779e-04	-9.842979e-02	-5.703273e-04	-9.811111e-02	-9.993106e-04	2.179504e-01	-2.587353e-04	-6.500937e-02	9.717287e-03	1.699015e-02	5.198675e-02	-6.357193e-03	2.029389e-03	-2.526079e-04	1.195192e-02	4.115939e-02	3.538132e-02	6.551117e-05	3.657778e-04	-1.229632e-04	-1.009080e-01	2.076793e-02	1.335604e-03	5.840498e-03	-5.053516e-02	-3.826793e-03	-1.131594e-02	-8.681966e-12	-1.211610e-04	-1.224279e-04	
-5.389779e-04	-9.811372e-02	-5.703273e-04	-9.421700e-02	-9.993106e-04	1.097106e-01	-2.587353e-04	1.112793e-01	9.803602e-03	-7.261117e-03	7.619599e-02	-5.379092e-03	1.857395e-03	-5.367740e-04	7.593353e-05	-2.424687e-02	2.417855e-02	9.793879e-04	-1.716822e-04	-2.850817e-04	-9.229619e-02	5.650283e-02	-1.058450e-02	2.813210e-02	1.639040e-02	-3.658195e-03	-1.119013e-02	-8.681966e-12	-1.211610e-04	-1.224279e-04	
-5.389779e-04	-9.585653e-02	-5.703273e-04	-9.170280e-02	-9.993106e-04	1.885357e-02	-2.587353e-04	2.211017e-01	-6.654311e-03	3.522098e-03	7.168707e-02	-5.516122e-03	1.695311e-03	-9.903221e-04	-1.646829e-02	1.078760e-02	-4.539627e-03	-1.357434e-04	-1.617705e-04	-4.544636e-04	-1.423697e-01	4.371173e-02	-8.308665e-03	-1.324161e-02	-1.817678e-02	-3.494181e-03	-1.105584e-02	-8.681966e-12	-1.211610e-04	-1.224279e-04	
-5.389779e-04	-2.797678e-02	-5.703273e-04	-9.023023e-02	-9.993106e-04	-4.077655e-02	-2.587353e-04	1.816635e-01	-1.215019e-02	-8.171106e-02	5.537686e-02	-5.298294e-03	2.152912e-03	-1.146965e-03	-5.506255e-03	-8.522874e-02	-1.634089e-02	2.191133e-04	4.579131e-04	-1.575583e-04	-6.217572e-02	5.383544e-02	-2.770364e-03	3.452551e-02	1.307983e-02	-3.334827e-03	-1.091340e-02	-8.681966e-12	-1.211610e-04	-1.224279e-04	
-5.389779e-04	1.512066e-01	-5.703273e-04	-8.943985e-02	-9.993106e-04	-7.519754e-02	-2.587353e-04	7.509459e-02	-1.375552e-02	-1.320917e-01	5.143333e-02	-4.827926e-03	1.948779e-03	-1.146312e-03	-1.615714e-03	-5.037625e-02	-3.974240e-03	4.716530e-04	-2.038200e-04	-2.629085e-07	-1.184956e-01	3.847999e-02	-4.942225e-03	-2.529986e-02	1.168464e-02	-3.180196e-03	-1.076318e-02	-8.681966e-12	-1.211610e-04	-1.224279e-04	
-5.389779e-04	2.511668e-01	-5.703273e-04	-7.582404e-02	-9.993106e-04	-9.215908e-02	-2.587353e-04	-2.307487e-02	-7.483282e-03	-1.638743e-01	1.376057e-02	-4.883223e-03	1.987744e-03	-1.145626e-03	6.261858e-03	-3.177826e-02	-3.770345e-02	-5.401212e-05	3.927742e-05	-2.295875e-07	-1.261616e-01	3.928967e-02	2.301277e-02	5.479727e-02	1.350833e-02	-3.030331e-03	-1.060556e-02	-8.681966e-12	-1.211610e-04	-1.224279e-04	
-5.389779e-04	2.042936e-01	-5.703273e-04	4.744851e-02	-9.993106e-04	-9.734918e-02	-2.587353e-04	-9.015916e-02	-6.060194e-02	-3.664318e-01	-5.177615e-01	-3.027140e-03	2.114214e-04	1.142291e-03	-5.312904e-02	-2.025530e-01	-5.315528e-01	1.857370e-03	-1.776010e-03	2.287001e-03	8.787628e-01	-2.913847e-01	2.441064e-02	-1.103826e-02	4.475097e-02	-2.885264e-03	-1.044092e-02	-8.681966e-12	-1.211610e-04	-1.224279e-04	
-5.389779e-04	9.678043e-02	-5.703273e-04	2.187736e-01	-9.993106e-04	-9.523162e-02	-2.587353e-04	-1.221998e-01	-2.263687e-02	-8.065678e-02	-2.781824e-01	-3.439879e-03	-8.803755e-04	7.136732e-04	3.795468e-02	2.857794e-01	2.395484e-01	-4.114540e-04	-1.091484e-03	-4.295331e-04	4.572766e-01	-1.918685e-01	-9.715762e-02	-7.568418e-02	-6.145894e-02	-2.745012e-03	-1.026967e-02	-8.681966e-12	-1.211610e-04	-1.224279e-04	
-5.389779e-04	6.323779e-04	-5.703273e-04	2.548447e-01	-9.993106e-04	-8.952713e-02	-2.587353e-04	-3.842618e-02	-8.119752e-03	7.713344e-02	-8.450273e-02	-1.417225e-03	-1.241820e-03	1.569147e-04	1.450674e-02	1.577946e-01	1.936490e-01	2.023940e-03	-3.611315e-04	-5.576741e-04	3.119416e-01	-4.712062e-02	-2.670515e-02	4.849419e-02	5.292989e-03	-2.609578e-03	-1.009222e-02	-8.681966e-12	-1.211610e-04	-1.224279e-04	
-5.389779e-04	-6.423612e-02	-5.703273e-04	1.716661e-01	-9.993106e-04	-8.298505e-02	-2.587353e-04	1.320861e-01	-2.768813e-02	7.831479e-02	1.057027e-02	-4.857830e-04	-1.395576e-03	-4.077798e-04	-1.957876e-02	1.185732e-03	9.504230e-02	9.327277e-04	-1.534442e-04	-5.656102e-04	-3.827462e-04	-3.171268e-02	-2.354247e-02	-3.207450e-02	-1.590904e-02	-2.478951e-03	-9.909001e-03	-8.681966e-12	-1.211610e-04	-1.224279e-04	
-5.389779e-04	-1.024104e-01	-5.703273e-04	6.341903e-02	-9.993106e-04	-7.724039e-02	-2.587353e-04	2.016986e-01	-1.642890e-02	3.597220e-02	-2.285774e-02	-9.150283e-04	-1.066291e-03	-7.229966e-04	1.124886e-02	-4.233816e-02	-3.345870e-02	-4.279595e-04	3.295980e-04	-3.161324e-04	-5.796368e-02	-2.379368e-02	-9.652302e-03	3.570279e-02	2.735564e-02	-2.353111e-03	-9.720442e-03	-8.681966e-12	-1.211610e-04	-1.224279e-04	
-5.389779e-04	-1.219359e-01	-5.703273e-04	-2.041173e-02	-9.993106e-04	-7.292107e-02	-2.587353e-04	2.521074e-01	-1.663163e-02	2.388495e-02	-2.440087e-02	-2.501401e-04	-9.739116e-04	-4.100324e-04	-2.131105e-04	-1.208289e-02	-1.573823e-03	6.661742e-04	9.269212e-05	3.120486e-04	-1.286968e-01	-2.249785e-02	-3.494474e-02	-3.226116e-02	-1.319806e-02	-2.232024e-03	-9.526980e-03	-8.681966e-12	-1.211610e-04	-1.224279e-04	
-5.389779e-04	-1.288784e-01	-5.703273e-04	-7.319131e-02	-9.993106e-04	-7.000286e-02	-2.587353e-04	3.226593e-01	-1.691811e-02	-4.795928e-03	-6.664564e-02	-5.822728e-04	-4.653417e-04	-4.140153e-04	-2.968677e-04	-2.867647e-02	-4.227546e-02	-3.308477e-04	5.088826e-04	-4.898578e-06	-8.173887e-02	-2.782595e-02	-4.115061e-02	-3.520504e-02	3.972755e-02	-2.115646e-03	-9.329060e-03	-8.681966e-12	-1.211610e-04	-1.224279e-04	
-5.389779e-04	-1.278732e-01	-5.703273e-04	-6.861729e-02	-9.993106e-04	-6.819439e-02	-2.587353e-04	2.815998e-01	-1.652351e-02	-3.650011e-02	-7.559697e-02	-5.726071e-04	-7.143787e-04	-4.099161e-04	3.842201e-04	-3.169979e-02	-8.982041e-03	1.095168e-05	-2.487244e-04	3.183688e-06	-1.371955e-01	-4.412761e-02	-3.412564e-02	-2.176025e-02	4.113381e-02	-2.003923e-03	-9.127126e-03	-8.681966e-12	-1.211610e-04	-1.224279e-04	
-5.389779e-04	-1.227721e-01	-5.703273e-04	7.715321e-02	-9.993106e-04	-6.709392e-02	-2.587353e-04	1.482962e-01	-1.663207e-02	-9.210324e-02	-6.723471e-02	2.546474e-04	-4.812799e-04	-4.114239e-04	-1.189425e-04	-5.559876e-02	8.331575e-03	8.285403e-04	2.334113e-04	-2.423382e-06	-7.273792e-02	-2.732155e-02	-7.048941e-03	1.307941e-02	3.403665e-02	-1.896792e-03	-8.921626e-03	-8.681966e-12	-1.211610e-04	-1.224279e-04	
-5.389779e-04	-1.165101e-01	-5.703273e-04	2.164637e-01	-9.993106e-04	-4.080368e-02	-2.587353e-04	1.027410e-02	-1.608814e-02	-7.854199e-02	-8.895223e-02	-8.977466e-04	-6.922859e-04	-5.776575e-04	5.335521e-04	1.356569e-02	-2.174820e-02	-1.151109e-03	-2.106932e-04	-1.671493e-04	-7.677453e-02	-4.993924e-02	-3.573663e-02	-3.486690e-02	-1.029542e-02	-1.794182e-03	-8.713006e-03	-8.681966e-12	-1.211610e-04	-1.224279e-04	
-5.389779e-04	-1.108881e-01	-5.703273e-04	2.110121e-01	-9.993106e-04	1.081027e-01	-2.587353e-04	-8.847082e-02	-1.591573e-02	-9.350474e-02	-5.490710e-02	-1.211687e-03	-8.582842e-04	-4.051846e-04	1.620354e-04	-1.495837e-02	3.401442e-02	-3.126544e-04	-1.656859e-04	1.715574e-04	-1.059576e-01	-1.693287e-02	-3.271306e-02	-4.072244e-02	5.779963e-03	-1.696012e-03	-8.501711e-03	-8.681966e-12	-1.211610e-04	-1.224279e-04	
-5.389779e-04	-1.066716e-01	-5.703273e-04	1.181283e-01	-9.993106e-04	2.619662e-01	-2.587353e-04	-1.458101e-01	-1.580386e-02	-8.845404e-02	-5.010943e-02	-6.331170e-04	-7.914173e-04	-4.042889e-04	1.014841e-04	5.055068e-03	4.766973e-03	5.798551e-04	6.717951e-05	-1.988507e-08	-1.414620e-01	-2.878648e-02	-1.676138e-02	5.688645e-04	6.497266e-02	-1.602197e-03	-8.288181e-03	-8.681966e-12	-1.211610e-04	-1.224279e-04	
-5.389779e-04	-1.039271e-01	-5.703273e-04	5.540908e-02	-9.993106e-04	2.674921e-01	-2.587353e-04	-1.731549e-01	-1.546826e-02	-2.312616e-02	-3.797831e-02	-6.730515e-04	-1.003797e-03	-2.056067e-04	3.252238e-04	6.533227e-02	1.210043e-02	-3.864855e-05	-2.120673e-04	1.977665e-04	-8.322440e-02	-2.701414e-02	3.322858e-03	-2.165135e-02	-2.988596e-03	-1.512643e-03	-8.072853e-03	-8.681966e-12	-1.211610e-04	-1.224279e-04	
-5.389779e-04	-1.023835e-01	-5.703273e-04	1.462076e-01	-9.993106e-04	1.725820e-01	-2.587353e-04	-1.813559e-01	-1.541276e-02	-2.102583e-02	4.049094e-02	-3.877905e-04	-1.142936e-03	1.731341e-04	4.511497e-05	2.104715e-03	7.843854e-02	2.865463e-04	-1.388263e-04	3.778253e-04	-5.735291e-02	-1.201975e-03	-1.735886e-03	-4.233187e-02	-2.452612e-02	-1.427253e-03	-7.856155e-03	-8.681966e-12	-1.211610e-04	-1.224279e-04	
-5.389779e-04	-1.016874e-01	-5.703273e-04	2.475262e-01	-9.993106e-04	6.714299e-02	-2.587353e-04	-1.783103e-01	-1.260820e-02	-5.259579e-02	1.586255e-02	-1.168901e-03	-1.138546e-03	9.201434e-05	2.794185e-03	-3.156557e-02	-2.465909e-02	-7.798244e-04	4.703254e-06	-8.203539e-05	-8.001068e-02	3.022658e-03	1.249542e-03	-5.099790e-03	3.287197e-02	-1.345922e-03	-7.638509e-03	-8.681966e-12	-1.211610e-04	-1.224279e-04	
-5.389779e-04	-1.015332e-01	-5.703273e-04	2.405115e-01	-9.993106e-04	-1.022538e-02	-2.587353e-04	-1.697496e-01	-3.156428e-03	5.999676e-03	2.026656e-02	-1.143548e-03	-1.239575e-03	1.247516e-04	9.441388e-03	5.859986e-02	4.373305e-03	2.663860e-05	-1.007171e-04	3.182161e-05	-9.372054e-02	-9.422569e-03	5.456652e-03	-2.317747e-02	1.974396e-02	-1.268543e-03	-7.420329e-03	-8.681966e-12	-1.211610e-04	-1.224279e-04	
-5.389779e-04	-1.017013e-01	-5.703273e-04	2.776772e-01	-9.993106e-04	-5.785641e-02	-2.587353e-04	-1.597171e-01	-3.525421e-03	-1.607468e-03	9.276808e-03	-3.165413e-04	-9.714349e-04	2.257602e-04	-3.793740e-04	-7.602748e-03	-1.102044e-02	8.282925e-04	2.684530e-04	1.000931e-04	-9.686376e-02	-6.858501e-03	7.587273e-03	-2.522250e-02	-6.261156e-03	-1.195004e-03	-7.202017e-03	-8.681966e-12	-1.211610e-04	-1.224279e-04	
-5.389779e-04	-1.020516e-01	-5.703273e-04	3.317842e-01	-9.993106e-04	-8.374593e-02	-2.587353e-04	-1.357418e-01	3.772779e-03	-2.535262e-02	-4.739796e-03	-2.726443e-05	-1.038839e-03	2.272560e-04	7.287819e-03	-2.374076e-02	-1.404730e-02	2.905621e-04	-6.709177e-05	5.801879e-07	-1.096802e-01	-1.273623e-02	-1.469155e-02	-1.292228e-02	2.739864e-02	-1.125192e-03	-6.983962e-03	-8.681966e-12	-1.211610e-04	-1.224279e-04	
-5.389779e-04	-1.025019e-01	-5.703273e-04	2.732453e-01	-9.993106e-04	-9.481072e-02	-2.587353e-04	-1.141034e-03	-2.496301e-05	-4.896334e-02	3.371880e-03	-4.029651e-04	-1.338918e-03	2.951290e-04	-3.808125e-03	-2.360634e-02	8.080977e-03	-3.744146e-04	-2.997662e-04	6.695737e-05	-1.031004e-01	9.595895e-03	-6.091163e-04	-3.370156e-02	2.102204e-02	-1.058988e-03	-6.766544e-03	-8.681966e-12	-1.211610e-04	-1.224279e-04	
-5.389779e-04	-1.030067e-01	-5.703273e-04	1.418357e-01	-9.993106e-04	-9.611963e-02	-2.587353e-04	1.725560e-01	8.670400e-04	-1.943320e-02	7.632449e-02	-7.599153e-04	-1.176586e-03	5.077306e-04	8.816231e-04	2.953456e-02	7.292192e-02	-3.556651e-04	1.626448e-04	2.116860e-04	-3.348222e-02	2.195651e-02	-1.336488e-04	-5.426607e-02	1.222586e-02	-9.962753e-04	-6.550129e-03	-8.681966e-12	-1.211610e-04	-1.224279e-04	
-5.389779e-04	-9.681667e-02	-5.703273e-04	1.829072e-02	-9.993106e-04	-9.184501e-02	-2.587353e-04	2.063606e-01	8.039854e-03	-7.054306e-02	2.982075e-02	-4.125288e-04	-1.100637e-03	7.485708e-04	7.162435e-03	-5.110549e-02	-4.653444e-02	3.486728e-04	7.626132e-05	2.399247e-04	-3.102134e-02	3.767657e-03	1.564776e-02	-8.814571e-03	3.068781e-02	-9.369324e-04	-6.335065e-03	-8.681966e-12	-1.211610e-04	-1.224279e-04	
-5.389779e-04	2.329393e-03	-5.703273e-04	-6.470471e-02	-9.993106e-04	-8.534617e-02	-2.587353e-04	1.226197e-01	-5.667560e-03	-7.153130e-02	-3.067476e-02	-2.203255e-04	-1.144524e-03	6.632957e-04	-1.371779e-02	-9.838453e-04	-6.052620e-02	1.934889e-04	-4.357405e-05	-8.619077e-05	-7.342512e-02	-1.058734e-02	-3.777982e-04	-3.849944e-02	1.524462e-02	-8.808385e-04	-6.121689e-03	-8.681966e-12	-1.211610e-04	-1.224279e-04	
-5.389779e-04	1.810466e-01	-5.703273e-04	-1.099508e-01	-9.993106e-04	-7.884728e-02	-2.587353e-04	1.554235e-02	2.879067e-04	-3.855461e-02	-1.026220e-02	-4.803429e-04	-1.149082e-03	4.949516e-04	5.945084e-03	3.298109e-02	2.038185e-02	-2.587325e-04	-4.245987e-06	-1.692597e-04	-8.646686e-02	-1.357012e-03	3.976334e-03	-5.626872e-02	7.117643e-03	-8.278724e-04	-5.910322e-03	-8.681966e-12	-1.211610e-04	-1.224279e-04	
-5.389779e-04	2.432459e-01	-5.703273e-04	-1.292633e-01	-9.993106e-04	-5.033464e-02	-2.587353e-04	-6.689514e-02	3.368903e-03	-4.837592e-02	6.429914e-03	-7.210011e-04	-1.040299e-03	4.592394e-04	3.070617e-03	-9.816919e-03	1.666143e-02	-2.393725e-04	1.090965e-04	-3.662777e-05	-1.222735e-01	-7.324569e-03	2.193871e-03	-2.891729e-02	4.609137e-02	-7.779128e-04	-5.701265e-03	-8.681966e-12	-1.211610e-04	-1.224279e-04	
-5.389779e-04	1.725440e-01	-5.703273e-04	-1.325591e-01	-9.993106e-04	9.811404e-02	-2.587353e-04	-1.189173e-01	1.095781e-03	-4.832078e-02	4.695032e-03	-2.633328e-04	-6.182701e-04	2.217196e-04	-2.283503e-03	5.951533e-05	-1.765594e-03	4.589540e-04	4.223412e-04	-2.384353e-04	-9.910324e-02	-2.033717e-03	3.562094e-02	2.044086e-02	1.946574e-02	-7.308388e-04	-5.494807e-03	-8.681966e-12	-1.211610e-04	-1.224279e-04	
-5.389779e-04	6.286716e-02	-5.703273e-04	-1.267590e-01	-9.993106e-04	2.577160e-01	-2.587353e-04	-1.478329e-01	-2.036168e-03	-1.255027e-02	4.984279e-02	-6.300353e-04	-6.037097e-04	2.206118e-04	-3.142329e-03	3.577490e-02	4.511707e-02	-3.654171e-04	1.487298e-05	-2.023421e-06	-6.160258e-02	1.663583e-02	1.570559e-02	-4.267183e-02	-3.205438e-02	-6.865304e-04	-5.291217e-03	-8.681966e-12	-1.211610e-04	-1.224279e-04	
-5.389779e-04	-2.683263e-02	-5.703273e-04	-1.168330e-01	-9.993106e-04	2.695461e-01	-2.587353e-04	-1.299993e-01	-1.512240e-02	-4.766779e-02	-1.975253e-02	-8.480809e-04	-5.885886e-04	2.192641e-04	-1.309662e-02	-3.511313e-02	-6.962600e-02	-2.167596e-04	1.543356e-05	-2.263330e-06	-3.878903e-02	4.224126e-03	-1.139686e-02	-3.297121e-02	4.923965e-02	-6.448691e-04	-5.090746e-03	-8.681966e-12	-1.211610e-04	-1.224279e-04	
-5.389779e-04	-8.516676e-02	-5.703273e-04	-1.062295e-01	-9.993106e-04	1.770632e-01	-2.587353e-04	2.305620e-02	-1.493400e-02	-4.851935e-02	-1.576148e-02	-2.422312e-04	-4.342736e-04	-2.224624e-04	1.780238e-04	-8.471621e-04	3.960343e-03	6.071353e-04	1.546278e-04	-4.426421e-04	-9.025840e-02	-1.737722e-03	1.166010e-02	-1.606391e-02	4.241224e-02	-6.057376e-04	-4.893628e-03	-8.681966e-12	-1.211610e-04	-1.224279e-04	
-5.389779e-04	-1.152312e-01	-5.703273e-04	-9.696081e-02	-9.993106e-04	7.140055e-02	-2.587353e-04	1.726149e-01	-8.924522e-03	-1.633387e-02	-3.274341e-02	-8.978088e-04	-2.951644e-04	-2.260156e-04	5.999095e-03	3.218987e-02	-1.701262e-02	-6.542922e-04	1.394219e-04	-4.468842e-06	-6.656704e-02	-9.950855e-03	1.125550e-02	-1.216310e-02	-1.520693e-03	-5.690207e-04	-4.700080e-03	-8.681966e-12	-1.211610e-04	-1.224279e-04	
-5.389779e-04	-5.073059e-02	-5.703273e-04	-8.981907e-02	-9.993106e-04	-6.902465e-03	-2.587353e-04	1.745079e-01	-1.168812e-02	-2.452845e-02	-6.612631e-03	-1.087011e-03	-2.360144e-04	-2.282986e-04	-2.773977e-03	-8.190192e-03	2.610007e-02	-1.879163e-04	5.946262e-05	-3.198568e-06	-1.153704e-01	7.148555e-03	8.759404e-03	-2.021132e-02	-1.474623e-02	-5.346051e-04	-4.510299e-03	-8.681966e-12	-1.211610e-04	-1.224279e-04	
-5.389779e-04	1.250030e-01	-5.703273e-04	-8.477620e-02	-9.993106e-04	-5.538254e-02	-2.587353e-04	8.292636e-02	-1.597956e-02	-6.870392e-02	2.171747e-03	-7.789871e-04	2.071075e-04	-2.355297e-04	-4.301826e-03	-4.417106e-02	8.753684e-03	3.093091e-04	4.434345e-04	-8.146755e-06	-5.932109e-02	1.162769e-02	2.389599e-02	3.446962e-02	9.691770e-03	-5.023801e-04	-4.324465e-03	-8.681966e-12	-1.211610e-04	-1.224279e-04	
-5.389779e-04	2.111198e-01	-5.703273e-04	-8.142679e-02	-9.993106e-04	-8.191954e-02	-2.587353e-04	-8.108741e-03	-1.550261e-02	-2.899695e-02	-3.828484e-02	-1.585299e-03	-5.711844e-05	-4.418284e-04	4.665685e-04	3.971134e-02	-4.048729e-02	-8.050257e-04	-2.639133e-04	-2.072142e-04	-1.251067e-02	-1.912477e-04	-3.196126e-03	-3.560993e-02	-1.506114e-02	-4.722374e-04	-4.142741e-03	-8.681966e-12	-1.211610e-04	-1.224279e-04	
-5.389779e-04	1.588839e-01	-5.703273e-04	-7.927084e-02	-9.993106e-04	-9.347958e-02	-2.587353e-04	2.501239e-02	-6.005212e-03	-5.588149e-02	-1.240703e-02	-8.804484e-04	-1.568096e-04	-6.413677e-04	9.487022e-03	-2.688015e-02	2.584711e-02	7.061359e-04	-9.937859e-05	-2.004550e-04	-3.810354e-02	1.040552e-02	-1.440257e-03	-2.365058e-02	3.456808e-02	-4.440715e-04	-3.965271e-03	-8.681966e-12	-1.211610e-04	-1.224279e-04	
-5.389779e-04	5.630216e-02	-5.703273e-04	-7.787438e-02	-9.993106e-04	-9.517960e-02	-2.587353e-04	1.598570e-01	-1.575284e-02	-8.669809e-02	-2.021341e-02	-4.978816e-04	7.791796e-05	-5.871653e-04	-9.758003e-03	-3.081219e-02	-7.837084e-03	3.838516e-04	2.350401e-04	5.328687e-05	-6.979181e-02	1.065800e-03	1.950699e-02	1.171969e-02	3.900978e-02	-4.177798e-04	-3.792183e-03	-8.681966e-12	-1.211610e-04	-1.224279e-04	
-5.389779e-04	-3.166735e-02	-5.703273e-04	-7.693251e-02	-9.993106e-04	-9.119447e-02	-2.587353e-04	1.982382e-01	-1.313321e-02	-5.404041e-02	-5.158181e-02	-1.081420e-03	2.826686e-04	-5.264729e-04	2.609247e-03	3.266206e-02	-3.139909e-02	-5.822526e-04	2.050632e-04	5.977682e-05	-4.639398e-02	-7.451608e-03	2.142304e-02	-1.140328e-02	-1.492716e-02	-3.932627e-04	-3.623585e-03	-8.681966e-12	-1.211610e-04	-1.224279e-04	
-5.389779e-04	-8.957876e-02	-5.703273e-04	-7.624585e-02	-9.993106e-04	-8.488534e-02	-2.587353e-04	2.014520e-01	-3.965552e-03	-7.184532e-02	-1.119091e-02	-1.607112e-03	4.778672e-04	-4.454217e-04	9.157273e-03	-1.780051e-02	4.036020e-02	-5.244064e-04	1.955113e-04	8.013562e-05	-5.254086e-02	1.740062e-03	8.716062e-03	-1.656788e-02	-2.200210e-02	-3.704237e-04	-3.459570e-03	-8.681966e-12	-1.211610e-04	-1.224279e-04	
-5.389779e-04	-1.228611e-01	-5.703273e-04	-7.571067e-02	-9.993106e-04	-7.855582e-02	-2.587353e-04	2.728657e-01	-1.127119e-02	-9.122716e-02	-4.968134e-02	-1.314883e-03	3.418165e-04	-4.798662e-04	-7.316018e-03	-1.937747e-02	-3.852113e-02	2.935141e-04	-1.357380e-04	-3.536013e-05	-5.968500e-02	-7.511092e-03	1.210247e-02	2.593502e-02	1.228551e-02	-3.491698e-04	-3.300217e-03	-8.681966e-12	-1.211610e-04	-1.224279e-04	
-5.389779e-04	-1.082358e-01	-5.703273e-04	-7.526641e-02	-9.993106e-04	-7.339056e-02	-2.587353e-04	2.683856e-01	-2.325366e-03	-3.371297e-02	-5.007576e-02	-1.698436e-03	2.682828e-04	-3.997944e-04	8.935446e-03	5.751858e-02	-4.251162e-04	-3.822665e-04	-7.322105e-05	7.915621e-05	-5.785507e-02	8.109395e-03	-6.165271e-03	-1.527832e-02	-1.487330e-02	-3.294109e-04	-3.145586e-03	-8.681966e-12	-1.211610e-04	-1.224279e-04	
-5.389779e-04	4.251675e-02	-5.703273e-04	-7.487208e-02	-9.993106e-04	-6.971438e-02	-2.587353e-04	1.574057e-01	-1.447793e-02	-5.610817e-02	-4.242228e-02	-2.272011e-03	2.806024e-04	-5.969971e-04	-1.216295e-02	-2.239080e-02	7.622777e-03	-5.722889e-04	1.263214e-05	-1.981182e-04	-7.758630e-02	1.835274e-02	-2.214128e-02	-2.196119e-02	2.065737e-02	-3.110606e-04	-2.995721e-03	-8.681966e-12	-1.211610e-04	-1.224279e-04	
-5.389779e-04	2.055969e-01	-5.703273e-04	-7.452027e-02	-9.993106e-04	-6.736612e-02	-2.587353e-04	2.276632e-02	-4.960556e-03	-5.605156e-02	-3.914015e-02	-2.065093e-03	2.960401e-04	-4.815200e-04	9.506994e-03	6.100890e-05	3.251428e-03	2.082030e-04	1.575028e-05	1.145614e-04	-1.086460e-01	1.384177e-02	-4.442346e-03	2.229321e-02	2.252563e-02	-2.940357e-04	-2.850654e-03	-8.681966e-12	-1.211610e-04	-1.224279e-04	
-5.389779e-04	3.345290e-01	-5.703273e-04	-7.421136e-02	-9.993106e-04	-6.600815e-02	-2.587353e-04	-7.957776e-02	-4.451887e-04	-4.189242e-02	-4.146579e-02	-2.473038e-03	3.123166e-04	-2.712302e-04	4.504986e-03	1.416353e-02	-2.356332e-03	-4.066599e-04	1.658914e-05	2.093742e-04	-9.863099e-02	1.316792e-02	3.403543e-03	-4.695808e-03	-2.659493e-02	-2.782563e-04	-2.710402e-03	-8.681966e-12	-1.211610e-04	-1.224279e-04	
-5.389779e-04	4.118049e-01	-5.703273e-04	-7.393490e-02	-9.993106e-04	-6.530792e-02	-2.587353e-04	-1.386201e-01	-1.765071e-02	-7.140699e-02	-1.839939e-02	-2.505027e-03	3.262418e-04	-2.761886e-04	-1.721590e-02	-2.951018e-02	2.303571e-02	-3.070293e-05	1.423785e-05	-5.873953e-06	-7.592035e-02	1.463857e-02	-1.735347e-02	-4.853427e-02	-2.063561e-02	-2.636461e-04	-2.574967e-03	-8.681966e-12	-1.211610e-04	-1.224279e-04	
-5.389779e-04	3.440096e-01	-5.703273e-04	-7.369261e-02	-9.993106e-04	-6.501040e-02	-2.587353e-04	-1.007374e-01	-1.798530e-02	-9.220418e-02	-1.940154e-02	-1.843382e-03	3.405493e-04	-2.814778e-04	-3.449683e-04	-2.079279e-02	-1.032851e-03	6.629312e-04	1.462006e-05	-6.204761e-06	-8.953429e-02	8.142906e-03	4.280784e-03	2.194572e-02	5.943479e-02	-2.501321e-04	-2.444341e-03	-8.681966e-12	-1.211610e-04	-1.224279e-04	
-5.389779e-04	1.875204e-01	-5.703273e-04	-7.346413e-02	-9.993106e-04	-6.494780e-02	-2.587353e-04	6.860511e-02	-1.827079e-02	-7.200884e-02	-1.181138e-02	-2.028581e-03	3.541061e-04	-2.868925e-04	-2.958672e-04	2.019973e-02	7.559459e-03	-1.839138e-04	1.386939e-05	-6.330360e-06	-1.115517e-01	4.498656e-03	2.580536e-02	1.621918e-02	-4.107372e-03	-2.376445e-04	-2.318501e-03	-8.681966e-12	-1.211610e-04	-1.224279e-04	
-5.389779e-04	3.641982e-02	-5.703273e-04	-5.237106e-02	-9.993106e-04	-6.503291e-02	-2.587353e-04	1.707553e-01	-3.362965e-03	-5.945708e-02	5.675785e-04	-2.430120e-03	5.935774e-04	-6.138916e-04	1.489744e-02	1.255615e-02	1.234827e-02	-4.002531e-04	2.397840e-04	-3.279146e-04	-6.005329e-02	6.886268e-03	1.508747e-02	-5.065955e-04	-3.939105e-02	-1.043466e-04	-2.197414e-03	-8.681966e-12	-1.211610e-04	-1.224279e-04	
-5.389779e-04	-6.947545e-02	-5.703273e-04	8.835232e-02	-9.993106e-04	-6.521811e-02	-2.587353e-04	1.323415e-01	-9.535758e-03	-1.014601e-01	-6.881601e-03	-2.100826e-03	3.801677e-04	-2.977493e-04	-6.183175e-03	-4.199862e-02	-7.479891e-03	3.305800e-04	-2.130971e-04	3.152267e-04	-4.378243e-02	6.026113e-03	1.141184e-02	4.232293e-02	1.404330e-02	-1.043466e-04	-2.081036e-03	-8.681966e-12	-1.211610e-04	-1.224279e-04	
-5.389779e-04	-1.310345e-01	-5.703273e-04	2.488426e-01	-9.993106e-04	-6.545450e-02	-2.587353e-04	3.542233e-02	-1.914677e-02	-8.719856e-02	-1.525386e-02	-2.135688e-03	3.929586e-04	-3.037319e-04	-9.621392e-03	1.426591e-02	-8.402951e-03	-3.357683e-05	1.310351e-05	-6.898186e-06	-1.041881e-01	1.409594e-02	2.483514e-03	4.174782e-03	-1.434212e-02	-1.043466e-04	-1.969313e-03	-8.681966e-12	-1.211610e-04	-1.224279e-04	
-5.389779e-04	-1.605364e-01	-5.703273e-04	2.642484e-01	-9.993106e-04	-5.547466e-02	-2.587353e-04	-5.064688e-02	-1.118453e-02	-6.336709e-02	2.378293e-02	-3.178303e-03	2.798976e-04	-3.081453e-04	7.951858e-03	2.383587e-02	3.900610e-02	-1.041329e-03	-1.127483e-04	-5.329047e-06	-1.718362e-02	1.169417e-02	3.782528e-03	-7.967634e-03	-1.043134e-02	-1.043466e-04	-1.862182e-03	-8.681966e-12	-1.211610e-04	-1.224279e-04	
-5.389779e-04	-1.691540e-01	-5.703273e-04	1.727107e-01	-9.993106e-04	5.808434e-02	-2.587353e-04	-1.072559e-01	-2.045135e-02	-1.135356e-01	2.546155e-02	-3.160700e-03	1.037156e-03	-3.234681e-04	-9.277198e-03	-5.016407e-02	1.647926e-03	1.888867e-05	7.575708e-04	-1.623837e-05	-4.125655e-02	2.672466e-02	2.297477e-02	5.510679e-02	1.105490e-02	-1.043466e-04	-1.759572e-03	-8.681966e-12	-1.211610e-04	-1.224279e-04	
-5.389779e-04	-1.647007e-01	-5.703273e-04	6.598225e-02	-9.993106e-04	2.330419e-01	-2.587353e-04	-1.392792e-01	-2.071117e-02	-1.055061e-01	-3.004427e-02	-2.779355e-03	1.038071e-03	-4.333353e-04	-2.701985e-04	8.033833e-03	-5.553652e-02	3.826300e-04	1.227793e-06	-1.107828e-04	-4.488945e-02	4.944080e-03	1.239343e-02	4.262739e-02	-2.040118e-02	-1.043466e-04	-1.661402e-03	-8.681966e-12	-1.211610e-04	-1.224279e-04	
-5.389779e-04	-1.072123e-01	-5.703273e-04	-1.378478e-02	-9.993106e-04	2.794004e-01	-2.587353e-04	-1.544726e-01	-7.279060e-03	-6.567026e-02	-5.634231e-04	-3.466334e-03	5.599882e-04	-3.311310e-04	1.342173e-02	3.984026e-02	2.945016e-02	-6.856925e-04	-4.777703e-04	1.012887e-04	9.004891e-04	1.952314e-02	1.330170e-03	6.887523e-03	-5.877865e-02	-1.043466e-04	-1.567587e-03	-8.681966e-12	-1.211610e-04	-1.224279e-04	
-5.389779e-04	7.476433e-02	-5.703273e-04	-6.347867e-02	-9.993106e-04	2.007310e-01	-2.587353e-04	-1.584141e-01	-2.113939e-02	-1.036003e-01	1.202976e-02	-3.337585e-03	4.562132e-04	-5.300842e-05	-1.387071e-02	-3.792562e-02	1.256248e-02	1.300341e-04	-1.034624e-04	2.772070e-04	-4.968386e-02	2.894272e-02	-1.552364e-02	-1.301628e-02	-1.074026e-02	-1.043466e-04	-1.478033e-03	-8.681966e-12	-1.211610e-04	-1.224279e-04	
-5.389779e-04	2.137308e-01	-5.703273e-04	-9.095482e-02	-9.993106e-04	9.156112e-02	-2.587353e-04	-1.552744e-01	-1.785066e-02	-1.029959e-01	-3.298556e-02	-3.045656e-03	4.655478e-04	-2.302963e-04	3.278346e-03	6.087547e-04	-4.504602e-02	2.932149e-04	9.647233e-06	-1.782034e-04	-6.019130e-02	1.411445e-02	-4.640234e-04	4.174255e-02	3.161414e-02	-1.043466e-04	-1.392643e-03	-8.681966e-12	-1.211610e-04	-1.224279e-04	
-5.389779e-04	2.804577e-01	-5.703273e-04	-1.032673e-01	-9.993106e-04	5.144072e-03	-2.587353e-04	-1.485505e-01	-2.179324e-02	-5.680098e-02	5.374306e-03	-3.338611e-03	4.757580e-04	-2.757327e-04	-3.952963e-03	4.619931e-02	3.832917e-02	-2.916697e-04	1.052280e-05	-4.635206e-05	-4.180355e-02	2.190582e-02	4.494848e-03	1.294640e-02	-3.591250e-02	-1.043466e-04	-1.311312e-03	-8.681966e-12	-1.211610e-04	-1.224279e-04	
-5.389779e-04	3.629728e-01	-5.703273e-04	-1.055734e-01	-9.993106e-04	-5.022594e-02	-2.587353e-04	-1.409235e-01	-2.208831e-02	-9.693568e-02	1.214453e-02	-3.161850e-03	4.859378e-04	-3.593606e-04	-3.054491e-04	-4.013031e-02	6.739524e-03	1.780470e-04	1.049242e-05	-8.454348e-05	-8.038688e-02	2.142978e-02	5.002362e-04	3.042931e-02	-1.409041e-02	-1.043466e-04	-1.233933e-03	-8.681966e-12	-1.211610e-04	-1.224279e-04	
-5.389779e-04	3.449762e-01	-5.703273e-04	-1.020740e-01	-9.993106e-04	-8.170039e-02	-2.587353e-04	-1.316020e-01	-2.301652e-02	-1.309969e-01	-3.789169e-02	-3.103516e-03	7.782192e-04	-3.709815e-04	-9.385895e-04	-3.405682e-02	-5.006691e-02	5.961942e-05	2.925940e-04	-1.253649e-05	-4.002773e-02	8.355636e-03	6.877770e-04	6.619748e-02	-8.900533e-03	-1.043466e-04	-1.160394e-03	-8.681966e-12	-1.211610e-04	-1.224279e-04	
-5.389779e-04	2.164142e-01	-5.703273e-04	-9.617633e-02	-9.993106e-04	-9.676300e-02	-2.587353e-04	-5.412387e-02	-2.294351e-02	-9.808618e-02	-3.996466e-02	-3.619556e-03	5.061390e-04	-3.751076e-04	6.262471e-05	3.291511e-02	-2.103672e-03	-5.147550e-04	-2.717676e-04	-5.041649e-06	-7.289162e-02	1.969206e-02	-1.985629e-02	1.104410e-02	-5.416285e-02	-1.043466e-04	-1.090582e-03	-8.681966e-12	-1.211610e-04	-1.224279e-04	
-5.389779e-04	6.711363e-02	-5.703273e-04	-9.022617e-02	-9.993106e-04	-1.008644e-01	-2.587353e-04	1.297495e-01	-2.314862e-02	-1.019032e-01	9.106448e-04	-2.798456e-03	3.452981e-04	-3.812143e-04	-2.154912e-04	-3.812605e-03	4.084461e-02	8.223865e-04	-1.605283e-04	-7.022260e-06	-4.372226e-02	3.702856e-02	-3.295897e-02	-2.039994e-02	-1.376162e-02	-1.043466e-04	-1.024378e-03	-8.681966e-12	-1.211610e-04	-1.224279e-04	
-5.389779e-04	-4.607965e-02	-5.703273e-04	-8.544499e-02	-9.993106e-04	-9.835265e-02	-2.587353e-04	2.301430e-01	-1.896768e-02	-1.344364e-01	-1.817895e-02	-3.113542e-03	7.454182e-04	-4.754654e-04	4.170567e-03	-3.252886e-02	-1.912030e-02	-3.138013e-04	4.004328e-04	-9.516680e-05	-6.259081e-02	2.832970e-02	-1.003000e-02	3.350262e-02	3.038849e-02	-1.043466e-04	-9.616652e-04	-8.681966e-12	-1.211610e-04	-1.224279e-04	
-5.389779e-04	-1.145390e-01	-5.703273e-04	-8.218152e-02	-9.993106e-04	-9.281075e-02	-2.587353e-04	2.579787e-01	-2.405658e-02	-1.085825e-01	-3.404437e-02	-3.681608e-03	3.631702e-04	-3.976463e-04	-5.099282e-03	2.585834e-02	-1.589611e-02	-5.667797e-04	-3.819355e-04	7.690354e-05	-5.037903e-02	1.501032e-02	-8.624217e-03	9.916936e-03	-3.459415e-02	-1.043466e-04	-9.023222e-04	-8.681966e-12	-1.211610e-04	-1.224279e-04	
-5.389779e-04	-1.487903e-01	-5.703273e-04	-8.028538e-02	-9.993106e-04	-8.681060e-02	-2.587353e-04	3.319493e-01	-2.471879e-02	-1.185622e-01	-1.712618e-02	-3.952353e-03	5.420540e-04	-4.082262e-04	-6.725999e-04	-9.975336e-03	1.688749e-02	-2.694598e-04	1.791964e-04	-1.149559e-05	-1.077496e-01	1.665271e-02	-1.011803e-02	1.925150e-02	-4.015381e-02	-1.043466e-04	-8.462283e-04	-8.681966e-12	-1.211610e-04	-1.224279e-04	
-5.389779e-04	-1.528416e-01	-5.703273e-04	-7.942060e-02	-9.993106e-04	-8.178443e-02	-2.587353e-04	3.273934e-01	-2.563203e-02	-1.270766e-01	-4.057810e-02	-3.776856e-03	7.490937e-04	-4.197199e-04	-9.236109e-04	-8.509970e-03	-2.348261e-02	1.767821e-04	2.073523e-04	-1.240921e-05	-9.151796e-02	-8.359419e-04	-8.660124e-03	4.587670e-02	-8.831806e-03	-1.043466e-04	-7.932622e-04	-8.681966e-12	-1.211610e-04	-1.224279e-04	
-5.389779e-04	-4.669336e-02	-5.703273e-04	-7.925167e-02	-9.993106e-04	-7.822488e-02	-2.587353e-04	2.104845e-01	-1.591786e-02	-1.144924e-01	-2.970368e-02	-3.863794e-03	7.119240e-04	-6.261773e-04	9.703785e-03	1.258856e-02	1.084372e-02	-8.565211e-05	-3.685709e-05	-2.073730e-04	-8.970488e-02	2.166225e-02	-2.110412e-02	9.248449e-03	-3.435916e-02	-1.043466e-04	-7.433026e-04	-8.681966e-12	-1.211610e-04	-1.224279e-04	
-5.389779e-04	1.402970e-01	-5.703273e-04	-7.951897e-02	-9.993106e-04	-7.605490e-02	-2.587353e-04	6.638864e-02	-2.601838e-02	-1.123534e-01	-2.125286e-02	-4.375886e-03	5.619681e-04	-6.504232e-04	-1.011090e-02	2.143397e-03	8.420128e-03	-5.108061e-04	-1.496432e-04	-2.516162e-05	-9.335439e-02	2.060416e-02	-3.491169e-02	4.724783e-03	-1.230134e-02	-1.043466e-04	-6.962285e-04	-8.681966e-12	-1.211610e-04	-1.224279e-04	
-5.389779e-04	2.088606e-01	-5.703273e-04	-8.004871e-02	-9.993106e-04	-7.497261e-02	-2.587353e-04	1.829790e-03	-2.689482e-02	-1.383023e-01	-4.421626e-02	-4.286301e-03	6.516105e-04	-4.443438e-04	-8.868209e-04	-2.594450e-02	-2.299411e-02	9.087050e-05	8.995504e-05	2.051638e-04	-7.479331e-02	1.642063e-02	-2.447301e-02	5.967933e-02	3.226297e-02	-1.043466e-04	-6.519202e-04	-8.681966e-12	-1.211610e-04	-1.224279e-04	
-5.389779e-04	1.465114e-01	-5.703273e-04	-8.073547e-02	-9.993106e-04	-7.463676e-02	-2.587353e-04	1.040974e-01	-2.723585e-02	-1.377065e-01	-4.629694e-02	-5.157651e-03	5.782693e-04	-3.791869e-04	-3.514040e-04	6.002098e-04	-2.111362e-03	-8.700649e-04	-7.302868e-05	6.424137e-05	-9.624377e-02	1.734994e-02	-1.115686e-02	6.265853e-02	-3.892445e-02	-1.043466e-04	-6.102589e-04	-8.681966e-12	-1.211610e-04	-1.224279e-04	
-5.389779e-04	4.611946e-02	-5.703273e-04	-8.151968e-02	-9.993106e-04	-7.475291e-02	-2.587353e-04	1.943181e-01	-2.754837e-02	-9.124016e-02	-1.309492e-02	-6.221876e-03	5.829794e-04	-4.610974e-04	-3.229009e-04	4.647069e-02	3.317131e-02	-1.062939e-03	5.022786e-06	-8.282613e-05	-1.161073e-02	3.124097e-02	-2.308305e-02	3.749653e-02	-7.800347e-02	-1.043466e-04	-5.711274e-04	-8.681966e-12	-1.211610e-04	-1.224279e-04	
-5.389779e-04	-3.559948e-02	-5.703273e-04	-8.236551e-02	-9.993106e-04	-7.511786e-02	-2.587353e-04	1.553504e-01	-2.024699e-02	-1.938331e-01	-3.057970e-02	-5.567026e-03	3.019263e-04	-4.665183e-04	7.290997e-03	-1.025886e-01	-1.751547e-02	6.561361e-04	-2.807406e-04	-6.336501e-06	3.092994e-02	3.916176e-03	-1.218211e-02	7.279532e-02	-3.177222e-02	-1.043466e-04	-5.344105e-04	-8.681966e-12	-1.211610e-04	-1.224279e-04	
-5.389779e-04	-8.801063e-02	-5.703273e-04	-8.326028e-02	-9.993106e-04	-7.561235e-02	-2.587353e-04	5.270575e-02	-2.832395e-02	-1.270094e-01	6.654049e-04	-5.853822e-03	3.611859e-04	-4.154818e-04	-8.087340e-03	6.682812e-02	3.121441e-02	-2.855107e-04	5.957235e-05	5.012087e-05	-2.300167e-02	3.160426e-02	-2.691291e-02	3.592731e-02	-6.904986e-02	-1.043466e-04	-4.999949e-04	-8.681966e-12	-1.211610e-04	-1.224279e-04	
-5.389779e-04	-1.173620e-01	-5.703273e-04	-8.420040e-02	-9.993106e-04	-7.618108e-02	-2.587353e-04	-3.944805e-02	-2.864595e-02	-1.753367e-01	-1.308468e-02	-5.679909e-03	1.802187e-04	-4.834843e-04	-3.323804e-04	-4.832289e-02	-1.378078e-02	1.751986e-04	-1.806547e-04	-6.891799e-05	-6.152444e-02	1.100770e-02	-2.451696e-02	5.007686e-02	1.709009e-02	-1.043466e-04	-4.677699e-04	-8.681966e-12	-1.211610e-04	-1.224279e-04	
-5.389779e-04	-1.307873e-01	-5.703273e-04	-8.515817e-02	-9.993106e-04	-7.680512e-02	-2.587353e-04	-9.853540e-02	-1.748898e-02	-1.483469e-01	-1.615611e-02	-5.703457e-03	5.080377e-04	-4.967250e-04	1.114659e-02	2.699419e-02	-3.102120e-03	-2.226251e-05	3.281317e-04	-1.415630e-05	-7.807507e-02	2.076009e-02	-1.233133e-02	7.304590e-02	-5.052372e-02	-1.043466e-04	-4.376272e-04	-8.681966e-12	-1.211610e-04	-1.224279e-04	
-5.389779e-04	-1.334868e-01	-5.703273e-04	-8.612881e-02	-9.993106e-04	-7.745719e-02	-2.587353e-04	-1.299472e-01	-1.565345e-02	-1.495834e-01	2.114477e-02	-5.703194e-03	3.933230e-04	-5.041970e-04	1.825154e-03	-1.232109e-03	3.727018e-02	1.549415e-06	-1.144022e-04	-8.387674e-06	-8.852553e-02	1.535151e-02	-1.067271e-02	2.419201e-02	-6.984600e-02	-1.043466e-04	-4.094613e-04	-8.681966e-12	-1.211610e-04	-1.224279e-04	
-5.389779e-04	-1.296144e-01	-5.703273e-04	-8.714339e-02	-9.993106e-04	-7.812724e-02	-2.587353e-04	-1.432933e-01	-3.082665e-02	-1.885210e-01	-1.301764e-02	-5.482138e-03	5.591656e-04	-3.580377e-04	-1.518359e-02	-3.893328e-02	-3.419312e-02	2.223413e-04	1.661554e-04	1.452438e-04	-3.057258e-02	3.215003e-02	-2.970056e-02	9.552946e-02	-3.285890e-02	-1.043466e-04	-3.831696e-04	-8.681966e-12	-1.211610e-04	-1.224279e-04	
-5.389779e-04	-1.226487e-01	-5.703273e-04	-8.820525e-02	-9.993106e-04	-7.680088e-02	-2.587353e-04	-1.453451e-01	4.235407e-03	3.569026e-02	-3.265672e-02	-4.647462e-04	-1.191823e-03	1.723721e-04	3.505168e-02	2.242157e-01	-1.966977e-02	5.018677e-03	-1.750676e-03	5.294942e-04	5.091769e-01	-3.754305e-02	3.194577e-02	-5.133885e-02	-4.161122e-02	-1.043466e-04	-3.586525e-04	-8.681966e-12	-1.211610e-04	-1.224279e-04	
-5.389779e-04	-1.151612e-01	-5.703273e-04	-8.928788e-02	-9.993106e-04	-9.807333e-03	-2.587353e-04	-1.406438e-01	1.082684e-01	4.908424e-01	-8.694656e-02	1.405030e-02	-6.687594e-03	2.624280e-03	1.040226e-01	4.551565e-01	-5.432054e-02	1.451634e-02	-5.495459e-03	2.450992e-03	1.601699e+00	-1.044545e-01	4.113646e-02	-1.059126e-01	9.826186e-02	-1.043466e-04	-3.358135e-04	-8.681966e-12	-1.211610e-04	-1.224279e-04	
-5.389779e-04	-1.086066e-01	-5.703273e-04	-9.038789e-02	-9.993106e-04	1.685223e-01	-2.587353e-04	-1.326759e-01	6.391088e-02	3.677173e-01	1.422979e-02	1.201411e-02	-4.928776e-03	1.596074e-03	-4.436792e-02	-1.231208e-01	1.011457e-01	-2.034907e-03	1.759131e-03	-1.029121e-03	3.494946e-01	-4.074103e-02	4.597241e-02	-5.513263e-03	8.386452e-02	-1.043466e-04	-3.145596e-04	-8.681966e-12	-1.211610e-04	-1.224279e-04	
-5.389779e-04	-1.024668e-01	-5.703273e-04	-9.151344e-02	-9.993106e-04	2.676854e-01	-2.587353e-04	-1.240683e-01	5.223748e-02	3.395492e-01	7.420361e-02	1.111157e-02	-3.842223e-03	1.353761e-03	-1.168377e-02	-2.816369e-02	5.994312e-02	-9.012599e-04	1.086865e-03	-2.432282e-04	5.109269e-02	-2.365688e-02	6.189638e-02	-5.658066e-02	5.623614e-03	-1.043466e-04	-2.948007e-04	-8.681966e-12	-1.211610e-04	-1.224279e-04	
-5.389779e-04	-4.353186e-02	-5.703273e-04	-9.267766e-02	-9.993106e-04	2.200852e-01	-2.587353e-04	-1.164407e-01	6.315199e-02	3.105656e-01	9.690100e-02	9.758520e-03	-3.807921e-03	1.303518e-03	1.090412e-02	-2.897916e-02	2.266670e-02	-1.351762e-03	3.461482e-05	-5.115864e-05	-2.477744e-02	-1.468315e-02	1.704365e-02	-9.922056e-02	-3.385522e-03	-1.043466e-04	-2.764504e-04	-8.681966e-12	-1.211610e-04	-1.224279e-04	
-5.389779e-04	1.342951e-01	-5.703273e-04	-9.388590e-02	-9.993106e-04	1.119041e-01	-2.587353e-04	-1.104618e-01	4.805994e-02	1.857863e-01	3.820910e-02	7.887730e-03	-3.139339e-03	1.050004e-03	-1.510243e-02	-1.247749e-01	-5.872259e-02	-1.869504e-03	6.688944e-04	-2.544301e-04	1.755964e-01	-2.803925e-02	3.411178e-02	-2.693022e-02	6.911345e-02	-1.043466e-04	-2.594255e-04	-8.681966e-12	-1.211610e-04	-1.224279e-04	
-5.389779e-04	2.950964e-01	-5.703273e-04	-9.511754e-02	-9.993106e-04	1.514494e-02	-2.587353e-04	-1.061299e-01	3.831378e-02	2.299473e-01	-2.819798e-03	7.640119e-03	-2.294360e-03	9.966320e-04	-9.756549e-03	4.416535e-02	-4.105959e-02	-2.463260e-04	8.452917e-04	-5.428718e-05	-9.400058e-04	-3.878616e-02	2.912372e-02	-4.089195e-02	3.277281e-02	-1.043466e-04	-2.436461e-04	-8.681966e-12	-1.211610e-04	-1.224279e-04	
-5.389779e-04	4.293503e-01	-5.703273e-04	-9.635052e-02	-9.993106e-04	-5.029567e-02	-2.587353e-04	-1.031424e-01	3.796194e-02	2.229100e-01	5.925154e-02	7.402171e-03	-2.397977e-03	8.803474e-04	-3.622064e-04	-7.032870e-03	6.204063e-02	-2.366616e-04	-1.033044e-04	-1.172002e-04	-6.740973e-02	-1.871154e-02	3.011096e-02	-4.127607e-02	8.758706e-03	-1.043466e-04	-2.290359e-04	-8.681966e-12	-1.211610e-04	-1.224279e-04	
-5.389779e-04	4.539663e-01	-5.703273e-04	-9.757572e-02	-9.993106e-04	-8.902162e-02	-2.587353e-04	-1.008363e-01	2.523699e-02	1.449431e-01	2.332823e-02	6.960851e-03	-9.513320e-04	8.493550e-04	-1.273534e-02	-7.796251e-02	-3.595401e-02	-4.400345e-04	1.446958e-03	-3.190803e-05	6.039228e-02	-1.994086e-02	1.754279e-02	6.006956e-03	3.182252e-02	-1.043466e-04	-2.155219e-04	-8.681966e-12	-1.211610e-04	-1.224279e-04	
-5.389779e-04	3.335625e-01	-5.703273e-04	-9.879433e-02	-9.993106e-04	-1.090714e-01	-2.587353e-04	-6.213604e-02	2.279734e-02	1.807587e-01	-2.429934e-02	7.120593e-03	-1.547790e-03	5.577731e-04	-2.450027e-03	3.582001e-02	-4.765826e-02	1.610281e-04	-5.961449e-04	-2.924975e-04	-1.461326e-04	-2.950820e-02	2.500579e-02	-4.403021e-02	3.813347e-03	-1.043466e-04	-2.030343e-04	-8.681966e-12	-1.211610e-04	-1.224279e-04	
-5.389779e-04	1.636079e-01	-5.703273e-04	-1.000065e-01	-9.993106e-04	-1.164974e-01	-2.587353e-04	1.013641e-01	1.411502e-02	1.945868e-01	-4.485584e-03	6.435798e-03	-1.173429e-03	4.379970e-04	-8.692701e-03	1.383241e-02	1.978306e-02	-6.835097e-04	3.746733e-04	-1.206918e-04	-4.876487e-02	-1.268789e-02	-1.387636e-02	-8.666585e-02	1.385109e-03	-1.043466e-04	-6.973639e-05	-8.681966e-12	-1.211610e-04	-1.224279e-04	
-5.389779e-04	2.280136e-02	-5.703273e-04	-1.012127e-01	-9.993106e-04	-1.158913e-01	-2.587353e-04	2.401683e-01	-1.986961e-03	1.369396e-01	-1.029320e-01	5.345426e-03	-9.367479e-04	6.279126e-04	-1.611236e-02	-5.764279e-02	-9.847710e-02	-1.089087e-03	2.369934e-04	1.890001e-04	8.773754e-02	-5.413366e-02	-4.486206e-03	-1.583482e-02	8.823369e-02	-1.043466e-04	-6.973639e-05	-8.681966e-12	-1.211610e-04	-1.224279e-04	
-5.389779e-04	-6.830648e-02	-5.703273e-04	-1.024132e-01	-9.993106e-04	-8.793958e-02	-2.587353e-04	2.272844e-01	-1.856475e-03	1.835855e-01	-1.122858e-01	5.091142e-03	-9.297246e-04	3.623444e-04	1.201045e-04	4.665029e-02	-9.384525e-03	-2.529979e-04	7.335917e-06	-2.664839e-04	-6.877486e-02	-3.460968e-02	-1.726489e-03	-2.227805e-02	2.177347e-02	-1.043466e-04	-6.973639e-05	-8.681966e-12	-1.211610e-04	-1.224279e-04	
-5.389779e-04	-1.179705e-01	-5.703273e-04	-1.036061e-01	-9.993106e-04	6.264827e-02	-2.587353e-04	1.271839e-01	1.103198e-02	2.071613e-01	-4.015622e-02	5.647106e-03	-5.087924e-04	2.213764e-04	1.287807e-02	2.358022e-02	7.209890e-02	5.572493e-04	4.212449e-04	-1.418836e-04	2.998560e-02	-1.469331e-02	-3.154067e-03	-5.109163e-02	-2.351642e-03	-1.043466e-04	-6.973639e-05	-8.681966e-12	-1.211610e-04	-1.224279e-04	
-5.389779e-04	-1.390680e-01	-5.703273e-04	-1.047880e-01	-9.993106e-04	2.251138e-01	-2.587353e-04	2.488435e-02	9.984776e-03	1.266147e-01	-1.509376e-02	5.315152e-03	-2.410718e-04	2.140740e-04	-1.057576e-03	-8.054217e-02	2.503177e-02	-3.306681e-04	2.680332e-04	-8.218002e-06	-2.038533e-02	-2.048704e-02	7.711023e-03	-1.646376e-02	1.875437e-02	-1.043466e-04	-6.973639e-05	-8.681966e-12	-1.211610e-04	-1.224279e-04	
-5.389779e-04	-1.420135e-01	-5.703273e-04	-9.818047e-02	-9.993106e-04	2.394219e-01	-2.587353e-04	-4.775431e-02	1.516760e-03	1.107867e-01	-5.108434e-02	4.853959e-03	-4.678608e-04	1.863562e-04	-8.478399e-03	-1.582367e-02	-3.602127e-02	-4.599075e-04	-2.264764e-04	-2.863338e-05	-6.410974e-02	-2.079218e-02	1.380356e-02	-1.470747e-02	1.989111e-02	-1.043466e-04	-6.973639e-05	-8.681966e-12	-1.211610e-04	-1.224279e-04	
-5.389779e-04	-1.346911e-01	-5.703273e-04	5.097712e-03	-9.993106e-04	1.486292e-01	-2.587353e-04	-9.161365e-02	2.558115e-02	1.446954e-01	-9.347510e-03	4.688716e-03	-6.193247e-04	1.937786e-04	2.405400e-02	3.391316e-02	4.170612e-02	-1.639570e-04	-1.511512e-04	6.506824e-06	-3.149870e-02	-1.437862e-02	-3.159352e-03	-5.099562e-02	6.260726e-03	-1.043466e-04	-6.973639e-05	-8.681966e-12	-1.211610e-04	-1.224279e-04	
-5.389779e-04	-1.230244e-01	-5.703273e-04	1.821675e-01	-9.993106e-04	4.388458e-02	-2.587353e-04	-1.148175e-01	1.803452e-02	8.634889e-02	1.942447e-02	4.360733e-03	-6.349568e-04	-1.516191e-04	-7.557001e-03	-5.834216e-02	2.874128e-02	-3.266984e-04	-1.531951e-05	-3.463133e-04	-2.772822e-02	-1.387643e-02	6.944724e-03	-2.913041e-03	5.911929e-02	-1.043466e-04	-6.973639e-05	-8.681966e-12	-1.211610e-04	-1.224279e-04	
-5.389779e-04	-1.110172e-01	-5.703273e-04	2.419209e-01	-9.993106e-04	-3.408821e-02	-2.587353e-04	-1.239802e-01	8.560828e-03	1.014767e-01	-3.327717e-02	4.540919e-03	-2.798368e-04	7.110999e-06	-9.484073e-03	1.513219e-02	-5.273234e-02	1.814727e-04	3.554325e-04	1.578145e-04	-2.484429e-02	-1.518819e-02	1.060728e-02	2.217945e-03	2.117920e-02	-1.043466e-04	-6.973639e-05	-8.681966e-12	-1.211610e-04	-1.224279e-04	
-5.389779e-04	-1.008253e-01	-5.703273e-04	2.487998e-01	-9.993106e-04	-8.261126e-02	-2.587353e-04	-1.240136e-01	1.922746e-02	1.337255e-01	-1.256099e-02	3.535611e-03	-6.488631e-04	-1.097207e-04	1.065624e-02	3.225323e-02	2.068549e-02	-1.004022e-03	-3.687138e-04	-1.177473e-04	-9.199848e-03	-1.022583e-02	-8.081729e-03	-3.746887e-02	-1.939822e-02	-1.043466e-04	-6.973639e-05	-8.681966e-12	-1.211610e-04	-1.224279e-04	
-5.389779e-04	-9.316127e-02	-5.703273e-04	3.194066e-01	-9.993106e-04	-1.093915e-01	-2.587353e-04	-1.189745e-01	2.291921e-02	8.485804e-02	-2.611650e-02	3.787776e-03	-3.318736e-04	-7.687058e-06	3.681375e-03	-4.886311e-02	-1.358620e-02	2.534500e-04	3.173024e-04	1.011180e-04	-4.374973e-02	-1.259958e-02	-9.978932e-03	-3.560071e-03	1.834515e-02	-1.043466e-04	-6.973639e-05	-8.681966e-12	-1.211610e-04	-1.224279e-04	
-5.389779e-04	-8.786951e-02	-5.703273e-04	3.311114e-01	-9.993106e-04	-1.213041e-01	-2.587353e-04	-1.120778e-01	1.835148e-02	9.895179e-02	-1.993397e-02	3.564557e-03	-3.012298e-04	1.934081e-04	-4.578106e-03	1.409815e-02	6.151824e-03	-2.219332e-04	3.095644e-05	2.001796e-04	-9.821749e-02	-1.112134e-02	3.312246e-03	-5.970415e-03	-5.230689e-03	-1.043466e-04	-6.973639e-05	-8.681966e-12	-1.211610e-04	-1.224279e-04	
-5.389779e-04	-8.440638e-02	-5.703273e-04	3.476710e-01	-9.993106e-04	-1.234130e-01	-2.587353e-04	-1.054298e-01	1.456982e-02	1.258127e-01	3.145309e-02	2.517165e-03	-2.989105e-04	7.164211e-05	-3.792052e-03	2.686528e-02	5.135637e-02	-1.046106e-03	2.631897e-06	-1.226816e-04	-5.562083e-03	9.382693e-03	-2.495846e-02	-4.535537e-02	-2.066986e-02	-1.043466e-04	-6.973639e-05	-8.681966e-12	-1.211610e-04	-1.224279e-04	
-5.389779e-04	-8.218020e-02	-5.703273e-04	3.719395e-01	-9.993106e-04	-1.197423e-01	-2.587353e-04	-1.000353e-01	9.047347e-03	6.603554e-02	1.252803e-02	2.624053e-03	-2.819984e-04	-2.041173e-05	-5.532847e-03	-5.977275e-02	-1.895576e-02	1.081736e-04	1.722469e-05	-9.296944e-05	-4.893233e-02	-9.072104e-03	-2.565511e-03	1.457165e-02	5.730902e-02	-1.043466e-04	-6.973639e-05	-8.681966e-12	-1.211610e-04	-1.224279e-04	
-5.389779e-04	-8.072004e-02	-5.703273e-04	2.878584e-01	-9.993106e-04	-8.274464e-02	-2.587353e-04	-9.612254e-02	1.514325e-02	1.306717e-01	1.286807e-02	3.030520e-03	2.222915e-04	-2.650308e-04	6.085518e-03	6.464058e-02	3.093462e-04	4.077523e-04	5.046025e-04	-2.455347e-04	-4.647067e-03	1.876966e-03	5.640728e-03	3.080860e-03	-5.474630e-03	-1.043466e-04	-6.973639e-05	-8.681966e-12	-1.211610e-04	-1.224279e-04	
-5.389779e-04	-7.969978e-02	-5.703273e-04	1.333768e-01	-9.993106e-04	7.901049e-02	-2.587353e-04	-9.350125e-02	1.978749e-02	7.430801e-02	6.037766e-02	3.284467e-03	1.763546e-04	-2.536838e-04	4.633870e-03	-5.635933e-02	4.747889e-02	2.552329e-04	-4.562427e-05	1.043139e-05	-1.614338e-02	1.752465e-03	1.152936e-02	-2.354469e-02	-2.311506e-02	-1.043466e-04	-6.973639e-05	-8.681966e-12	-1.211610e-04	-1.224279e-04	
-5.389779e-04	-7.891264e-02	-5.703273e-04	-7.660757e-03	-9.993106e-04	2.298854e-01	-2.587353e-04	-9.183201e-02	3.432043e-03	2.236187e-02	-8.479551e-03	3.614617e-03	5.257448e-04	-1.203589e-04	-1.636583e-02	-5.194174e-02	-6.888790e-02	3.314361e-04	3.497027e-04	1.324093e-04	3.585937e-02	-1.584010e-02	8.305886e-03	6.919079e-03	1.650305e-02	-1.043466e-04	-6.973639e-05	-8.681966e-12	-1.211610e-04	-1.224279e-04	
-5.389779e-04	-7.825413e-02	-5.703273e-04	-5.467603e-02	-9.993106e-04	2.288700e-01	-2.587353e-04	-9.078874e-02	8.675900e-03	8.893381e-02	3.285247e-02	3.273624e-03	1.529173e-04	-3.836005e-04	5.233475e-03	6.657632e-02	4.130132e-02	-3.397078e-04	-3.725151e-04	-2.641571e-04	1.811662e-02	-4.541508e-04	-1.910911e-04	-2.326298e-02	-5.127111e-03	-1.043466e-04	-6.973639e-05	-8.681966e-12	-1.211610e-04	-1.224279e-04	
-5.389779e-04	-7.769938e-02	-5.703273e-04	6.453413e-02	-9.993106e-04	1.327439e-01	-2.587353e-04	-9.012467e-02	6.710513e-03	6.421319e-02	4.676186e-02	3.496152e-03	1.440096e-04	-3.236433e-04	-1.975769e-03	-2.471623e-02	1.387868e-02	2.238132e-04	-8.594903e-06	5.904158e-05	-8.418559e-02	1.229278e-02	-8.645410e-03	-2.833485e-02	2.912275e-02	-1.043466e-04	-6.973639e-05	-8.681966e-12	-1.211610e-04	-1.224279e-04	
-5.389779e-04	-7.721397e-02	-5.703273e-04	1.672640e-01	-9.993106e-04	2.957089e-02	-2.587353e-04	-8.967671e-02	3.395713e-03	3.342661e-02	2.911814e-02	2.932073e-03	1.329228e-04	-3.096544e-04	-3.325181e-03	-3.078219e-02	-1.767441e-02	-5.627929e-04	-1.077419e-05	1.307329e-05	-6.983124e-02	8.206258e-04	1.271177e-02	2.478133e-02	4.673187e-02	-1.043466e-04	-6.973639e-05	-8.681966e-12	-1.211610e-04	-1.224279e-04	
-5.389779e-04	-7.679003e-02	-5.703273e-04	1.365939e-01	-9.993106e-04	-1.424863e-02	-2.587353e-04	-8.933624e-02	3.081149e-03	9.464919e-02	-8.936815e-03	2.911062e-03	1.243730e-04	-2.106796e-04	-3.249414e-04	6.122697e-02	-3.808565e-02	-1.972544e-05	-8.237226e-06	9.805919e-05	-3.070424e-02	-3.903464e-03	2.953173e-03	-7.664249e-03	-5.196187e-03	-1.043466e-04	-6.973639e-05	-8.681966e-12	-1.211610e-04	-1.224279e-04	
-5.389779e-04	-7.641412e-02	-5.703273e-04	3.880967e-02	-9.993106e-04	9.558050e-02	-2.587353e-04	-8.904129e-02	1.378966e-02	8.069553e-02	3.071520e-02	2.630349e-03	-5.901376e-05	-3.475424e-04	1.069812e-02	-1.394927e-02	3.962132e-02	-2.794278e-04	-1.830742e-04	-1.377784e-04	-5.278131e-02	9.725058e-03	4.397596e-03	-2.132552e-02	-1.798855e-02	-1.043466e-04	-6.973639e-05	-8.681966e-12	-1.211610e-04	-1.224279e-04	
-5.389779e-04	-7.607474e-02	-5.703273e-04	-5.122029e-02	-9.993106e-04	2.166825e-01	-2.587353e-04	-8.877284e-02	6.569721e-03	-3.639723e-02	-1.146434e-02	1.730847e-03	9.106892e-05	-5.946355e-04	-7.230315e-03	-1.170884e-01	-4.221024e-02	-8.982166e-04	1.503954e-04	-2.480086e-04	8.325941e-02	-1.303295e-02	-1.522580e-02	1.665609e-02	1.271516e-02	-1.043466e-04	-6.973639e-05	-8.681966e-12	-1.211610e-04	-1.224279e-04	
-5.389779e-04	-7.576885e-02	-5.703273e-04	-1.101936e-01	-9.993106e-04	2.204486e-01	-2.587353e-04	-8.852961e-02	2.705819e-03	2.128954e-02	4.699564e-02	-1.417149e-03	8.018904e-05	-5.066232e-04	-3.874280e-03	5.769116e-02	5.842928e-02	-3.146710e-03	-1.056737e-05	8.709668e-05	1.425200e-01	1.957022e-02	-2.049574e-02	1.034155e-02	-1.166483e-02	-1.043466e-04	-6.973639e-05	-8.681966e-12	-1.211610e-04	-1.224279e-04	
-5.389779e-04	-7.549413e-02	-5.703273e-04	-1.427406e-01	-9.993106e-04	2.574328e-01	-2.587353e-04	-8.830105e-02	2.801509e-03	-8.165034e-02	-1.571896e-03	-2.446714e-03	-3.002900e-04	-6.706054e-05	8.530640e-05	-1.029355e-01	-4.859823e-02	-1.028279e-03	-3.801662e-04	4.386471e-04	9.772611e-02	2.177182e-04	-7.642337e-03	4.199929e-02	2.490120e-03	-1.043466e-04	-6.973639e-05	-8.681966e-12	-1.211610e-04	-1.224279e-04	
-5.389779e-04	-7.524881e-02	-5.703273e-04	-1.528784e-01	-9.993106e-04	3.206080e-01	-2.587353e-04	-8.809105e-02	5.365155e-04	-2.638613e-02	-1.702359e-03	-1.926186e-03	6.264698e-04	4.989437e-05	-2.275372e-03	5.526860e-02	-1.611646e-04	5.218136e-04	9.270723e-04	1.160393e-04	6.265760e-03	2.245296e-03	-2.330015e-02	3.026059e-02	-4.334694e-02	-1.043466e-04	-6.973639e-05	-8.681966e-12	-1.211610e-04	-1.224279e-04	
-5.389779e-04	-7.503161e-02	-5.703273e-04	-6.647481e-02	-9.993106e-04	2.717822e-01	-2.587353e-04	-8.790860e-02	5.547469e-04	1.452734e-02	3.770404e-02	-1.342487e-03	5.353751e-04	-1.405574e-04	7.850631e-06	4.091787e-02	3.937570e-02	5.849846e-04	-9.078207e-05	-1.913674e-04	-6.623834e-03	3.016613e-02	-3.237005e-02	4.136749e-03	-2.814515e-02	-1.043466e-04	-6.973639e-05	-8.681966e-12	-1.211610e-04	-1.224279e-04	
-5.389779e-04	-7.484152e-02	-5.703273e-04	1.171148e-01	-9.993106e-04	1.420331e-01	-2.587353e-04	-8.773854e-02	3.252398e-04	-1.992320e-02	2.027351e-02	-4.819333e-04	4.907589e-04	-1.899549e-04	-2.398912e-04	-3.444615e-02	-1.746122e-02	8.618389e-04	-4.430356e-05	-5.031310e-05	-3.754532e-02	2.035078e-02	-1.947249e-02	4.357978e-02	3.620675e-02	-1.043466e-04	-6.973639e-05	-8.681966e-12	-1.211610e-04	-1.224279e-04	
-5.389779e-04	-7.467770e-02	-5.703273e-04	1.970142e-01	-9.993106e-04	1.478168e-02	-2.587353e-04	-6.882738e-02	-2.194926e-04	2.647955e-02	8.922273e-04	-8.123426e-05	4.923997e-04	-1.106698e-04	-5.551120e-04	4.640714e-02	-1.941198e-02	4.019846e-04	1.953460e-06	7.836954e-05	-3.962936e-02	2.043979e-02	-7.274320e-03	1.484702e-03	-2.267137e-02	-1.043466e-04	-6.973639e-05	-8.681966e-12	-1.211610e-04	-1.224279e-04	
-5.389779e-04	-7.453928e-02	-5.703273e-04	1.400866e-01	-9.993106e-04	-7.303987e-02	-2.587353e-04	6.769014e-02	-9.720094e-04	1.440184e-02	8.873777e-02	1.557496e-04	8.116740e-04	-2.321005e-04	-7.628988e-04	-1.207332e-02	8.781485e-02	2.382695e-04	3.195868e-04	-1.223463e-04	1.843234e-03	3.022268e-02	-1.315314e-02	-1.815645e-02	-4.494378e-02	-1.043466e-04	-6.973639e-05	-8.681966e-12	-1.211610e-04	-1.224279e-04	
-5.389779e-04	-7.442532e-02	-5.703273e-04	4.313730e-02	-9.993106e-04	-1.223683e-01	-2.587353e-04	2.312745e-01	-5.985011e-03	-4.252175e-02	4.088673e-02	8.716529e-05	1.268902e-03	3.357740e-05	-5.023382e-03	-5.691921e-02	-4.788173e-02	-6.729871e-05	4.575403e-04	2.647623e-04	9.042829e-03	1.938386e-02	-3.675484e-04	1.932504e-02	1.562539e-02	-1.043466e-04	-6.973639e-05	-8.681966e-12	-1.211610e-04	-1.224279e-04	
-5.389779e-04	-7.433469e-02	-5.703273e-04	5.168501e-02	-9.993106e-04	-1.447545e-01	-2.587353e-04	2.518505e-01	8.426891e-03	-1.658214e-02	7.222496e-02	-9.647929e-04	5.973568e-04	4.820289e-04	1.440152e-02	2.594401e-02	3.130753e-02	-1.050673e-03	-6.712324e-04	4.475359e-04	4.660084e-02	1.491119e-02	4.636555e-04	1.396800e-03	-2.164691e-02	-1.043466e-04	-6.973639e-05	-8.681966e-12	-1.211610e-04	-1.224279e-04	
-5.389779e-04	-7.426616e-02	-5.703273e-04	1.752327e-01	-9.993106e-04	-1.502970e-01	-2.587353e-04	1.623551e-01	4.927572e-03	-3.706833e-03	8.821529e-02	-1.178573e-03	3.072358e-04	3.005332e-04	-3.509700e-03	1.287969e-02	1.595963e-02	-2.124943e-04	-2.898083e-04	-1.824113e-04	-6.730229e-02	1.723409e-02	-1.141178e-03	1.196578e-02	-1.349022e-02	-1.043466e-04	-6.973639e-05	-8.681966e-12	-1.211610e-04	-1.224279e-04	
-5.389779e-04	-7.421833e-02	-5.703273e-04	2.158188e-01	-9.993106e-04	-1.461495e-01	-2.587353e-04	5.533864e-02	-7.682230e-03	-5.743083e-02	-4.021532e-03	-6.659974e-04	1.160811e-03	-1.436958e-04	-1.262018e-02	-5.371961e-02	-9.226752e-02	5.138610e-04	8.538878e-04	-4.451446e-04	1.171294e-01	-1.378445e-02	1.542788e-02	7.252210e-02	3.005777e-02	-1.043466e-04	-6.973639e-05	-8.681966e-12	-1.211610e-04	-1.224279e-04	
-5.389779e-04	-7.418972e-02	-5.703273e-04	2.231099e-01	-9.993106e-04	-1.374559e-01	-2.587353e-04	-2.525032e-02	-2.326433e-02	1.152259e-02	-2.921446e-02	-7.935128e-05	1.232632e-03	-3.825790e-04	-1.559248e-02	6.895781e-02	-2.522363e-02	5.879318e-04	7.213363e-05	-2.397988e-04	2.742666e-02	-4.800542e-03	1.066675e-03	1.989592e-02	-2.435436e-02	-1.043466e-04	-6.973639e-05	-8.681966e-12	-1.211610e-04	-1.224279e-04	
-5.389779e-04	-7.417873e-02	-5.703273e-04	2.900478e-01	-9.993106e-04	-1.278107e-01	-2.587353e-04	-7.552741e-02	-2.290405e-02	2.724158e-02	3.485589e-02	-7.286482e-04	7.401929e-04	8.147578e-05	3.499033e-04	1.572338e-02	6.403966e-02	-6.480113e-04	-4.921264e-04	4.631392e-04	2.988751e-02	1.660050e-02	-1.534656e-02	6.071432e-03	-4.480561e-02	-1.043466e-04	-6.973639e-05	-8.681966e-12	-1.211610e-04	-1.224279e-04	
-5.389779e-04	-7.418437e-02	-5.703273e-04	2.757668e-01	-9.993106e-04	-1.158378e-01	-2.587353e-04	-1.032378e-01	-1.928304e-02	-4.721287e-02	-3.812006e-02	-6.512178e-04	7.878267e-04	-4.634530e-06	3.610622e-03	-7.445005e-02	-7.300665e-02	7.871588e-05	4.794641e-05	-8.702591e-05	3.220912e-02	2.136406e-02	-2.710225e-02	4.384732e-02	9.319272e-03	-1.043466e-04	-6.973639e-05	-8.681966e-12	-1.211610e-04	-1.224279e-04	
-5.389779e-04	-7.421634e-02	-5.703273e-04	1.587007e-01	-9.993106e-04	-2.841368e-02	-2.587353e-04	-1.155072e-01	-8.867317e-03	-6.125813e-03	-6.639181e-02	3.024000e-04	6.143204e-04	-4.373826e-04	1.040534e-02	4.109145e-02	-2.830246e-02	9.549035e-04	-1.731936e-04	-4.336637e-04	3.172953e-02	7.869960e-03	-1.929753e-02	-1.609790e-03	-1.696441e-02	-1.043466e-04	-6.973639e-05	-8.681966e-12	-1.211610e-04	-1.224279e-04	
-5.389779e-04	-7.428524e-02	-5.703273e-04	2.250952e-02	-9.993106e-04	1.567009e-01	-2.587353e-04	-1.175644e-01	-1.193159e-02	7.552082e-03	4.428447e-03	-1.118037e-04	7.662069e-04	-1.283800e-05	-3.074647e-03	1.368229e-02	7.078957e-02	-4.129182e-04	1.521990e-04	4.236290e-04	9.696653e-03	3.330072e-02	-3.310166e-02	-1.445533e-02	-6.120765e-03	-1.043466e-04	-6.973639e-05	-8.681966e-12	-1.211610e-04	-1.224279e-04	
-5.389779e-04	-7.436606e-02	-5.703273e-04	-6.913970e-02	-9.993106e-04	2.434464e-01	-2.587353e-04	-1.136588e-01	-8.791049e-03	1.423051e-02	2.695772e-02	-3.568207e-04	5.299798e-04	-4.472772e-04	3.130156e-03	6.682824e-03	2.249858e-02	-2.437315e-04	-2.359143e-04	-4.353548e-04	-4.979989e-02	1.804156e-02	-7.707306e-03	-1.058367e-02	-2.742052e-03	-1.043466e-04	-6.973639e-05	-8.681966e-12	-1.211610e-04	-1.224279e-04	
-5.389779e-04	-7.443120e-02	-5.703273e-04	-1.553098e-02	-9.993106e-04	1.872332e-01	-2.587353e-04	-1.072439e-01	-9.482948e-03	-1.168259e-02	3.171676e-02	4.423681e-04	4.682161e-04	-2.679369e-04	-7.022803e-04	-2.590872e-02	4.728348e-03	8.004745e-04	-6.145110e-05	1.784247e-04	-4.210518e-02	6.436436e-03	1.669456e-02	3.478280e-02	1.388104e-02	-1.043466e-04	-6.973639e-05	-8.681966e-12	-1.211610e-04	-1.224279e-04	
-5.389779e-04	-7.448836e-02	-5.703273e-04	1.305844e-01	-9.993106e-04	7.918523e-02	-2.587353e-04	-9.651634e-02	-1.120564e-02	-2.331997e-03	6.037325e-03	-3.041041e-05	1.954653e-04	-2.676697e-04	-1.733071e-03	9.354988e-03	-2.571013e-02	-4.714929e-04	-2.724383e-04	-6.483845e-07	-5.380715e-02	-6.863244e-03	1.655717e-02	7.075337e-03	-2.075711e-02	-1.043466e-04	-6.973639e-05	-8.681966e-12	-1.211610e-04	-1.224279e-04	
-5.389779e-04	-7.455366e-02	-5.703273e-04	1.680114e-01	-9.993106e-04	-1.387741e-02	-2.587353e-04	-5.426355e-03	-1.008325e-03	1.923528e-02	9.583322e-03	-3.115577e-04	1.870933e-04	-1.831593e-04	1.018693e-02	2.157167e-02	3.515301e-03	-2.798617e-04	-8.059415e-06	8.359480e-05	-7.079548e-02	-2.966303e-03	5.577974e-03	-1.971646e-02	-5.068233e-02	-1.043466e-04	-6.973639e-05	-8.681966e-12	-1.211610e-04	-1.224279e-04	
-5.389779e-04	-7.463083e-02	-5.703273e-04	9.220906e-02	-9.993106e-04	-7.572551e-02	-2.587353e-04	1.794344e-01	-6.523440e-03	-2.583339e-02	3.937876e-02	-8.248552e-04	1.761815e-04	-1.935349e-04	-5.525490e-03	-4.506429e-02	2.976474e-02	-5.120119e-04	-1.059915e-05	-1.129115e-05	-2.110884e-02	6.772759e-03	-9.005595e-03	9.298448e-03	4.506276e-03	-1.043466e-04	-6.973639e-05	-8.681966e-12	-1.211610e-04	-1.224279e-04	
-5.389779e-04	-6.149837e-02	-5.703273e-04	-8.070476e-03	-9.993106e-04	-1.118237e-01	-2.587353e-04	2.609744e-01	-1.287927e-02	-2.786904e-02	-2.225272e-02	-4.141507e-05	1.743377e-04	1.009669e-04	-6.366217e-03	-2.031248e-03	-6.166217e-02	7.847256e-04	-1.531237e-06	2.935861e-04	5.796771e-04	3.913129e-03	-3.416395e-03	1.738072e-02	2.605347e-02	-1.043466e-04	-6.973639e-05	-8.681966e-12	-1.211610e-04	-1.224279e-04	
-5.389779e-04	6.147693e-02	-5.703273e-04	-8.368876e-02	-9.993106e-04	-1.300218e-01	-2.587353e-04	2.017991e-01	-1.274332e-02	3.339955e-02	1.810248e-02	-1.201445e-05	1.647256e-04	9.560344e-05	1.255726e-04	6.127298e-02	4.032451e-02	3.068618e-05	-9.299505e-06	-6.279049e-06	-1.515022e-02	6.848877e-03	-1.021920e-02	-3.626722e-02	5.713738e-03	-1.043466e-04	-6.973639e-05	-8.681966e-12	-1.211610e-04	-1.224279e-04	
-5.389779e-04	2.325967e-01	-5.703273e-04	-1.289424e-01	-9.993106e-04	-1.361425e-01	-2.587353e-04	9.401982e-02	-1.157846e-02	7.989532e-03	1.303682e-02	9.858281e-04	2.913663e-04	4.349656e-05	1.154474e-03	-2.540562e-02	-5.096360e-03	9.991284e-04	1.269534e-04	-5.302249e-05	-3.157736e-02	-7.745051e-03	-9.702326e-03	-3.583286e-03	2.280549e-02	-1.043466e-04	-6.973639e-05	-8.681966e-12	-1.211610e-04	-1.224279e-04	
-5.389779e-04	2.685156e-01	-5.703273e-04	-1.522190e-01	-9.993106e-04	-1.347163e-01	-2.587353e-04	5.999226e-03	-2.052636e-02	-2.634798e-02	-2.035832e-02	5.133253e-04	4.232549e-04	2.519066e-05	-8.958274e-03	-3.433312e-02	-3.342583e-02	-4.712174e-04	1.322013e-04	-1.922149e-05	-1.759025e-02	-3.433997e-03	1.290516e-02	2.780640e-02	1.624468e-02	-1.043466e-04	-6.973639e-05	-8.681966e-12	-1.211610e-04	-1.224279e-04	
-5.389779e-04	1.852102e-01	-5.703273e-04	-1.612590e-01	-9.993106e-04	-1.295184e-01	-2.587353e-04	2.672085e-02	-6.311265e-03	3.903008e-02	1.922318e-02	5.499797e-04	3.620023e-04	-9.699354e-06	1.420471e-02	6.538244e-02	3.955080e-02	3.793988e-05	-6.094013e-05	-3.580562e-05	8.581987e-03	-1.104807e-04	1.489924e-02	-1.201617e-02	-3.437352e-02	-1.043466e-04	-6.973639e-05	-8.681966e-12	-1.211610e-04	-1.224279e-04	
-5.389779e-04	7.681505e-02	-5.703273e-04	-1.612053e-01	-9.993106e-04	-1.233637e-01	-2.587353e-04	1.735432e-01	-7.844060e-03	7.618302e-03	2.035299e-02	3.667847e-04	1.284365e-04	4.616368e-05	-1.543175e-03	-3.140738e-02	1.099117e-03	-1.819094e-04	-2.332531e-04	5.494744e-05	-6.487649e-02	-7.053685e-03	7.881615e-03	-1.419363e-02	-2.332666e-02	-1.043466e-04	-6.973639e-05	-8.681966e-12	-1.211610e-04	-1.224279e-04	
-5.389779e-04	-7.210003e-03	-5.703273e-04	-1.559268e-01	-9.993106e-04	-1.179421e-01	-2.587353e-04	2.919588e-01	-9.607927e-03	-2.094258e-02	-2.381510e-02	7.043161e-04	1.200548e-04	3.018413e-05	-1.774251e-03	-2.855649e-02	-4.419878e-02	3.388172e-04	-8.069020e-06	-1.689515e-05	-2.767762e-02	-2.114842e-02	1.230217e-02	2.727468e-02	7.344821e-03	-1.043466e-04	-6.973639e-05	-8.681966e-12	-1.211610e-04	-1.224279e-04	
-5.389779e-04	-6.018048e-02	-5.703273e-04	-1.485173e-01	-9.993106e-04	-1.139343e-01	-2.587353e-04	4.020018e-01	1.175387e-03	3.116784e-02	-8.887458e-04	1.367919e-04	2.420332e-04	-1.470668e-05	1.077294e-02	5.211482e-02	2.289565e-02	-5.662387e-04	1.222910e-04	-4.580640e-05	4.681727e-03	4.386646e-03	-2.937075e-03	-1.834621e-02	-2.879724e-02	-1.043466e-04	-6.973639e-05	-8.681966e-12	-1.211610e-04	-1.224279e-04	
-5.389779e-04	-5.278810e-02	-5.703273e-04	-1.411996e-01	-9.993106e-04	-1.113605e-01	-2.587353e-04	4.154196e-01	-1.500967e-03	3.398848e-02	1.742117e-02	2.080861e-04	1.860259e-04	1.756877e-04	-2.686735e-03	2.825028e-03	1.827922e-02	7.257963e-05	-5.569473e-05	1.894788e-04	-7.476975e-02	1.202518e-02	-2.123218e-02	-3.575491e-02	1.019163e-02	-1.043466e-04	-6.973639e-05	-8.681966e-12	-1.211610e-04	-1.224279e-04	
-5.389779e-04	9.580556e-02	-5.703273e-04	-1.351759e-01	-9.993106e-04	-1.099349e-01	-2.587353e-04	2.970547e-01	5.722626e-03	1.017320e-02	5.493016e-02	8.355911e-04	-1.202311e-06	2.983096e-04	7.213214e-03	-2.381090e-02	3.747829e-02	6.287908e-04	-1.869157e-04	1.217063e-04	-6.940161e-04	1.786478e-02	-4.373069e-03	1.220768e-02	6.238089e-02	-1.043466e-04	-6.973639e-05	-8.681966e-12	-1.211610e-04	-1.224279e-04	
-5.389779e-04	2.305850e-01	-5.703273e-04	-1.307733e-01	-9.993106e-04	-1.093159e-01	-2.587353e-04	1.440563e-01	-2.147142e-03	9.901523e-03	-2.917871e-03	2.620105e-04	9.416631e-05	2.395771e-04	-7.880150e-03	-2.672802e-04	-5.787873e-02	-5.722950e-04	9.568130e-05	-5.964810e-05	-1.551703e-02	1.007985e-02	1.621679e-02	1.780131e-02	6.895784e-03	-1.043466e-04	-6.973639e-05	-8.681966e-12	-1.211610e-04	-1.224279e-04	
-5.389779e-04	2.201813e-01	-5.703273e-04	-1.278351e-01	-9.993106e-04	-1.092243e-01	-2.587353e-04	1.143547e-01	2.947988e-03	1.612853e-02	3.887096e-02	-1.550421e-04	9.074851e-05	4.162117e-04	5.084744e-03	6.231396e-03	4.175813e-02	-4.157671e-04	-3.105219e-06	1.757191e-04	-3.209154e-02	8.071144e-03	1.251789e-02	-1.911470e-02	-4.001589e-02	-1.043466e-04	-6.973639e-05	-8.681966e-12	-1.211610e-04	-1.224279e-04	
-5.389779e-04	1.255232e-01	-5.703273e-04	-1.259860e-01	-9.993106e-04	-1.094443e-01	-2.587353e-04	2.115638e-01	5.854174e-03	-8.122337e-04	6.059669e-02	3.330063e-04	8.054177e-05	2.538896e-04	2.895809e-03	-1.693637e-02	2.169503e-02	4.893341e-04	-9.894085e-06	-1.632378e-04	-4.002466e-02	7.567705e-03	2.390931e-02	3.499730e-02	3.035948e-03	-1.043466e-04	-6.973639e-05	-8.681966e-12	-1.211610e-04	-1.224279e-04	
-5.389779e-04	3.070693e-02	-5.703273e-04	-1.248728e-01	-9.993106e-04	-1.098267e-01	-2.587353e-04	2.307472e-01	5.076668e-03	-2.729231e-02	-7.449074e-03	1.366844e-04	4.438326e-04	1.496122e-04	-7.878906e-04	-2.647569e-02	-6.807646e-02	-1.950362e-04	3.636034e-04	-1.051930e-04	1.098238e-02	-1.329429e-02	2.528197e-02	4.284483e-02	-2.439272e-03	-1.043466e-04	-6.973639e-05	-8.681966e-12	-1.211610e-04	-1.224279e-04	
-5.389779e-04	2.638898e-02	-5.703273e-04	-1.242394e-01	-9.993106e-04	-1.102876e-01	-2.587353e-04	1.431157e-01	1.560809e-02	1.913752e-02	1.816861e-03	-3.851659e-04	2.348241e-04	2.172388e-05	1.052104e-02	4.643423e-02	9.235238e-03	-5.205649e-04	-2.086958e-04	-1.288039e-04	-4.770816e-03	-1.010195e-03	1.061195e-02	-4.816012e-03	-4.121948e-02	-1.043466e-04	-6.973639e-05	-8.681966e-12	-1.211610e-04	-1.224279e-04	
-5.389779e-04	1.639091e-01	-5.703273e-04	-1.238660e-01	-9.993106e-04	-1.107860e-01	-2.587353e-04	3.284430e-02	3.979796e-03	2.913068e-03	2.589995e-02	-8.514535e-04	5.291915e-05	3.054692e-06	-1.163867e-02	-1.622006e-02	2.405239e-02	-4.650020e-04	-1.815924e-04	-1.958479e-05	-3.025061e-02	2.119786e-02	-1.496872e-02	-1.944636e-02	-4.285580e-02	-1.043466e-04	-6.973639e-05	-8.681966e-12	-1.211610e-04	-1.224279e-04	
-5.389779e-04	2.478470e-01	-5.703273e-04	-1.236249e-01	-9.993106e-04	-9.963056e-02	-2.587353e-04	-4.841066e-02	5.725733e-03	-2.017621e-03	-2.174535e-02	1.865899e-04	4.959946e-05	6.515955e-05	1.735557e-03	-4.926297e-03	-4.767600e-02	1.039329e-03	-3.007011e-06	6.118926e-05	-3.284589e-03	8.132208e-03	-1.440263e-02	9.423649e-03	5.363815e-02	-1.043466e-04	-6.973639e-05	-8.681966e-12	-1.211610e-04	-1.224279e-04	
-5.389779e-04	1.966894e-01	-5.703273e-04	-1.234504e-01	-9.993106e-04	1.833228e-02	-2.587353e-04	-9.467655e-02	5.800733e-03	3.912066e-02	2.313052e-02	3.689495e-04	4.345354e-05	4.452581e-05	6.461887e-05	4.114267e-02	4.484518e-02	1.836453e-04	-5.833261e-06	-2.154936e-05	-1.312006e-02	1.127954e-02	1.183057e-02	-7.291915e-03	-2.769901e-03	-1.043466e-04	-6.973639e-05	-8.681966e-12	-1.211610e-04	-1.224279e-04	
-5.389779e-04	9.212404e-02	-5.703273e-04	-1.233080e-01	-9.993106e-04	1.911722e-01	-2.587353e-04	-1.161713e-01	5.900223e-03	1.039513e-02	5.165926e-02	-2.890400e-04	3.345199e-05	-1.008272e-04	8.911091e-05	-2.872113e-02	2.849804e-02	-6.567040e-04	-9.689039e-06	-1.462686e-04	-1.543914e-02	9.025089e-03	6.332127e-03	-1.990573e-02	-3.326131e-02	-1.043466e-04	-6.973639e-05	-8.681966e-12	-1.211610e-04	-1.224279e-04	
-5.389779e-04	6.784066e-02	-5.703273e-04	-1.231679e-01	-9.993106e-04	2.319650e-01	-2.587353e-04	-1.225110e-01	2.094673e-02	-1.598728e-02	1.322597e-02	1.155297e-03	3.406061e-05	8.814930e-05	1.503613e-02	-2.637802e-02	-3.846399e-02	1.445623e-03	9.212702e-07	1.880609e-04	5.077352e-02	-1.854000e-02	2.755290e-02	3.429980e-02	2.002962e-02	-1.043466e-04	-6.973639e-05	-8.681966e-12	-1.211610e-04	-1.224279e-04	
-5.389779e-04	1.877799e-01	-5.703273e-04	-1.229108e-01	-9.993106e-04	1.505730e-01	-2.587353e-04	-1.198991e-01	4.963897e-03	4.432730e-02	-1.118132e-02	9.295990e-04	2.475869e-04	1.386687e-04	-1.599322e-02	6.031897e-02	-2.443799e-02	-2.244128e-04	2.138389e-04	4.960382e-05	1.455766e-02	-1.806658e-02	1.782617e-02	-7.751571e-03	-2.570789e-02	-1.043466e-04	-6.973639e-05	-8.681966e-12	-1.211610e-04	-1.224279e-04	
-5.389779e-04	2.552072e-01	-5.703273e-04	-9.164942e-02	-9.993106e-04	4.140942e-02	-2.587353e-04	-1.125287e-01	4.710038e-03	2.237830e-02	1.106173e-02	4.085065e-05	3.962413e-04	6.988135e-05	-2.642414e-04	-2.194460e-02	2.221236e-02	-8.874625e-04	1.489671e-04	-6.970295e-05	-1.140436e-02	-7.911712e-04	-6.696718e-03	-3.089352e-02	-3.149419e-02	-1.043466e-04	-6.973639e-05	-8.681966e-12	-1.211610e-04	-1.224279e-04	
-5.389779e-04	1.934804e-01	-5.703273e-04	6.432517e-02	-9.993106e-04	-4.414212e-02	-2.587353e-04	-1.035401e-01	4.402384e-03	-1.302136e-02	-5.921800e-03	4.241063e-04	5.167087e-04	1.880191e-05	-3.180384e-04	-3.539527e-02	-1.701423e-02	3.845413e-04	1.207800e-04	-5.199503e-05	-2.912783e-02	6.378934e-03	-2.020331e-03	2.527342e-02	4.460920e-02	-1.043466e-04	-6.973639e-05	-8.681966e-12	-1.211610e-04	-1.224279e-04	
-5.389779e-04	8.247861e-02	-5.703273e-04	2.272853e-01	-9.993106e-04	-9.872002e-02	-2.587353e-04	-9.505473e-02	5.093238e-03	1.957109e-02	-3.536427e-02	1.741647e-04	1.455920e-04	1.493128e-04	6.804727e-04	3.259684e-02	-2.947316e-02	-2.486562e-04	-3.708040e-04	1.295953e-04	-9.173934e-03	-6.859917e-03	-5.379501e-04	-1.038541e-02	1.888755e-02	-1.043466e-04	-6.973639e-05	-8.681966e-12	-1.211610e-04	-1.224279e-04	
-5.389779e-04	-1.023056e-02	-5.703273e-04	3.550617e-01	-9.993106e-04	-1.296439e-01	-2.587353e-04	-8.816427e-02	4.862506e-03	4.725854e-02	-9.692035e-03	4.306992e-04	2.304083e-04	8.055854e-05	-2.411070e-04	2.769185e-02	2.564153e-02	2.578201e-04	8.512888e-05	-6.966985e-05	-3.169095e-02	-4.521441e-03	-1.465519e-03	-1.323687e-02	-2.030276e-03	-1.043466e-04	-6.973639e-05	-8.681966e-12	-1.211610e-04	-1.224279e-04	
-5.389779e-04	-6.825679e-02	-5.703273e-04	4.232444e-01	-9.993106e-04	-1.443733e-01	-2.587353e-04	-8.311653e-02	-1.542361e-03	2.759683e-03	6.421078e-03	9.395858e-04	1.367705e-06	7.499267e-06	-6.415252e-03	-4.449447e-02	1.608242e-02	5.101722e-04	-2.287279e-04	-7.397488e-05	1.091193e-05	-6.358442e-03	1.249148e-02	2.994239e-02	2.534907e-02	-1.043466e-04	-6.973639e-05	-8.681966e-12	-1.211610e-04	-1.224279e-04	
-5.389779e-04	-9.882725e-02	-5.703273e-04	3.445109e-01	-9.993106e-04	-1.334051e-01	-2.587353e-04	-7.967350e-02	2.326525e-03	1.932781e-02	-4.039367e-02	1.295729e-03	2.699216e-04	2.431742e-04	3.858503e-03	1.657252e-02	-4.684544e-02	3.574291e-04	2.688665e-04	2.347594e-04	4.604921e-03	-1.751440e-02	1.368135e-02	7.470330e-03	-1.583168e-02	-1.043466e-04	-6.973639e-05	-8.681966e-12	-1.211610e-04	-1.224279e-04	
-5.389779e-04	-1.116084e-01	-5.703273e-04	1.815327e-01	-9.993106e-04	-3.270616e-03	-2.587353e-04	-7.741492e-02	5.425216e-03	4.145284e-02	-2.773451e-02	6.625309e-04	-6.950026e-06	7.774746e-05	3.088315e-03	2.212942e-02	1.262846e-02	-6.319127e-04	-2.765590e-04	-1.663424e-04	-1.513880e-02	-8.709352e-03	-5.122615e-03	-5.713876e-02	-4.043675e-02	-1.043466e-04	-6.973639e-05	-8.681966e-12	-1.211610e-04	-1.224279e-04	
-5.389779e-04	-1.133227e-01	-5.703273e-04	2.784300e-02	-9.993106e-04	1.710757e-01	-2.587353e-04	-7.595965e-02	5.353476e-03	1.377322e-02	-7.450064e-02	6.058721e-04	-1.085724e-05	9.636620e-05	-8.211767e-05	-2.767523e-02	-4.679683e-02	-5.537318e-05	-3.594629e-06	1.770315e-05	-3.006829e-02	-2.366571e-02	-9.165009e-03	5.411819e-03	5.564427e-02	-1.043466e-04	-6.973639e-05	-8.681966e-12	-1.211610e-04	-1.224279e-04	
-5.405332e-04	-1.086051e-01	-5.703273e-04	-7.885633e-02	-9.993106e-04	2.077407e-01	-2.587353e-04	-7.498078e-02	1.485848e-03	1.073631e-02	-6.108497e-02	2.887271e-04	-1.813415e-05	1.620339e-05	-3.878012e-03	-3.032519e-03	1.338498e-02	-3.158597e-04	-6.964279e-06	-8.107840e-05	-6.691158e-02	-1.951420e-02	8.364948e-03	1.929388e-03	2.040367e-02	-1.043466e-04	-6.973639e-05	-8.681966e-12	-1.211610e-04	-1.224279e-04	
-5.580298e-04	-1.009910e-01	-5.703273e-04	-1.406374e-01	-9.993106e-04	1.271613e-01	-2.587353e-04	-7.427597e-02	5.422756e-03	5.104756e-02	-3.370229e-02	1.034897e-04	-1.765094e-05	2.231472e-04	3.926524e-03	4.031564e-02	2.735198e-02	-1.839519e-04	7.958386e-07	2.060283e-04	-1.363593e-02	-1.664290e-02	5.172567e-03	-1.234316e-02	-1.541546e-02	-1.043466e-04	-6.973639e-05	-8.681966e-12	-1.211610e-04	-1.224279e-04	
-6.002757e-04	-9.302811e-02	-5.703273e-04	-1.701727e-01	-9.993106e-04	2.261617e-02	-2.587353e-04	-7.370326e-02	6.090554e-03	-3.495618e-03	-6.052372e-02	4.151660e-04	-1.489484e-04	-2.072365e-04	6.574220e-04	-5.453879e-02	-2.685213e-02	3.129622e-04	-1.309849e-04	-4.312994e-04	1.980649e-02	-2.644170e-02	1.200313e-02	3.620159e-02	2.749889e-02	-1.043466e-04	-6.973639e-05	-8.681966e-12	-1.211610e-04	-1.224279e-04	
-6.519695e-04	-8.620559e-02	-5.703273e-04	-1.787829e-01	-1.000503e-03	-5.816780e-02	-2.587353e-04	-7.320140e-02	6.260111e-03	2.390723e-02	-6.030275e-02	8.213999e-04	-2.644354e-04	5.019465e-07	1.591757e-04	2.740724e-02	1.902703e-04	4.075197e-04	-1.151744e-04	2.068229e-04	-3.881244e-02	-2.061187e-02	1.892217e-03	-1.641998e-03	-9.176561e-03	-1.043466e-04	-6.973639e-05	-8.681966e-12	-1.211610e-04	-1.224279e-04	
-6.976634e-04	-8.106147e-02	-5.703273e-04	-1.750067e-01	-1.016357e-03	-1.093175e-01	-2.587353e-04	-7.274421e-02	1.004742e-02	4.824935e-02	-1.045540e-02	1.535531e-04	-2.539892e-04	2.588261e-04	3.776933e-03	2.434651e-02	4.981665e-02	-6.665613e-04	1.075882e-05	2.574085e-04	2.101365e-02	5.845708e-03	-2.120937e-02	-5.396989e-02	-1.022906e-02	-1.043466e-04	-6.973639e-05	-8.681966e-12	-1.211610e-04	-1.224279e-04	
-7.330320e-04	-7.751489e-02	-5.703273e-04	-1.652810e-01	-1.057269e-03	-1.380559e-01	-2.587353e-04	-7.230302e-02	2.308092e-02	8.620489e-03	1.266457e-02	1.164798e-03	-3.447589e-04	3.256419e-04	1.302312e-02	-3.962447e-02	2.308928e-02	1.012531e-03	-9.045695e-05	6.590017e-05	3.029866e-02	-1.423362e-04	-4.374850e-03	1.434733e-02	6.324162e-02	-1.043466e-04	-6.973639e-05	-8.681966e-12	-1.211610e-04	-1.224279e-04	
-7.610895e-04	-7.521489e-02	-5.703273e-04	-1.541515e-01	-1.108930e-03	-1.513635e-01	-2.587353e-04	-7.189881e-02	1.345996e-02	2.918147e-02	-2.259087e-02	9.678673e-04	-6.956549e-04	3.024785e-04	-9.631353e-03	2.056537e-02	-3.528614e-02	-1.956454e-04	-3.505834e-04	-2.407893e-05	-1.023519e-02	-4.165288e-03	1.117856e-02	-5.422466e-03	-8.484893e-03	-1.043466e-04	-6.973639e-05	-8.681966e-12	-1.211610e-04	-1.224279e-04	
-7.976169e-04	-7.375595e-02	-5.703273e-04	-1.442937e-01	-1.155269e-03	-1.312020e-01	-2.587353e-04	-7.152732e-02	1.430225e-02	2.505179e-02	-1.686522e-02	2.987458e-04	-4.123318e-04	1.611507e-04	8.319128e-04	-4.125289e-03	5.694943e-03	-6.678357e-04	2.836357e-04	-1.422434e-04	-3.885381e-02	-1.086802e-02	-6.826225e-04	-2.815002e-02	-2.535942e-02	-1.043466e-04	-6.973639e-05	-8.681966e-12	-1.211610e-04	-1.224279e-04	
-8.571175e-04	-7.279884e-02	-5.703273e-04	-1.368029e-01	-1.191295e-03	1.649298e-02	-2.587353e-04	-7.119031e-02	1.802247e-02	-1.978426e-02	-9.264362e-03	9.424021e-04	-7.136043e-04	-4.977305e-05	3.709842e-03	-4.483165e-02	7.570166e-03	6.449419e-04	-3.009599e-04	-2.118394e-04	1.087448e-02	-1.338614e-02	6.756529e-03	2.423270e-02	2.889423e-02	-1.043466e-04	-6.973639e-05	-8.681966e-12	-1.211610e-04	-1.224279e-04	
-9.283090e-04	-7.214962e-02	-5.703273e-04	-1.317277e-01	-1.218898e-03	1.793365e-01	-2.589505e-04	-7.087708e-02	1.842178e-02	4.580597e-03	2.355621e-04	4.710688e-04	-8.360338e-04	-1.454678e-04	3.889362e-04	2.436925e-02	9.469226e-03	-4.700481e-04	-1.221169e-04	-9.661032e-05	-3.394420e-02	-4.015700e-03	2.590330e-03	-2.138040e-03	-1.352081e-02	-1.043466e-04	-6.973639e-05	-8.681966e-12	-1.211610e-04	-1.224279e-04	
-9.959149e-04	-6.495789e-02	-5.703273e-04	-1.286108e-01	-1.241391e-03	1.956420e-01	-2.676365e-04	-7.056729e-02	1.395547e-02	3.967725e-02	4.484595e-03	-9.260044e-05	-5.795750e-04	1.817562e-04	-4.476696e-03	3.510104e-02	4.218339e-03	-5.623835e-04	2.567715e-04	3.263084e-04	-5.872177e-04	3.092580e-03	-1.123326e-02	-2.538379e-02	-6.024943e-03	-1.043466e-04	-6.973639e-05	-8.681966e-12	-1.211610e-04	-1.224279e-04	
-1.055153e-03	3.512019e-02	-5.703273e-04	-1.268732e-01	-1.261474e-03	1.072311e-01	-3.009507e-04	-7.026413e-02	1.034667e-02	-2.149026e-02	1.254947e-02	7.748419e-04	-6.758847e-04	2.223376e-04	-3.619182e-03	-6.116312e-02	8.034177e-03	8.687278e-04	-9.599715e-05	3.966578e-05	2.099127e-02	2.185514e-03	9.357645e-03	3.400114e-02	3.020717e-02	-1.043466e-04	-6.973639e-05	-8.681966e-12	-1.211610e-04	-1.224279e-04	
-1.108171e-03	2.147269e-01	-5.703273e-04	-1.260135e-01	-1.281090e-03	6.549910e-03	-3.582076e-04	-6.998480e-02	6.528993e-03	1.223410e-02	2.415527e-02	4.233811e-04	-2.101822e-04	1.721791e-04	-3.828062e-03	3.372874e-02	1.157511e-02	-3.501752e-04	4.660152e-04	-5.107409e-05	-8.622733e-03	1.959134e-03	9.994706e-03	-9.244472e-03	-2.384542e-02	-1.043466e-04	-6.973639e-05	-8.681966e-12	-1.211610e-04	-1.224279e-04	
-1.158500e-03	2.777861e-01	-5.703273e-04	-1.256694e-01	-1.301630e-03	-2.211905e-03	-4.381032e-04	-6.973701e-02	7.439468e-03	2.269238e-02	3.691713e-02	1.930640e-04	-5.558238e-04	1.761605e-04	9.000959e-04	1.046268e-02	1.273116e-02	-2.290311e-04	-3.453290e-04	3.065827e-06	-4.847996e-02	9.100562e-03	-3.322443e-03	-3.780451e-02	-3.546545e-02	-1.043466e-04	-6.973639e-05	-8.681966e-12	-1.211610e-04	-1.224279e-04	
-1.208937e-03	2.079016e-01	-5.703273e-04	-1.255207e-01	-1.324027e-03	1.293200e-01	-5.324744e-04	-6.951871e-02	7.181155e-03	-3.896374e-02	1.416168e-02	1.639585e-04	-4.265096e-04	2.392719e-04	-2.686941e-04	-6.165173e-02	-2.278615e-02	-2.782015e-05	1.296267e-04	6.219578e-05	-6.673846e-03	7.746392e-03	-4.179965e-03	1.661429e-02	3.306442e-02	-1.043466e-04	-6.973639e-05	-8.681966e-12	-1.211610e-04	-1.224279e-04	
-1.261446e-03	9.902463e-02	-5.703446e-04	-9.725378e-02	-1.348815e-03	2.030254e-01	-6.404299e-04	-6.932524e-02	6.989360e-03	3.082085e-02	2.630581e-03	1.622683e-04	-2.811201e-04	1.492694e-04	-2.021740e-04	6.978898e-02	-1.156180e-02	-4.047240e-07	1.457023e-04	-9.091809e-05	-6.685644e-03	-4.567732e-03	5.800979e-04	-4.577575e-03	8.925769e-03	-1.043466e-04	-6.973639e-05	-8.681966e-12	-1.211610e-04	-1.224279e-04	
-1.317430e-03	1.010932e-02	-5.745157e-04	5.491367e-02	-1.376226e-03	1.445641e-01	-7.532208e-04	-6.915294e-02	7.030884e-03	3.250730e-02	3.923659e-02	-4.161535e-04	-2.753517e-04	3.212693e-04	3.114711e-05	1.690847e-03	3.657531e-02	-5.771359e-04	6.080964e-06	1.710843e-04	-2.416293e-02	5.413831e-03	-3.834385e-03	-6.855433e-03	-1.528536e-02	-1.043466e-04	-6.973639e-05	-8.681966e-12	-1.211610e-04	-1.224279e-04	
-1.377862e-03	-4.744788e-02	-5.998570e-04	2.047148e-01	-1.406309e-03	3.935956e-02	-8.552157e-04	-6.899954e-02	7.682353e-03	-3.466289e-02	-2.242208e-02	-1.486542e-04	-4.767062e-04	2.765019e-04	6.410858e-04	-6.716580e-02	-6.168936e-02	2.687848e-04	-2.010420e-04	-4.568290e-05	5.382351e-02	-6.942749e-03	1.242411e-02	4.329695e-02	2.593376e-02	-1.043466e-04	-6.973639e-05	-8.681966e-12	-1.211610e-04	-1.224279e-04	
-1.443349e-03	-8.022641e-02	-6.470478e-04	2.050152e-01	-1.439044e-03	3.263141e-02	-9.406977e-04	-6.886376e-02	8.281044e-03	2.666909e-04	-1.239591e-02	-1.040639e-04	-7.277023e-04	4.916555e-04	5.883104e-04	3.493397e-02	9.995474e-03	4.587592e-05	-2.506834e-04	2.142380e-04	-2.859407e-02	-1.530720e-03	7.950356e-03	-6.371164e-04	-3.324522e-02	-1.043466e-04	-6.973639e-05	-8.681966e-12	-1.211610e-04	-1.224279e-04	
-1.515777e-03	-9.592240e-02	-6.980540e-04	1.081864e-01	-1.474408e-03	1.547588e-01	-1.013340e-03	-6.874485e-02	1.220282e-02	9.577853e-03	6.097231e-02	-1.808401e-04	-4.966771e-04	3.635814e-04	3.911401e-03	9.315553e-03	7.333752e-02	-7.549068e-05	2.313379e-04	-1.289897e-04	9.013562e-03	2.519667e-02	-2.114931e-02	-3.818388e-02	-3.944467e-02	-1.043466e-04	-6.973639e-05	-8.681966e-12	-1.211610e-04	-1.224279e-04	
-1.609694e-03	-1.001698e-01	-7.406755e-04	1.080830e-02	-1.512409e-03	2.016645e-01	-1.079485e-03	-6.864250e-02	8.273382e-03	-1.557799e-02	1.304264e-02	3.056973e-04	-5.617632e-04	1.767810e-04	-3.939824e-03	-2.515145e-02	-4.796037e-02	4.878228e-04	-6.477355e-05	-1.877161e-04	1.378946e-02	5.331885e-03	-1.921646e-02	3.865951e-03	5.129602e-02	-1.043466e-04	-6.973639e-05	-8.681966e-12	-1.211610e-04	-1.224279e-04	
-1.734007e-03	-9.740229e-02	-7.732374e-04	3.864083e-02	-1.553096e-03	1.263814e-01	-1.144519e-03	-6.855662e-02	8.279920e-03	-8.459116e-03	2.176243e-02	6.307339e-05	-4.788851e-04	2.541573e-04	-3.844017e-06	7.123263e-03	8.689095e-03	-2.413381e-04	8.319079e-05	7.646078e-05	-6.290971e-02	4.723244e-03	3.463930e-03	-2.475799e-03	1.659859e-02	-1.043466e-04	-6.973639e-05	-8.681966e-12	-1.211610e-04	-1.224279e-04	
-1.873521e-03	-9.128073e-02	-7.986002e-04	1.697807e-01	-1.596548e-03	1.436887e-02	-1.214443e-03	-6.848724e-02	1.484301e-03	1.764681e-02	4.145329e-02	-2.891940e-04	-2.232884e-04	1.910020e-04	-6.806002e-03	2.611032e-02	1.966016e-02	-3.509820e-04	2.559093e-04	-6.407094e-05	-1.240287e-02	1.154854e-02	-5.780392e-03	-1.936254e-02	-2.281363e-02	-1.043466e-04	-6.973639e-05	-8.681966e-12	-1.211610e-04	-1.224279e-04	
-2.012926e-03	-8.447408e-02	-8.199412e-04	2.015779e-01	-1.642867e-03	-4.603716e-02	-1.307295e-03	-6.843434e-02	1.188881e-02	-1.903445e-02	2.348591e-02	1.022455e-04	-5.471246e-04	4.102995e-04	1.039413e-02	-3.667687e-02	-1.799807e-02	3.927251e-04	-3.235238e-04	2.183819e-04	1.160401e-02	-5.116357e-03	-4.208399e-03	2.184922e-02	2.515736e-02	-1.043466e-04	-6.973639e-05	-8.681966e-12	-1.211610e-04	-1.224279e-04	
-2.148098e-03	-7.852734e-02	-8.396604e-04	1.176195e-01	-1.692172e-03	5.218720e-02	-1.430815e-03	-6.839780e-02	1.293310e-02	-1.189976e-02	2.868219e-02	-1.060969e-04	-3.678882e-04	4.562892e-04	1.033914e-03	7.139092e-03	5.165576e-03	-2.070567e-04	1.795491e-04	4.507405e-05	-6.376037e-02	1.169289e-02	-8.966808e-03	-1.100875e-02	-1.546943e-02	-1.043466e-04	-6.973639e-05	-8.681966e-12	-1.211610e-04	-1.224279e-04	
-2.285505e-03	-7.401609e-02	-8.594799e-04	1.883420e-02	-1.744590e-03	1.742871e-01	-1.569304e-03	-6.837732e-02	8.497387e-03	-1.384820e-03	2.555480e-02	-8.535265e-04	-2.330049e-04	2.684610e-04	-4.446094e-03	1.051933e-02	-3.158083e-03	-7.461440e-04	1.351959e-04	-1.887437e-04	-2.672459e-02	2.985453e-03	-1.690072e-02	-4.474695e-02	6.770073e-04	-1.043466e-04	-6.973639e-05	-8.681966e-12	-1.211610e-04	-1.224279e-04	
-2.445708e-03	-7.091556e-02	-8.806157e-04	5.331008e-02	-1.800256e-03	1.636926e-01	-1.708701e-03	-6.837245e-02	-9.735640e-03	-2.948331e-02	2.320148e-02	-1.040035e-04	2.942926e-04	4.022186e-04	-1.824341e-02	-2.809410e-02	-2.384013e-03	7.508086e-04	5.276101e-04	1.328419e-04	2.026476e-02	-4.039451e-03	5.537909e-03	2.489143e-02	5.088779e-02	-1.043466e-04	-6.973639e-05	-8.681966e-12	-1.211610e-04	-1.224279e-04	
-2.632285e-03	-6.893779e-02	-9.038465e-04	1.761257e-01	-1.859305e-03	6.637017e-02	-1.845770e-03	-6.837811e-02	-9.523924e-03	-1.110335e-02	7.894830e-02	5.853513e-04	1.811846e-04	2.889277e-04	2.013379e-04	1.838434e-02	5.571612e-02	6.906404e-04	-1.127953e-04	-1.142065e-04	2.188159e-02	1.065074e-02	2.410880e-02	2.895240e-02	-1.862055e-02	-1.043466e-04	-6.973639e-05	-8.681966e-12	-1.211610e-04	-1.224279e-04	
-2.829371e-03	-6.774028e-02	-9.295823e-04	1.913468e-01	-1.921875e-03	-3.337238e-02	-1.984550e-03	-6.486847e-02	1.725394e-04	9.336614e-03	5.849687e-02	-8.860478e-05	9.083100e-05	-1.247092e-04	9.686084e-03	2.044436e-02	-2.048213e-02	-6.726706e-04	-9.004095e-05	-4.145524e-04	1.075254e-02	6.968288e-03	4.272764e-03	-1.631981e-02	-4.839621e-02	-1.043466e-04	-6.973639e-05	-8.681966e-12	-1.211610e-04	-1.224279e-04	
-3.026392e-03	-6.703327e-02	-9.579738e-04	1.000893e-01	-1.988104e-03	-1.020759e-01	-2.142799e-03	1.615275e-02	9.439692e-03	-5.035376e-02	2.951931e-02	4.771329e-04	-3.237250e-04	1.262702e-04	9.256766e-03	-5.968598e-02	-2.900825e-02	5.670233e-04	-4.142435e-04	2.500638e-04	6.004219e-02	9.781701e-03	-3.756752e-03	2.008680e-02	1.981276e-02	-1.043466e-04	-6.973639e-05	-8.681966e-12	-1.211610e-04	-1.224279e-04	
-3.222850e-03	-6.661243e-02	-9.905891e-04	-9.089687e-03	-2.058132e-03	-1.411746e-01	-2.332058e-03	1.969436e-01	8.109240e-03	1.233580e-02	7.304794e-02	3.373054e-04	2.482833e-04	2.881976e-04	-1.340828e-03	6.269395e-02	4.349793e-02	-1.385415e-04	5.723209e-04	1.610118e-04	5.343018e-02	2.796075e-02	-1.206835e-02	-1.194157e-02	2.874993e-03	-1.043466e-04	-6.973639e-05	-8.681966e-12	-1.211610e-04	-1.224279e-04	
-3.422384e-03	-6.635004e-02	-1.041787e-03	-8.904170e-02	-2.132097e-03	-1.600396e-01	-2.539111e-03	2.852167e-01	9.277707e-03	2.827457e-03	3.905076e-02	-7.772477e-05	-3.263074e-05	1.277019e-04	1.158084e-03	-9.503952e-03	-3.402788e-02	-4.137448e-04	-2.806014e-04	-1.614113e-04	-1.181664e-02	1.646197e-02	-1.497380e-02	-9.217838e-03	1.248238e-04	-1.043466e-04	-6.973639e-05	-8.681966e-12	-1.211610e-04	-1.224279e-04	
-3.628655e-03	-6.617293e-02	-1.120361e-03	-1.357073e-01	-2.210135e-03	-1.659545e-01	-2.750161e-03	3.131605e-01	3.496713e-03	-3.053503e-02	1.740445e-02	4.961361e-04	-7.349236e-05	1.039700e-04	-5.791371e-03	-3.335809e-02	-2.167701e-02	5.751464e-04	-4.054904e-05	-2.464749e-05	-5.745163e-03	6.016884e-03	-8.302586e-05	3.063018e-02	1.098780e-02	-1.043466e-04	-6.973639e-05	-8.681966e-12	-1.211610e-04	-1.224279e-04	
-3.844369e-03	-6.604108e-02	-1.211035e-03	-1.578937e-01	-2.292381e-03	-1.638301e-01	-2.967032e-03	3.852373e-01	8.497217e-03	-2.678569e-03	1.353862e-03	1.654100e-04	4.073355e-04	2.148653e-04	4.990119e-03	2.786085e-02	-1.608128e-02	-3.294406e-04	4.811404e-04	1.099797e-04	-2.983396e-03	1.381686e-03	7.720845e-04	-1.277708e-02	-2.808887e-02	-1.043466e-04	-6.973639e-05	-8.681966e-12	-1.211610e-04	-1.224279e-04	
-4.071484e-03	-6.592876e-02	-1.298420e-03	-1.145499e-01	-2.378968e-03	-1.574349e-01	-3.209846e-03	3.707174e-01	-3.878152e-03	1.611464e-02	4.216718e-02	-1.075066e-04	1.378518e-04	1.129110e-04	-1.238575e-02	1.879760e-02	4.078262e-02	-2.716309e-04	-2.691710e-04	-1.028700e-04	6.542613e-03	6.442800e-03	-5.460722e-03	-3.314812e-02	-3.795095e-02	-1.043466e-04	-6.973639e-05	-8.681966e-12	-1.211610e-04	-1.224279e-04	
-4.311446e-03	-6.584530e-02	-1.378545e-03	5.943271e-02	-2.470025e-03	-1.496850e-01	-3.481300e-03	2.479010e-01	-1.379583e-02	6.207412e-03	2.864099e-02	3.903243e-04	2.574019e-04	-7.428230e-05	-9.928055e-03	-9.902836e-03	-1.355689e-02	4.991165e-04	1.198627e-04	-1.881088e-04	-2.419327e-02	-3.497953e-03	-6.956505e-04	1.942799e-02	5.001654e-02	-1.043466e-04	-6.973639e-05	-8.681966e-12	-1.211610e-04	-1.224279e-04	
-4.565290e-03	-6.415785e-02	-1.462416e-03	1.854429e-01	-2.565677e-03	-1.424797e-01	-3.766201e-03	1.030089e-01	-1.687925e-02	1.952863e-03	-2.239437e-03	2.252725e-05	3.718241e-04	-2.765144e-04	-3.093795e-03	-4.250157e-03	-3.091112e-02	-3.665115e-04	1.147349e-04	-2.031477e-04	-2.552706e-02	-1.192005e-02	2.451276e-02	1.035095e-02	8.605837e-03	-1.043466e-04	-6.973639e-05	-8.681966e-12	-1.211610e-04	-1.224279e-04	
-4.833708e-03	-6.980039e-04	-1.569149e-03	1.623836e-01	-2.666044e-03	-1.367310e-01	-4.055420e-03	-7.245085e-03	-1.238067e-02	3.448329e-02	2.881299e-02	-1.405045e-05	3.675702e-04	-2.703256e-04	4.488191e-03	3.253482e-02	3.102173e-02	-3.529224e-05	-3.941287e-06	5.273220e-06	-2.780079e-02	-5.414143e-03	1.121289e-02	-7.578229e-04	-3.297390e-02	-1.043466e-04	-6.973639e-05	-8.681966e-12	-1.211610e-04	-1.224279e-04	
-5.117157e-03	1.772081e-01	-1.695034e-03	6.527875e-02	-2.771243e-03	-1.325511e-01	-4.349537e-03	-7.391223e-02	-2.777594e-03	-1.484967e-02	2.028746e-02	3.293492e-04	3.865580e-04	-3.845334e-04	9.592701e-03	-4.932857e-02	-8.556236e-03	3.446854e-04	1.930032e-05	-1.151234e-04	-6.729726e-03	-5.158925e-03	1.097713e-02	3.093050e-02	-1.089168e-03	-1.043466e-04	-6.973639e-05	-8.681966e-12	-1.211610e-04	-1.224279e-04	
-5.415963e-03	2.821940e-01	-1.838859e-03	-2.808984e-02	-2.881381e-03	-1.087987e-01	-4.652855e-03	-1.073857e-01	-1.255741e-02	-1.150800e-02	-2.354917e-02	5.297522e-04	1.223627e-04	-3.149344e-04	-9.790200e-03	3.346062e-03	-4.386732e-02	2.016887e-04	-2.638827e-04	6.868340e-05	-1.365045e-02	-7.456098e-03	-6.949389e-03	1.069962e-03	-1.621396e-03	-1.043466e-04	-6.973639e-05	-8.681966e-12	-1.211610e-04	-1.224279e-04	
-5.730414e-03	2.390597e-01	-2.001805e-03	-9.238721e-02	-2.996624e-03	3.367614e-02	-4.969482e-03	-1.193063e-01	-8.549051e-03	1.291938e-02	2.815545e-02	3.362025e-04	6.540031e-06	-2.086328e-04	3.997982e-03	2.443177e-02	5.167392e-02	-1.922643e-04	-1.155100e-04	1.053860e-04	2.820767e-03	1.829047e-02	-1.336462e-02	-2.380479e-02	2.270928e-03	-1.043466e-04	-6.973639e-05	-8.681966e-12	-1.211610e-04	-1.224279e-04	
-6.060806e-03	1.320768e-01	-2.169708e-03	-1.299823e-01	-3.122872e-03	1.953684e-01	-5.302473e-03	-1.183132e-01	-2.054157e-03	-2.416660e-02	9.035376e-03	5.407928e-04	1.434189e-04	-1.521951e-04	6.484514e-03	-3.708159e-02	-1.915076e-02	2.058757e-04	1.371915e-04	5.552212e-05	-1.560739e-02	4.443783e-03	-1.204472e-02	3.180609e-02	4.582587e-02	-1.043466e-04	-6.973639e-05	-8.681966e-12	-1.211610e-04	-1.224279e-04	
-6.407459e-03	3.502996e-02	-2.331345e-03	-1.088150e-01	-3.277300e-03	2.116718e-01	-5.654056e-03	-1.106112e-01	-2.461929e-03	2.125093e-02	-2.937761e-02	3.921271e-04	1.520049e-04	-4.231052e-04	-4.181567e-04	4.542192e-02	-3.844368e-02	-1.473798e-04	8.898564e-06	-2.718256e-04	9.028455e-03	-3.009227e-03	1.189155e-02	8.433774e-04	-2.784532e-02	-1.043466e-04	-6.973639e-05	-8.681966e-12	-1.211610e-04	-1.224279e-04	
-6.770716e-03	-3.079932e-02	-2.488798e-03	4.978351e-02	-3.456935e-03	1.210161e-01	-6.025903e-03	-1.006278e-01	-1.519895e-02	2.066709e-02	-5.842515e-03	1.944204e-04	3.568945e-04	-3.319257e-04	-1.274740e-02	-5.794490e-04	2.350440e-02	-1.964212e-04	2.052023e-04	9.026389e-05	-3.655446e-02	3.855831e-03	-2.677946e-02	-4.012041e-02	-3.453746e-02	-1.043466e-04	-6.973639e-05	-8.681966e-12	-1.211610e-04	-1.224279e-04	
-7.150924e-03	-6.962413e-02	-2.662833e-03	1.847538e-01	-3.643456e-03	4.344114e-02	-6.419252e-03	-9.117415e-02	-1.031660e-02	-5.348137e-03	-4.786730e-02	2.142968e-04	-8.881596e-05	-4.905332e-04	4.871967e-03	-2.601083e-02	-4.205549e-02	2.116218e-05	-4.453979e-04	-1.595232e-04	6.010775e-03	-9.958095e-03	-9.508542e-03	7.662613e-03	4.270780e-02	-1.043466e-04	-6.973639e-05	-8.681966e-12	-1.211610e-04	-1.224279e-04	
-7.548434e-03	-8.952379e-02	-2.863371e-03	1.723524e-01	-3.826285e-03	1.168522e-01	-6.835002e-03	-8.361424e-02	-1.433682e-02	2.012930e-02	-1.668234e-02	-8.025482e-04	2.206662e-04	-3.794843e-04	-4.030600e-03	2.548183e-02	3.115426e-02	-1.015560e-03	3.097948e-04	1.101334e-04	3.546142e-02	-1.132266e-02	-5.219412e-03	-1.598183e-02	-5.810569e-03	-1.043466e-04	-6.973639e-05	-8.681966e-12	-1.211610e-04	-1.224279e-04	
-7.963586e-03	-9.663130e-02	-3.087953e-03	7.763453e-02	-4.004766e-03	2.297381e-01	-7.273825e-03	-7.824897e-02	-4.077315e-03	3.827510e-02	-1.308641e-02	-5.271119e-04	1.056907e-04	-5.835581e-04	1.024912e-02	1.815019e-02	3.565238e-03	2.767218e-04	-1.146629e-04	-2.049894e-04	-3.568787e-02	-1.304600e-02	1.392639e-03	7.385176e-03	-1.668524e-02	-1.043466e-04	-6.973639e-05	-8.681966e-12	-1.211610e-04	-1.224279e-04	
-8.396698e-03	-9.561431e-02	-3.339300e-03	-1.774257e-02	-4.181991e-03	3.222490e-01	-7.736281e-03	-7.478572e-02	-1.377091e-02	-1.571135e-02	-1.877427e-02	-1.381681e-05	1.611133e-04	-4.083214e-04	-9.703976e-03	-5.398206e-02	-5.718564e-03	5.145807e-04	5.573528e-05	1.743210e-04	9.020514e-03	-2.188237e-02	1.625225e-02	4.208037e-02	1.190501e-02	-1.043466e-04	-6.973639e-05	-8.681966e-12	-1.211610e-04	-1.224279e-04	
-8.848068e-03	-9.035082e-02	-3.605217e-03	-8.438607e-02	-4.361069e-03	3.877514e-01	-8.223219e-03	-7.272311e-02	-1.082430e-02	3.583100e-02	1.131898e-02	-6.964157e-04	3.170321e-04	-1.679787e-04	2.936231e-03	5.154674e-02	3.006256e-02	-6.813132e-04	1.562314e-04	2.394272e-04	4.103286e-02	7.265458e-03	-1.295706e-02	-1.560679e-02	-3.528333e-02	-1.043466e-04	-6.973639e-05	-8.681966e-12	-1.211610e-04	-1.224279e-04	
-9.317964e-03	-8.381170e-02	-3.872113e-03	-1.029879e-01	-4.544298e-03	3.229686e-01	-8.744484e-03	-7.157961e-02	-8.704525e-03	-8.255189e-03	-2.127063e-02	-4.845661e-04	2.728478e-04	-2.530292e-04	2.109394e-03	-4.408179e-02	-3.262031e-02	2.131353e-04	-4.387167e-05	-8.596610e-05	-2.096548e-03	-8.349774e-03	-1.894961e-02	-2.795751e-03	3.369943e-02	-1.043466e-04	-6.973639e-05	-8.681966e-12	-1.211610e-04	-1.224279e-04	
-9.806622e-03	-7.783677e-02	-4.137176e-03	1.730245e-02	-4.733312e-03	1.704420e-01	-9.315913e-03	-7.098606e-02	-1.358702e-02	-5.317380e-03	-4.694706e-02	6.388201e-04	1.613336e-04	-9.106353e-05	-4.892881e-03	2.942200e-03	-2.570713e-02	1.124672e-03	-1.112016e-04	1.610500e-04	6.559506e-03	-1.206667e-02	1.111164e-02	2.871018e-02	7.763492e-03	-1.043466e-04	-6.973639e-05	-8.681966e-12	-1.211610e-04	-1.224279e-04	
-1.031424e-02	-7.322212e-02	-4.404534e-03	1.704388e-01	-4.929235e-03	2.455955e-02	-9.929082e-03	-7.069545e-02	1.552687e-03	3.050760e-02	-3.341791e-02	-2.474146e-04	1.636596e-04	-1.840206e-04	1.512933e-02	3.582937e-02	1.349845e-02	-8.849492e-04	2.638676e-06	-9.387269e-05	1.639591e-02	-1.001696e-02	-1.727217e-02	-4.437625e-02	-4.316482e-02	-1.043466e-04	-6.973639e-05	-8.681966e-12	-1.211610e-04	-1.224279e-04	
-1.084099e-02	-7.005221e-02	-4.679559e-03	1.870104e-01	-5.132746e-03	-6.518747e-03	-1.057201e-02	-7.055012e-02	1.593962e-03	-6.375079e-03	-3.284574e-02	1.307708e-04	1.573441e-04	-3.522675e-05	3.089979e-05	-3.687828e-02	5.414770e-04	3.794710e-04	-6.002981e-06	1.478783e-04	-3.406492e-02	-9.668747e-03	-7.709572e-03	-2.470915e-03	2.557353e-02	-1.043466e-04	-6.973639e-05	-8.681966e-12	-1.211610e-04	-1.224279e-04	
-1.138699e-02	-6.806324e-02	-4.966611e-03	1.013662e-01	-5.344152e-03	1.147610e-01	-1.125449e-02	-7.048402e-02	4.333458e-04	-4.613886e-03	3.372936e-03	4.255403e-04	-1.217444e-04	1.165035e-04	-1.170999e-03	1.765584e-03	3.618797e-02	2.960550e-04	-2.787758e-04	1.508146e-04	-2.166566e-02	5.545274e-03	-9.246853e-03	-5.875898e-03	2.299878e-02	-1.043466e-04	-6.973639e-05	-8.681966e-12	-1.211610e-04	-1.224279e-04	
-1.195233e-02	-6.690310e-02	-5.268858e-03	1.392341e-02	-5.563709e-03	1.826034e-01	-1.197564e-02	-7.044009e-02	-2.164629e-03	1.066996e-02	1.509634e-02	-3.908387e-04	3.084356e-04	-2.418443e-05	-2.608354e-03	1.528824e-02	1.169271e-02	-8.150933e-04	4.304926e-04	-1.416035e-04	2.214264e-03	-8.172910e-03	3.078445e-03	-1.469488e-02	-4.896184e-03	-1.043466e-04	-6.973639e-05	-8.681966e-12	-1.211610e-04	-1.224279e-04	
-1.253704e-02	-6.626446e-02	-5.588554e-03	6.002746e-02	-5.799576e-03	1.255420e-01	-1.272088e-02	-7.038693e-02	3.534730e-03	-3.400578e-02	-8.772882e-04	7.042699e-05	2.226839e-04	5.320121e-05	5.688974e-03	-4.467135e-02	-1.600432e-02	4.625512e-04	-8.543912e-05	7.647003e-05	-4.457389e-04	-7.496435e-03	1.785432e-02	3.735799e-02	1.788047e-02	-1.043466e-04	-6.973639e-05	-8.681966e-12	-1.211610e-04	-1.224279e-04	
-1.314112e-02	-6.592607e-02	-5.927260e-03	1.898936e-01	-6.067657e-03	2.309188e-02	-1.348256e-02	-7.033082e-02	4.697773e-03	-2.696070e-03	1.649842e-02	1.374199e-04	3.695152e-04	1.456555e-04	1.152666e-03	3.131410e-02	1.734501e-02	6.827844e-05	1.471439e-04	9.153868e-05	-3.203860e-02	-1.950498e-03	3.721407e-03	-2.435167e-03	-2.286824e-02	-1.043466e-04	-6.973639e-05	-8.681966e-12	-1.211610e-04	-1.224279e-04	
-1.376449e-02	-6.574687e-02	-6.287768e-03	2.234701e-01	-6.360372e-03	-6.076490e-02	-1.426227e-02	-7.023942e-02	-4.982202e-03	4.352516e-03	1.111893e-02	-5.361840e-05	4.493840e-04	-1.121118e-04	-9.690358e-03	7.052978e-03	-5.410180e-03	-1.897525e-04	8.018141e-05	-2.586828e-04	-4.768023e-02	-2.923252e-03	-1.497125e-02	-3.576731e-02	7.262338e-03	-1.043466e-04	-6.973639e-05	-8.681966e-12	-1.211610e-04	-1.224279e-04	
-1.440706e-02	-6.564438e-02	-6.685560e-03	2.615310e-01	-6.659412e-03	-1.118501e-01	-1.506492e-02	-7.010778e-02	1.614435e-03	-3.555109e-02	3.749160e-03	4.311202e-04	7.700464e-04	-1.148862e-04	6.586259e-03	-3.989922e-02	-7.400471e-03	4.860243e-04	3.209751e-04	-3.690068e-06	-3.224171e-03	-1.196389e-02	9.066436e-03	2.869272e-02	5.247273e-02	-1.043466e-04	-6.973639e-05	-8.681966e-12	-1.211610e-04	-1.224279e-04	
-1.506865e-02	-6.557345e-02	-7.129094e-03	3.222701e-01	-6.955997e-03	-1.377358e-01	-1.589496e-02	-6.995258e-02	-7.693740e-04	4.971894e-03	3.375117e-02	4.851200e-04	7.161815e-04	9.229753e-05	-2.394192e-03	4.052737e-02	2.997131e-02	5.528506e-05	-5.355227e-05	2.062682e-04	-8.298023e-03	9.425610e-03	2.019111e-02	1.840585e-02	-3.351624e-02	-1.043466e-04	-6.973639e-05	-8.681966e-12	-1.211610e-04	-1.224279e-04	
-1.574905e-02	-6.550356e-02	-7.603053e-03	2.738280e-01	-7.253462e-03	-1.475381e-01	-1.675561e-02	-5.656279e-02	-1.241621e-03	7.968409e-03	8.066688e-03	-2.899312e-05	2.560885e-04	4.274153e-05	-4.826287e-04	3.000907e-03	-2.571518e-02	-5.128275e-04	-4.597804e-04	-5.047159e-05	-1.609232e-02	-6.218502e-03	1.646663e-03	-2.118289e-02	-5.020190e-02	-1.043466e-04	-6.973639e-05	-8.681966e-12	-1.211610e-04	-1.224279e-04	
-1.644796e-02	-6.543846e-02	-8.092762e-03	1.422124e-01	-7.571399e-03	-1.473250e-01	-1.764900e-02	6.670710e-02	6.495055e-04	-1.477366e-02	5.758247e-03	6.643825e-04	2.541720e-04	7.558410e-06	1.880747e-03	-2.273767e-02	-2.339137e-03	6.946616e-04	-1.603945e-06	-3.609872e-05	-3.421827e-02	-1.570080e-03	-6.727199e-04	2.395608e-02	1.133585e-02	-1.043466e-04	-6.973639e-05	-8.681966e-12	-1.211610e-04	-1.224279e-04	
-1.716505e-02	-6.536359e-02	-8.595034e-03	1.167656e-02	-7.916149e-03	-1.412467e-01	-1.857648e-02	2.381583e-01	2.132900e-03	1.031398e-02	3.300514e-02	2.441434e-04	2.505115e-04	-3.839599e-05	1.473012e-03	2.509203e-02	2.721619e-02	-4.189539e-04	-3.347902e-06	-4.687000e-05	-2.008877e-02	1.483521e-02	-5.086705e-03	7.206313e-04	-1.026140e-02	-1.043466e-04	-6.973639e-05	-8.681966e-12	-1.211610e-04	-1.224279e-04	
-1.789992e-02	-6.034999e-02	-9.121927e-03	-7.869807e-02	-8.272324e-03	-1.325499e-01	-1.953884e-02	2.744198e-01	3.197265e-03	2.783237e-02	-1.508589e-02	-4.635173e-04	2.477137e-04	-4.782050e-05	1.053989e-03	1.752278e-02	-4.812172e-02	-7.063751e-04	-2.485059e-06	-1.034011e-05	5.892651e-03	6.826676e-03	-1.791986e-02	-1.218666e-02	8.377557e-03	-1.043466e-04	-6.973639e-05	-8.681966e-12	-1.211610e-04	-1.224279e-04	
-1.865211e-02	3.004062e-02	-9.692575e-03	-1.290818e-01	-8.627991e-03	-1.236291e-01	-2.053636e-02	1.914465e-01	-3.522002e-03	-1.180014e-02	-2.132888e-02	5.391856e-04	2.455240e-04	-1.196080e-04	-6.729648e-03	-3.962812e-02	-6.273693e-03	1.003989e-03	-1.877189e-06	-7.270309e-05	9.103103e-03	8.747263e-05	8.511919e-03	3.333807e-02	2.112723e-02	-1.043466e-04	-6.973639e-05	-8.681966e-12	-1.211610e-04	-1.224279e-04	
-1.942108e-02	2.107673e-01	-1.030139e-02	-1.511980e-01	-8.981573e-03	-1.158572e-01	-2.156907e-02	8.500363e-02	-1.079680e-02	2.735397e-02	-3.029575e-02	-3.279297e-04	2.429433e-04	-1.069511e-04	-7.285177e-03	3.915850e-02	-8.997566e-03	-8.658296e-04	-2.268032e-06	1.174133e-05	2.974310e-03	1.409397e-03	-8.498522e-03	-2.053810e-02	-3.463514e-02	-1.043466e-04	-6.973639e-05	-8.681966e-12	-1.211610e-04	-1.224279e-04	
-2.020624e-02	2.843942e-01	-1.094166e-02	-1.555546e-01	-9.336207e-03	-1.097222e-01	-2.263679e-02	6.475592e-02	-5.403456e-03	1.364760e-02	6.028889e-03	8.895698e-05	2.421695e-04	-8.742078e-05	5.382960e-03	-1.370198e-02	3.629394e-02	4.181723e-04	-4.612537e-07	1.861469e-05	-2.097431e-02	2.990735e-03	-1.081079e-02	-3.756332e-02	-8.943757e-03	-1.043466e-04	-6.973639e-05	-8.681966e-12	-1.211610e-04	-1.224279e-04	
-2.100693e-02	2.204270e-01	-1.162308e-02	-1.496466e-01	-9.695238e-03	-1.051448e-01	-2.373928e-02	1.898134e-01	-7.468929e-03	-1.642909e-02	-1.235785e-02	3.343569e-04	2.403479e-04	-1.025879e-04	-2.075851e-03	-3.007229e-02	-1.841743e-02	2.466856e-04	-1.508954e-06	-1.608274e-05	-3.366661e-02	-4.586886e-03	5.732768e-04	1.786749e-02	5.037024e-02	-1.043466e-04	-6.973639e-05	-8.681966e-12	-1.211610e-04	-1.224279e-04	
-2.182552e-02	1.115515e-01	-1.233951e-02	-1.388605e-01	-1.006102e-02	-9.828804e-02	-2.487623e-02	2.653697e-01	-1.317439e-02	1.035158e-02	-3.457356e-02	-8.838763e-04	2.345950e-04	-2.143505e-04	-5.715844e-03	2.678506e-02	-2.224641e-02	-1.216948e-03	-5.440271e-06	-1.126782e-04	2.501215e-02	-1.388449e-02	9.845453e-03	3.766873e-04	-3.767595e-03	-1.043466e-04	-6.973639e-05	-8.681966e-12	-1.211610e-04	-1.224279e-04	
-2.267770e-02	2.051252e-02	-1.307715e-02	-1.269754e-01	-1.043509e-02	-1.476797e-02	-2.604731e-02	2.088636e-01	2.991817e-03	-1.610240e-02	1.148055e-03	-9.943967e-04	2.380933e-04	2.066386e-05	1.615583e-02	-2.644959e-02	3.569092e-02	-1.092350e-04	3.810970e-06	2.340988e-04	-2.886014e-03	-8.501185e-04	2.857418e-04	1.697246e-03	-2.462461e-02	-1.043466e-04	-6.973639e-05	-8.681966e-12	-1.211610e-04	-1.224279e-04	
-2.356610e-02	-3.878900e-02	-1.383129e-02	-1.162666e-01	-1.081841e-02	1.680245e-01	-2.725437e-02	9.921381e-02	-6.414502e-03	-5.201013e-02	-3.795138e-02	-3.249649e-04	1.769692e-04	4.494875e-05	-9.416698e-03	-3.590333e-02	-3.913014e-02	6.707175e-04	-6.081154e-05	2.336929e-05	2.484695e-02	-1.975029e-02	9.197739e-03	3.653551e-02	5.998817e-03	-1.043466e-04	-6.973639e-05	-8.681966e-12	-1.211610e-04	-1.224279e-04	
-2.447237e-02	-3.573535e-02	-1.460503e-02	-1.076936e-01	-1.121153e-02	2.538504e-01	-2.851254e-02	5.914097e-03	-9.049729e-03	8.708534e-03	-1.024819e-02	-2.886009e-04	-1.031741e-04	-5.801731e-05	-2.645609e-03	6.072305e-02	2.767249e-02	3.764952e-05	-2.798306e-04	-1.038817e-04	1.540434e-02	4.339819e-03	-1.004326e-02	-1.987759e-02	-2.397671e-02	-1.043466e-04	-6.973639e-05	-8.681966e-12	-1.211610e-04	-1.224279e-04	
-2.538216e-02	1.100457e-01	-1.540350e-02	-1.013007e-01	-1.161462e-02	1.977704e-01	-2.982750e-02	-5.310737e-02	-9.598440e-03	-1.749343e-02	7.788674e-03	-8.399637e-04	5.629179e-05	1.905524e-04	-5.590914e-04	-2.619757e-02	1.800617e-02	-5.500771e-04	1.597784e-04	2.476542e-04	-5.721856e-03	1.447151e-02	-2.735392e-02	-3.391007e-02	-5.034656e-03	-1.043466e-04	-6.973639e-05	-8.681966e-12	-1.211610e-04	-1.224279e-04	
-2.629195e-02	2.431577e-01	-1.623098e-02	-9.668426e-02	-1.202760e-02	9.055374e-02	-3.118213e-02	-5.083071e-02	7.962823e-03	-5.312299e-03	-3.179820e-02	-2.190510e-04	1.609396e-04	-4.036325e-05	1.755088e-02	1.218552e-02	-3.961757e-02	6.221980e-04	1.049604e-04	-2.318313e-04	2.116621e-02	-5.594613e-03	-8.461599e-03	-1.895987e-03	5.413545e-02	-1.043466e-04	-6.973639e-05	-8.681966e-12	-1.211610e-04	-1.224279e-04	
-2.720326e-02	2.320460e-01	-1.709054e-02	-9.332728e-02	-1.245026e-02	-1.254631e-03	-3.256128e-02	9.450819e-02	-7.133247e-03	-5.446387e-02	-8.194231e-03	1.065765e-03	2.197287e-04	-4.167760e-04	-1.510645e-02	-4.914718e-02	2.357327e-02	1.286101e-03	5.910173e-05	-3.773283e-04	7.593776e-02	5.107490e-03	1.199905e-02	1.489597e-02	1.819981e-02	-1.043466e-04	-6.973639e-05	-8.681966e-12	-1.211610e-04	-1.224279e-04	
-2.811816e-02	1.374676e-01	-1.798427e-02	-9.076197e-02	-1.288233e-02	-6.158916e-02	-3.396075e-02	2.340563e-01	-8.982895e-03	-3.596042e-02	3.131362e-03	1.297012e-04	1.576518e-04	-3.590305e-04	-1.860031e-03	1.850784e-02	1.129489e-02	-9.347778e-04	-6.176419e-05	5.682988e-05	-1.273041e-02	1.365514e-03	1.457531e-02	-1.410289e-02	-4.552089e-02	-1.043466e-04	-6.973639e-05	-8.681966e-12	-1.211610e-04	-1.224279e-04	
-2.903788e-02	6.722447e-02	-1.891356e-02	-8.865693e-02	-1.332355e-02	-9.602331e-02	-3.538205e-02	2.292784e-01	4.874006e-03	-1.239637e-02	-1.229441e-02	2.974987e-05	-3.257027e-06	-2.246287e-04	1.384652e-02	2.356844e-02	-1.545647e-02	-9.866550e-05	-1.605963e-04	1.334862e-04	-2.413133e-02	5.877901e-03	-2.241090e-03	-6.513067e-03	8.912400e-03	-1.043466e-04	-6.973639e-05	-8.681966e-12	-1.211610e-04	-1.224279e-04	
-2.996291e-02	1.487682e-01	-1.987924e-02	-8.679640e-02	-1.377370e-02	-1.124613e-01	-3.682743e-02	1.372929e-01	-8.396097e-03	-3.307063e-02	-6.968748e-03	7.734215e-04	-1.302141e-04	-1.103652e-06	-1.328049e-02	-2.066988e-02	5.294960e-03	7.449571e-04	-1.266444e-04	2.226095e-04	-3.968021e-03	5.053518e-03	4.462002e-04	-1.595116e-03	3.904184e-02	-1.043466e-04	-6.973639e-05	-8.681966e-12	-1.211610e-04	-1.224279e-04	
-3.089316e-02	2.628088e-01	-2.088173e-02	-7.610600e-02	-1.423255e-02	-1.167741e-01	-3.829835e-02	4.179303e-02	-4.062979e-03	2.351924e-02	2.253719e-02	-4.316459e-04	8.179625e-06	2.808700e-05	4.322737e-03	5.659426e-02	2.947524e-02	-1.203782e-03	1.387064e-04	2.827505e-05	6.184655e-02	-6.468624e-03	9.202438e-03	-2.186885e-02	-2.978778e-03	-1.043466e-04	-6.973639e-05	-8.681966e-12	-1.211610e-04	-1.224279e-04	
-3.182805e-02	2.478592e-01	-2.192120e-02	3.471960e-02	-1.469992e-02	-1.135088e-01	-3.980035e-02	-2.529527e-02	-8.829157e-03	-1.083651e-02	5.628377e-02	-1.282590e-04	1.099750e-04	-4.639121e-05	-4.776559e-03	-3.435136e-02	3.371589e-02	3.046725e-04	1.021079e-04	-7.539380e-05	-1.038577e-03	1.637461e-03	1.783858e-02	3.821642e-02	1.103913e-02	-1.043466e-04	-6.973639e-05	-8.681966e-12	-1.211610e-04	-1.224279e-04	
-3.276657e-02	1.454634e-01	-2.299769e-02	2.132449e-01	-1.517563e-02	-1.048273e-01	-4.135056e-02	-6.489640e-02	-1.226596e-02	-8.434226e-03	5.192400e-03	-3.358812e-05	2.720138e-04	-1.193579e-04	-3.447187e-03	2.406677e-03	-5.112207e-02	9.595656e-05	1.623515e-04	-7.388232e-05	-2.203974e-02	4.490946e-03	1.793747e-02	7.626753e-03	-1.385039e-02	-1.043466e-04	-6.973639e-05	-8.681966e-12	-1.211610e-04	-1.224279e-04	
-3.370739e-02	4.095496e-02	-2.411118e-02	2.669225e-01	-1.565949e-02	-3.339205e-02	-4.294718e-02	-8.512004e-02	-5.787462e-03	3.037087e-02	4.837636e-02	-1.899639e-04	2.941781e-04	-1.562243e-04	6.468120e-03	3.880949e-02	4.315326e-02	-1.550903e-04	2.247679e-05	-3.778193e-05	1.745988e-03	1.360146e-02	-4.526927e-03	-3.312569e-02	-1.641510e-02	-1.043466e-04	-6.973639e-05	-8.681966e-12	-1.211610e-04	-1.224279e-04	
-3.465178e-02	-3.082009e-02	-2.526161e-02	1.928626e-01	-1.615133e-02	1.517803e-01	-4.457086e-02	-9.234633e-02	-8.913273e-03	-3.270789e-02	4.067199e-02	2.800803e-04	2.471984e-04	5.028532e-05	-3.136192e-03	-6.307437e-02	-7.735061e-03	4.713299e-04	-4.666696e-05	2.055940e-04	1.298107e-02	9.746157e-03	1.458183e-02	3.848130e-02	3.422664e-02	-1.043466e-04	-6.973639e-05	-8.681966e-12	-1.211610e-04	-1.224279e-04	
-3.561435e-02	-7.123847e-02	-2.644893e-02	1.064521e-01	-1.665094e-02	2.626415e-01	-4.620872e-02	-9.112804e-02	-8.441931e-03	-9.558850e-03	-2.991561e-03	3.313804e-04	8.240571e-05	-4.537186e-05	4.609616e-04	2.315343e-02	-4.369425e-02	5.258566e-05	-1.644801e-04	-9.657278e-05	-1.293938e-02	2.828117e-03	2.274212e-02	2.214865e-02	-2.452977e-02	-1.043466e-04	-6.973639e-05	-8.681966e-12	-1.211610e-04	-1.224279e-04	
-3.659788e-02	-9.029030e-02	-2.767524e-02	1.616062e-01	-1.715813e-02	2.239707e-01	-4.785786e-02	-8.520566e-02	6.115273e-03	-1.407353e-02	4.683794e-02	-2.446124e-04	-1.831858e-04	3.559505e-05	1.454682e-02	-4.510292e-03	4.979881e-02	-5.747072e-04	-2.652789e-04	8.005132e-05	1.564938e-02	1.526297e-02	4.330645e-03	-2.998048e-02	-5.377597e-02	-1.043466e-04	-6.973639e-05	-8.681966e-12	-1.211610e-04	-1.224279e-04	
-3.758360e-02	-9.584325e-02	-2.895595e-02	2.677628e-01	-1.767269e-02	1.203242e-01	-4.951935e-02	-7.761930e-02	-1.957724e-03	-6.585407e-02	4.178064e-03	-8.052778e-05	-6.454042e-04	-1.900647e-04	-8.083376e-03	-5.177614e-02	-4.269058e-02	1.653704e-04	-4.619056e-04	-2.265754e-04	4.764671e-02	4.124189e-03	-1.984920e-03	1.196835e-02	2.323422e-02	-1.043466e-04	-6.973639e-05	-8.681966e-12	-1.211610e-04	-1.224279e-04	
-3.855617e-02	-9.314414e-02	-3.029705e-02	2.530971e-01	-1.819440e-02	2.583544e-02	-5.119436e-02	-7.037544e-02	-6.112662e-03	-3.591482e-02	-1.531079e-02	-1.417816e-03	-6.483193e-04	-1.199654e-04	-4.165322e-03	2.994364e-02	-1.951955e-02	-1.336002e-03	-2.602448e-06	6.918374e-05	2.766584e-02	3.076098e-03	-2.327115e-03	-4.034015e-03	3.671767e-03	-1.043466e-04	-6.973639e-05	-8.681966e-12	-1.211610e-04	-1.224279e-04	
-3.951122e-02	-8.609114e-02	-3.168168e-02	1.481863e-01	-1.872302e-02	-3.792046e-02	-5.288456e-02	-6.444497e-02	-2.557413e-03	-5.238870e-02	1.683027e-02	-2.510943e-03	-3.533338e-04	-8.315274e-05	3.544871e-03	-1.646949e-02	3.211037e-02	-1.091842e-03	2.952981e-04	3.589705e-05	2.430557e-02	1.302605e-02	7.083759e-05	9.176775e-03	-1.669930e-02	-1.043466e-04	-6.973639e-05	-8.681966e-12	-1.211610e-04	-1.224279e-04	
-4.044974e-02	-7.769703e-02	-3.309500e-02	3.927915e-02	-1.925832e-02	-7.494860e-02	-5.460348e-02	-6.001803e-02	-5.880797e-03	-5.561832e-02	4.999392e-03	-1.454298e-03	-6.572548e-04	-1.496656e-04	-3.333765e-03	-3.225223e-03	-1.186158e-02	1.057930e-03	-3.036084e-04	-6.742845e-05	-7.775942e-03	7.311170e-03	2.651255e-02	4.578197e-02	-1.152076e-02	-1.043466e-04	-6.973639e-05	-8.681966e-12	-1.211610e-04	-1.224279e-04	
-4.137338e-02	-6.990321e-02	-3.453313e-02	-3.584908e-02	-1.980004e-02	-9.318664e-02	-5.635989e-02	-5.686078e-02	-5.370576e-03	-1.111131e-02	-3.072066e-03	-2.260914e-03	-6.717254e-04	-5.445328e-04	4.998386e-04	4.451140e-02	-8.102155e-03	-8.053305e-04	-1.415816e-05	-3.957828e-04	1.659694e-02	5.089232e-03	-9.025056e-03	-2.042035e-02	-3.210118e-02	-1.043466e-04	-6.973639e-05	-8.681966e-12	-1.211610e-04	-1.224279e-04	
-4.228307e-02	-6.362356e-02	-3.599786e-02	-7.770027e-02	-2.034792e-02	-9.868898e-02	-5.814425e-02	-5.463075e-02	-3.277719e-03	-5.160730e-02	4.011640e-03	-1.899621e-03	-6.713790e-04	-3.397923e-04	2.082476e-03	-4.049160e-02	7.053009e-03	3.625793e-04	6.592908e-07	2.038249e-04	-1.937953e-02	-2.662546e-03	1.024448e-02	3.735357e-02	2.937812e-02	-1.043466e-04	-6.973639e-05	-8.681966e-12	-1.211610e-04	-1.224279e-04	
-4.317911e-02	-5.899297e-02	-3.749176e-02	-9.674410e-02	-2.090169e-02	-9.610276e-02	-5.995574e-02	-5.298877e-02	3.016065e-04	7.773488e-03	2.879388e-02	-1.335230e-03	-6.719444e-04	-2.003859e-04	3.568946e-03	5.938518e-02	2.475153e-02	5.656758e-04	-2.528631e-07	1.384908e-04	2.779701e-02	7.314384e-03	2.137347e-02	2.017379e-02	-3.939974e-02	-1.043466e-04	-6.973639e-05	-8.681966e-12	-1.211610e-04	-1.224279e-04	
-4.406748e-02	-5.572961e-02	-3.901658e-02	-1.015210e-01	-2.146107e-02	-8.929509e-02	-6.178267e-02	-5.142791e-02	-6.160209e-03	-8.579203e-03	3.416497e-02	-1.307851e-03	-4.910648e-04	-7.510986e-05	-6.472195e-03	-1.634830e-02	5.340401e-03	2.866512e-05	1.811922e-04	1.243604e-04	-5.220792e-02	1.745045e-02	-9.754296e-03	-2.499823e-02	-4.547792e-02	-1.043466e-04	-6.973639e-05	-8.681966e-12	-1.211610e-04	-1.224279e-04	
-4.496444e-02	-5.345086e-02	-4.057323e-02	-9.771506e-02	-2.202575e-02	-8.124986e-02	-6.360626e-02	-1.306111e-02	8.694781e-03	-5.474351e-02	6.904692e-03	-1.286679e-03	-6.856077e-04	-3.256806e-04	1.484461e-02	-4.615992e-02	-2.729098e-02	2.245713e-05	-1.942303e-04	-2.514863e-04	1.387190e-02	9.847736e-03	-3.601444e-03	2.567883e-02	4.711708e-02	-1.043466e-04	-6.973639e-05	-8.681966e-12	-1.211610e-04	-1.224279e-04	
-4.586494e-02	-5.181124e-02	-4.216198e-02	-8.944649e-02	-2.259544e-02	-7.373052e-02	-6.541753e-02	1.503877e-01	7.264906e-03	-1.325511e-02	-1.377612e-02	-1.070146e-03	-5.955196e-04	-4.271274e-04	-1.440260e-03	4.149279e-02	-2.071151e-02	2.178190e-04	9.040071e-05	-1.023624e-04	-1.062836e-02	1.705870e-02	7.440489e-03	1.147323e-02	-2.133703e-02	-1.043466e-04	-6.973639e-05	-8.681966e-12	-1.211610e-04	-1.224279e-04	
-4.674927e-02	-5.056166e-02	-4.378255e-02	-7.980590e-02	-2.316980e-02	-4.193319e-02	-6.722052e-02	2.893094e-01	1.088805e-02	-6.862425e-03	7.181481e-03	-1.148490e-03	-5.916502e-04	-3.043450e-04	3.612769e-03	6.397077e-03	2.092690e-02	-7.705893e-05	4.182129e-06	1.218668e-04	-5.558261e-02	1.584454e-02	-1.729759e-02	-5.485101e-02	-4.079584e-02	-1.043466e-04	-6.973639e-05	-8.681966e-12	-1.211610e-04	-1.224279e-04	
-4.760571e-02	-4.952566e-02	-4.543418e-02	-7.079637e-02	-2.374852e-02	1.112726e-01	-6.903477e-02	2.766625e-01	1.041969e-02	-3.468632e-02	-1.593295e-02	-5.013291e-04	-7.043395e-04	-3.850318e-04	-4.787418e-04	-2.781951e-02	-2.314512e-02	6.484467e-04	-1.123768e-04	-8.160248e-05	-4.147535e-03	2.493387e-03	-6.174165e-03	1.462479e-02	6.465060e-02	-1.043466e-04	-6.973639e-05	-8.681966e-12	-1.211610e-04	-1.224279e-04	
-4.843251e-02	-4.660199e-02	-4.711568e-02	-6.336699e-02	-2.433123e-02	2.683654e-01	-7.086287e-02	1.768878e-01	-5.524252e-03	-8.143871e-04	-3.448980e-02	-1.115332e-03	-5.159864e-04	-3.128920e-04	-1.595432e-02	3.387633e-02	-1.858756e-02	-6.127169e-04	1.886657e-04	7.122426e-05	1.629454e-02	-2.768069e-03	1.083650e-02	-5.583712e-03	-5.864908e-03	-1.043466e-04	-6.973639e-05	-8.681966e-12	-1.211610e-04	-1.224279e-04	
-4.923908e-02	2.194911e-02	-4.882560e-02	-5.769269e-02	-2.491758e-02	2.763364e-01	-7.268742e-02	7.496690e-02	-5.313132e-03	-3.574521e-03	-1.082879e-02	-1.227686e-03	-6.162866e-04	-2.470197e-04	2.007392e-04	-2.755745e-03	2.363031e-02	-1.110686e-04	-9.998773e-05	6.495669e-05	-5.940010e-02	-1.312418e-02	1.235863e-02	-2.141890e-02	-3.888154e-02	-1.043466e-04	-6.973639e-05	-8.681966e-12	-1.211610e-04	-1.224279e-04	
-5.004296e-02	2.018431e-01	-5.056234e-02	-5.351476e-02	-2.550721e-02	1.833733e-01	-7.449588e-02	2.762097e-03	-4.665711e-03	-3.354860e-02	-4.646036e-02	-6.656912e-04	-8.321072e-04	-3.766418e-04	6.370403e-04	-2.996969e-02	-3.566227e-02	5.632802e-04	-2.155080e-04	-1.305377e-04	1.380828e-02	-2.390083e-02	4.214705e-03	1.690241e-02	1.043663e-02	-1.043466e-04	-6.973639e-05	-8.681966e-12	-1.211610e-04	-1.224279e-04	
-3.917247e-02	3.025608e-01	-5.232418e-02	-5.042861e-02	-2.609971e-02	7.958278e-02	-7.629074e-02	-4.061279e-02	-2.145884e-03	5.160236e-02	-3.865864e-02	-7.887624e-04	-6.761892e-04	-3.618165e-04	2.509447e-03	8.515536e-02	7.771025e-03	-1.217854e-04	1.562308e-04	1.390971e-05	1.351275e-02	-1.145837e-02	-1.417542e-02	-1.026678e-02	1.418423e-02	-1.043466e-04	-6.973639e-05	-8.681966e-12	-1.211610e-04	-1.224279e-04	
7.855480e-02	2.564940e-01	-5.410934e-02	-4.805618e-02	-2.669468e-02	3.698326e-03	-7.809022e-02	-6.330000e-02	-5.109271e-03	-2.012638e-02	-3.147721e-02	-5.814593e-04	-5.788091e-04	-3.357010e-04	-2.973767e-03	-7.172436e-02	7.150739e-03	2.085887e-04	9.769259e-05	2.519986e-05	1.860245e-03	-4.811087e-03	-6.307895e-03	2.581190e-02	4.466391e-02	-1.043466e-04	-6.973639e-05	-8.681966e-12	-1.211610e-04	-1.224279e-04	
2.512025e-01	1.498459e-01	-5.591593e-02	-4.611175e-02	-2.729167e-02	-4.256319e-02	-7.989538e-02	-7.192948e-02	-5.394088e-03	7.800031e-03	4.908052e-03	-3.829134e-04	-4.884579e-04	-1.678489e-04	-2.951978e-04	2.793080e-02	3.635456e-02	1.998313e-04	9.066382e-05	1.669365e-04	-6.337387e-03	1.042598e-02	-2.047964e-03	4.351479e-04	-1.311546e-02	-1.043466e-04	-6.973639e-05	-8.681966e-12	-1.211610e-04	-1.224279e-04	
2.918447e-01	5.461958e-02	-5.774205e-02	-4.442870e-02	-1.894263e-02	-6.715661e-02	-8.170343e-02	-7.141849e-02	-4.466650e-03	6.106493e-03	-1.717612e-03	-1.085050e-03	-8.164321e-04	-2.702050e-04	9.170583e-04	-1.689149e-03	-6.656363e-03	-7.008511e-04	-3.276615e-04	-1.032717e-04	-3.476069e-02	3.605544e-03	-2.612573e-02	-5.777086e-02	-1.808478e-02	-1.043466e-04	-6.973639e-05	-8.681966e-12	-1.211610e-04	-1.224279e-04	
2.103414e-01	-9.272966e-03	-5.958565e-02	-4.288250e-02	8.960465e-02	-7.697330e-02	-8.351034e-02	-6.582208e-02	-1.397151e-03	-3.192978e-02	2.433280e-03	7.059760e-05	-6.709683e-04	-2.748471e-04	3.059116e-03	-3.803188e-02	4.120195e-03	1.156934e-03	1.457764e-04	-5.557682e-06	1.349690e-02	-4.456237e-03	1.578283e-03	1.475596e-02	6.558920e-02	-1.043466e-04	-6.973639e-05	-8.681966e-12	-1.211610e-04	-1.224279e-04	
1.011019e-01	-4.641968e-02	-6.144466e-02	-4.141482e-02	2.658648e-01	-7.709422e-02	-8.531179e-02	-5.835244e-02	-1.627608e-03	-2.051593e-03	1.438911e-02	-3.311972e-04	-3.570792e-04	-3.576369e-04	-2.408384e-04	2.988258e-02	1.192513e-02	-4.005093e-04	3.142018e-04	-8.370544e-05	-1.552697e-02	-5.592356e-03	6.965932e-03	-9.720187e-03	-9.683460e-03	-1.043466e-04	-6.973639e-05	-8.681966e-12	-1.211610e-04	-1.224279e-04	
2.221259e-02	-6.486880e-02	-6.331687e-02	-3.999199e-02	3.172776e-01	-7.165520e-02	-8.710357e-02	-5.112073e-02	-2.350296e-03	-1.492404e-02	-2.423415e-03	-6.131963e-05	-2.282111e-04	-2.854788e-04	-7.330690e-04	-1.286805e-02	-1.684322e-02	2.711633e-04	1.291806e-04	7.124248e-05	-4.161255e-02	-1.230754e-02	5.179803e-03	-1.435957e-02	-8.307331e-03	-1.043466e-04	-6.973639e-05	-8.681966e-12	-1.211610e-04	-1.224279e-04	
6.729157e-02	-7.068885e-02	-6.520048e-02	-3.860416e-02	2.409374e-01	-6.399039e-02	-8.886822e-02	-4.514473e-02	-1.704780e-03	-5.266794e-02	-7.982563e-03	-9.512747e-05	4.174486e-05	-4.775921e-04	6.351374e-04	-3.773951e-02	-5.589845e-03	-3.252250e-05	2.702686e-04	-1.930289e-04	-3.124637e-02	-3.066553e-03	4.779826e-03	5.436585e-03	8.964388e-03	-1.043466e-04	-6.973639e-05	-8.681966e-12	-1.211610e-04	-1.224279e-04	
2.156352e-01	-6.851810e-02	-6.710350e-02	-3.725212e-02	1.313382e-01	-5.636050e-02	-9.059300e-02	-4.064287e-02	9.448012e-03	9.600800e-03	4.637489e-02	-5.666855e-04	-1.102701e-04	-4.754316e-04	1.114241e-02	6.227313e-02	5.432676e-02	-4.702723e-04	-1.517024e-04	1.244991e-06	6.158887e-02	9.618585e-03	-2.606042e-03	-2.333578e-02	4.469775e-03	-1.043466e-04	-6.973639e-05	-8.681966e-12	-1.211610e-04	-1.224279e-04	
2.637030e-01	-6.221130e-02	-6.903780e-02	-3.592403e-02	4.363048e-02	-4.990064e-02	-9.066208e-02	-3.740685e-02	-5.290010e-03	-2.888314e-02	-2.457810e-02	-3.421044e-04	-2.449886e-04	-5.656878e-04	-1.474840e-02	-3.847955e-02	-7.098369e-02	2.258665e-04	-1.344059e-04	-9.117185e-05	4.874632e-02	-1.153840e-02	1.136594e-02	2.601670e-02	1.762125e-02	-1.043466e-04	-6.973639e-05	-8.681966e-12	-1.211610e-04	-1.224279e-04	
1.896888e-01	-5.470635e-02	-7.099032e-02	-3.462094e-02	-1.288333e-02	-4.491310e-02	-2.891163e-02	-3.509131e-02	9.412915e-03	-1.397975e-02	-3.719713e-02	-3.692549e-04	-3.507813e-04	-7.096569e-04	1.469255e-02	1.490778e-02	-1.264973e-02	-2.586487e-05	-1.054801e-04	-1.448846e-04	-4.165686e-02	-8.704287e-03	1.268067e-02	7.681546e-03	-1.133427e-02	-1.043466e-04	-6.973639e-05	-8.681966e-12	-1.211610e-04	-1.224279e-04	
8.319150e-02	-4.780660e-02	-7.294092e-02	-3.334374e-02	-4.517553e-02	-4.124597e-02	1.481345e-01	-3.337448e-02	-5.327052e-03	4.433105e-03	-5.337660e-03	-7.799572e-04	-1.265572e-04	-5.525946e-04	-1.475035e-02	1.841725e-02	3.182877e-02	-4.094164e-04	2.245367e-04	1.561466e-04	8.455015e-03	2.856003e-03	-1.299928e-02	-2.782959e-02	-4.174843e-04	-1.043466e-04	-6.973639e-05	-8.681966e-12	-1.211610e-04	-1.224279e-04	
-4.059576e-04	-4.226946e-02	-7.487977e-02	-3.209319e-02	-6.081281e-02	-3.857230e-02	3.028309e-01	-3.201677e-02	6.423984e-03	-2.575176e-02	-1.103163e-02	-5.776887e-04	-3.011026e-04	-8.350638e-04	1.174066e-02	-3.018048e-02	-5.724664e-03	2.035540e-04	-1.742328e-04	-2.833848e-04	-1.765678e-02	2.403654e-04	3.210356e-03	2.192865e-02	3.081551e-02	-1.043466e-04	-6.973639e-05	-8.681966e-12	-1.211610e-04	-1.224279e-04	
-5.222801e-02	-3.815605e-02	-7.680522e-02	-3.086988e-02	-6.531487e-02	-3.656189e-02	4.312182e-01	-3.086235e-02	9.332214e-03	-1.917693e-02	-4.075861e-02	-6.522813e-04	-3.252181e-04	-6.371645e-04	2.897852e-03	6.579218e-03	-2.975768e-02	-7.330692e-05	-2.380284e-05	1.969838e-04	-4.276065e-02	2.917697e-03	-2.582577e-03	3.342663e-02	-2.753817e-03	-1.043466e-04	-6.973639e-05	-8.681966e-12	-1.211610e-04	-1.224279e-04	
-8.023039e-02	-3.521456e-02	-7.871778e-02	-2.967432e-02	-6.305995e-02	-3.495034e-02	4.829591e-01	-2.981936e-02	4.338291e-03	6.115623e-03	-1.883814e-02	-8.794498e-04	-5.101272e-04	-7.821350e-04	-5.004305e-03	2.529695e-02	2.188977e-02	-2.258830e-04	-1.845966e-04	-1.458862e-04	-1.882126e-02	1.761072e-02	-1.523819e-02	-3.100347e-02	-3.457226e-02	-1.043466e-04	-6.973639e-05	-8.681966e-12	-1.211610e-04	-1.224279e-04	
-9.256773e-02	-3.311186e-02	-8.048858e-02	-2.850688e-02	-5.765760e-02	-3.355390e-02	5.185690e-01	-2.883770e-02	7.611924e-03	-4.216023e-02	4.721126e-03	-6.795723e-04	-4.036402e-04	-3.507505e-04	3.263250e-03	-4.827147e-02	2.352857e-02	2.011630e-04	1.067997e-04	4.304689e-04	1.572238e-02	1.140355e-02	-2.242425e-02	-1.516190e-02	4.462309e-02	-1.043466e-04	-6.973639e-05	-8.681966e-12	-1.211610e-04	-1.224279e-04	
-9.478101e-02	-3.154927e-02	-5.123741e-02	-2.736446e-02	-5.171438e-02	-3.228143e-02	4.799241e-01	-2.788657e-02	5.081225e-03	-2.096797e-02	-1.488513e-02	-3.378697e-05	-7.730566e-04	-4.526848e-04	-2.541077e-03	2.119665e-02	-1.963695e-02	6.470708e-04	-3.691039e-04	-1.028500e-04	4.438668e-03	-4.371430e-03	1.708443e-02	1.623824e-02	5.683276e-03	-1.043466e-04	-6.973639e-05	-8.681966e-12	-1.211610e-04	-1.224279e-04	
-9.098488e-02	-3.030701e-02	1.027407e-01	-2.623250e-02	-4.669660e-02	-3.109468e-02	3.217413e-01	-2.696398e-02	1.352043e-02	-7.937067e-05	1.821252e-02	-5.477876e-04	-7.848617e-04	-4.075456e-04	8.428821e-03	2.089299e-02	3.306695e-02	-5.127150e-04	-1.149246e-05	4.422365e-05	-6.552003e-03	-1.710303e-03	-2.705703e-03	-3.997175e-02	-3.378774e-02	-1.043466e-04	-6.973639e-05	-8.681966e-12	-1.211610e-04	-1.224279e-04	
-8.450585e-02	-2.924373e-02	2.469720e-01	-2.511310e-02	-4.312105e-02	-2.996574e-02	1.295238e-01	-2.606373e-02	1.431285e-02	9.660462e-04	1.815639e-02	-1.069969e-03	-7.991124e-04	-4.627235e-04	7.820459e-04	1.049810e-03	-8.682799e-05	-5.208958e-04	-1.393798e-05	-5.609347e-05	-6.715429e-02	-1.053272e-02	-3.965683e-03	-1.381263e-02	2.471397e-02	-1.043466e-04	-6.973639e-05	-8.681966e-12	-1.211610e-04	-1.224279e-04	
-6.608938e-02	-2.827714e-02	2.407685e-01	-2.402602e-02	-4.091977e-02	-2.887384e-02	-2.226022e-02	-2.517777e-02	-2.120583e-04	-1.082250e-02	-4.844517e-02	-5.612085e-04	-1.112290e-03	-4.534034e-04	-1.453529e-02	-1.178417e-02	-6.663225e-02	5.100460e-04	-3.128654e-04	8.404535e-06	3.785773e-02	-2.947958e-02	1.752235e-02	3.774038e-02	2.368502e-02	-1.043466e-04	-6.973639e-05	-8.681966e-12	-1.211610e-04	-1.224279e-04	
5.807241e-02	-2.736277e-02	1.407689e-01	-2.298293e-02	-3.977775e-02	-2.780086e-02	-1.161879e-01	-2.430678e-02	1.736112e-03	5.790445e-03	-2.435445e-02	-5.172201e-04	-9.831744e-04	-3.201874e-04	1.937791e-03	1.661734e-02	2.406002e-02	4.527438e-05	1.294284e-04	1.323003e-04	-3.468462e-02	-1.799035e-02	1.694822e-02	-3.776379e-03	-3.413971e-02	-1.043466e-04	-6.973639e-05	-8.681966e-12	-1.211610e-04	-1.224279e-04	
2.355758e-01	-2.647104e-02	3.459311e-02	-2.198264e-02	-3.935353e-02	-2.674601e-02	-1.639171e-01	-2.345137e-02	4.733536e-03	-2.122420e-03	-1.538080e-02	-6.977737e-04	-6.361172e-04	-2.146694e-04	2.987043e-03	-7.908469e-03	8.942953e-03	-1.792682e-04	3.473700e-04	1.046024e-04	-4.851621e-02	2.754849e-03	-1.233460e-02	-1.126765e-02	-3.450119e-02	-1.043466e-04	-6.973639e-05	-8.681966e-12	-1.211610e-04	-1.224279e-04	
2.795971e-01	-2.560791e-02	-4.256958e-02	-2.100872e-02	-3.938466e-02	-2.572482e-02	-1.645849e-01	-2.261208e-02	9.774089e-03	-1.424327e-02	-6.435344e-02	-2.662501e-04	-7.343583e-04	-4.503246e-04	5.030168e-03	-1.211646e-02	-4.900334e-02	4.328093e-04	-9.792853e-05	-2.365708e-04	5.543017e-03	-8.759473e-03	-2.502214e-02	-1.647923e-03	3.231903e-02	-1.043466e-04	-6.973639e-05	-8.681966e-12	-1.211610e-04	-1.224279e-04	
2.003397e-01	-2.475965e-02	-9.039447e-02	-2.004875e-02	-3.967871e-02	-2.474103e-02	-3.202527e-02	-2.178945e-02	1.324451e-02	1.254555e-02	-6.122673e-03	-3.311127e-04	-2.575927e-04	-3.573164e-04	3.460045e-03	2.679321e-02	5.820007e-02	-6.357698e-05	4.770783e-04	9.209263e-05	2.383182e-02	9.435944e-03	-1.213414e-02	-1.705370e-02	3.668350e-03	-1.043466e-04	-6.973639e-05	-8.681966e-12	-1.211610e-04	-1.224279e-04	
9.270947e-02	-2.392295e-02	-1.169760e-01	-1.911606e-02	-4.009904e-02	-2.378727e-02	1.439599e-01	-2.098393e-02	1.068782e-02	2.180395e-03	1.277263e-02	-4.668543e-04	-5.293497e-04	-2.046974e-04	-2.567074e-03	-1.036076e-02	1.886461e-02	-1.344561e-04	-2.714443e-04	1.517034e-04	-4.150953e-02	1.417307e-02	-1.240973e-02	-9.023344e-03	-2.032144e-02	-1.043466e-04	-6.973639e-05	-8.681966e-12	-1.211610e-04	-1.224279e-04	
3.924474e-02	-2.309871e-02	-1.291090e-01	-1.822473e-02	-4.056638e-02	-2.284375e-02	1.823720e-01	-2.019595e-02	3.673753e-04	-2.046208e-02	-6.435321e-02	1.881578e-04	-5.033697e-04	-1.520085e-04	-1.033082e-02	-2.263808e-02	-7.715654e-02	6.562975e-04	2.629259e-05	5.177328e-05	5.137024e-02	-1.229597e-02	-4.186029e-03	1.265662e-02	1.088007e-02	-1.043466e-04	-6.973639e-05	-8.681966e-12	-1.211610e-04	-1.224279e-04	
1.412297e-01	-2.228786e-02	-1.317888e-01	-1.737530e-02	-4.104165e-02	-2.190880e-02	1.069005e-01	-1.942587e-02	-4.326588e-03	3.308793e-03	1.167667e-02	3.130889e-04	-2.696590e-04	-1.540197e-05	-4.704344e-03	2.377527e-02	7.599919e-02	1.262167e-04	2.340233e-04	1.356909e-04	3.703005e-02	-2.016290e-03	-1.230395e-02	-4.938151e-02	-2.261676e-02	-1.043466e-04	-6.973639e-05	-8.681966e-12	-1.211610e-04	-1.224279e-04	
2.569996e-01	-2.149124e-02	-1.291045e-01	-1.655014e-02	-4.150518e-02	-2.099997e-02	8.896134e-03	-1.867403e-02	-5.531411e-03	-1.876630e-02	1.288140e-02	2.849895e-04	2.365707e-04	1.222680e-04	-1.215206e-03	-2.207071e-02	1.174034e-03	-2.681389e-05	5.065423e-04	1.367544e-04	-4.097702e-02	-4.029173e-03	-3.743428e-03	1.914505e-02	4.598241e-02	-1.043466e-04	-6.973639e-05	-8.681966e-12	-1.211610e-04	-1.224279e-04	
2.384992e-01	-2.070958e-02	-1.243370e-01	-1.573857e-02	-4.196848e-02	-2.012762e-02	-5.462283e-02	-1.794068e-02	-1.363202e-03	5.875314e-03	-2.431395e-02	4.890841e-04	-1.775130e-05	-7.420675e-05	4.157831e-03	2.464601e-02	-3.722605e-02	2.053806e-04	-2.540094e-04	-1.973903e-04	3.456854e-03	-1.381359e-02	1.542374e-02	1.659867e-02	-1.217886e-02	-1.043466e-04	-6.973639e-05	-8.681966e-12	-1.211610e-04	-1.224279e-04	
1.369874e-01	-1.994350e-02	-1.196689e-01	-1.495465e-02	-4.241408e-02	-1.929097e-02	1.658366e-02	-1.722565e-02	1.132485e-03	1.949473e-02	2.445527e-02	-2.483297e-04	-7.649497e-06	3.789011e-05	2.485305e-03	1.362381e-02	4.873852e-02	-7.361284e-04	1.041444e-05	1.111812e-04	1.130065e-02	-2.876194e-03	-7.879298e-03	-3.828258e-02	-4.036546e-02	-1.043466e-04	-6.973639e-05	-8.681966e-12	-1.211610e-04	-1.224279e-04	
3.576252e-02	-1.919354e-02	-1.044993e-01	-1.421100e-02	-4.284595e-02	-1.848514e-02	1.635638e-01	-1.651971e-02	-5.183545e-03	-2.432678e-02	1.422363e-02	-3.847356e-04	3.304923e-04	3.507315e-05	-6.326410e-03	-4.381711e-02	-1.026233e-02	-1.351201e-04	3.384544e-04	-3.732525e-06	-1.564004e-02	-4.381956e-03	-6.611462e-03	1.881581e-02	4.647534e-02	-1.043466e-04	-6.973639e-05	-8.681966e-12	-1.211610e-04	-1.224279e-04	
-3.356407e-02	-1.846014e-02	1.608815e-02	-1.350833e-02	-4.328091e-02	-1.770584e-02	1.928302e-01	-1.581171e-02	-5.296592e-03	-2.313644e-02	-9.198646e-03	2.677287e-04	4.350007e-04	-1.064567e-04	-1.234260e-04	1.194730e-03	-2.345297e-02	6.537499e-04	1.048210e-04	-1.424455e-04	-2.395785e-02	-1.773548e-02	1.960981e-02	1.835905e-02	1.249248e-02	-1.043466e-04	-6.973639e-05	-8.681966e-12	-1.211610e-04	-1.224279e-04	
-7.318587e-02	-1.774370e-02	1.903406e-01	-1.284144e-02	-4.372239e-02	-1.695026e-02	1.097523e-01	-1.511488e-02	-5.296547e-03	1.612428e-02	1.734887e-02	-3.201937e-04	2.310825e-04	4.758325e-04	-1.033728e-05	3.926511e-02	2.651681e-02	-5.866371e-04	-2.036056e-04	5.813736e-04	3.683636e-02	-1.034122e-02	3.406698e-03	-3.304946e-03	-4.208008e-02	-1.043466e-04	-6.973639e-05	-8.681966e-12	-1.211610e-04	-1.224279e-04	
-9.258600e-02	-1.704452e-02	2.316734e-01	-1.220504e-02	-4.415252e-02	-1.621667e-02	4.157089e-02	-1.443732e-02	-7.822506e-04	-3.621801e-02	-1.768698e-02	8.186487e-05	3.220041e-04	-1.134992e-04	4.503914e-03	-5.233790e-02	-3.506654e-02	4.033442e-04	9.123421e-05	-5.902473e-04	4.755963e-02	-1.088030e-02	-1.841950e-03	3.534518e-02	8.169693e-03	-1.043466e-04	-6.973639e-05	-8.681966e-12	-1.211610e-04	-1.224279e-04	
-9.900822e-02	-1.636289e-02	1.502737e-01	-1.159528e-02	-4.455730e-02	-1.550406e-02	1.245582e-01	-1.377372e-02	6.204939e-03	-8.314796e-03	2.376488e-02	7.021906e-04	4.975938e-04	-8.082117e-05	6.976812e-03	2.790760e-02	4.142116e-02	6.216113e-04	1.759023e-04	3.176243e-05	2.497984e-02	1.841070e-02	-8.861543e-03	-5.332233e-03	1.365604e-03	-1.043466e-04	-6.973639e-05	-8.681966e-12	-1.211610e-04	-1.224279e-04	
-9.735637e-02	-1.569903e-02	4.278663e-02	-1.100361e-02	-4.493344e-02	-1.481193e-02	2.141131e-01	-1.313508e-02	4.525980e-03	1.097032e-03	7.660558e-03	-1.497002e-04	1.974375e-04	1.806714e-04	-1.689341e-03	9.416218e-03	-1.613502e-02	-8.506049e-04	-2.998437e-04	2.605770e-04	9.300484e-04	1.214467e-02	-1.577354e-02	-1.826368e-02	-7.045236e-03	-1.043466e-04	-6.973639e-05	-8.681966e-12	-1.211610e-04	-1.224279e-04	
-9.141295e-02	-1.505312e-02	2.441626e-02	-1.041422e-02	-4.528280e-02	-1.414015e-02	1.746406e-01	-1.253406e-02	7.951931e-03	-5.319824e-02	-1.063810e-02	9.139422e-04	5.399524e-04	-2.098734e-04	3.415570e-03	-5.429088e-02	-1.832936e-02	1.064928e-03	3.428275e-04	-3.914604e-04	6.706740e-02	-4.905709e-03	1.439101e-02	3.671250e-02	1.181429e-02	-1.043466e-04	-6.973639e-05	-8.681966e-12	-1.211610e-04	-1.224279e-04	
-8.411285e-02	-1.442508e-02	1.482807e-01	-9.834371e-03	-4.560784e-02	-1.348877e-02	6.281177e-02	-1.197166e-02	1.049805e-02	-2.011088e-02	1.690304e-02	5.492648e-04	4.723728e-04	9.919590e-05	2.535734e-03	3.309175e-02	2.751044e-02	-3.633920e-04	-6.726694e-05	3.081537e-04	1.903808e-03	4.082659e-03	-8.645746e-03	-1.075354e-02	-3.527412e-02	-1.043466e-04	-6.973639e-05	-8.681966e-12	-1.211610e-04	-1.224279e-04	
-7.737134e-02	-1.380751e-02	2.298392e-01	-9.282954e-03	-4.591040e-02	-1.285792e-02	-4.166780e-02	-1.144183e-02	1.540673e-02	-2.168040e-02	1.112516e-02	-5.097625e-05	3.848437e-04	-1.586600e-04	4.898307e-03	-1.565121e-03	-5.808572e-03	-5.989554e-04	-8.721643e-05	-2.587715e-04	-4.342067e-02	-1.462783e-03	-1.222528e-02	-2.290361e-02	-1.709255e-03	-1.043466e-04	-6.973639e-05	-8.681966e-12	-1.211610e-04	-1.224279e-04	
-7.208634e-02	-1.318719e-02	2.907462e-01	-8.768031e-03	-4.619741e-02	-1.224770e-02	-1.109344e-01	-1.093793e-02	7.529168e-03	-3.700776e-02	6.032903e-03	5.885994e-04	4.903551e-04	-1.547295e-04	-7.887947e-03	-1.532298e-02	-5.122959e-03	6.408611e-04	1.058240e-04	3.014909e-06	-3.062057e-02	-7.932734e-03	2.233846e-03	2.595139e-02	4.801708e-02	-1.043466e-04	-6.973639e-05	-8.681966e-12	-1.211610e-04	-1.224279e-04	
-6.840415e-02	-1.257483e-02	3.500915e-01	-8.287410e-03	-4.601343e-02	-1.165556e-02	-1.490835e-01	-1.045506e-02	3.564032e-03	-1.508210e-02	-2.011544e-02	-8.697019e-05	6.349582e-04	-1.399933e-04	-3.975514e-03	2.193007e-02	-2.617905e-02	-6.742840e-04	1.449157e-04	1.382052e-05	-2.035313e-03	-9.505130e-03	5.447313e-03	1.910267e-02	2.473684e-03	-1.043466e-04	-6.973639e-05	-8.681966e-12	-1.211610e-04	-1.224279e-04	
-6.607052e-02	-1.198937e-02	2.921816e-01	-7.835941e-03	-2.318129e-03	-1.106708e-02	-1.665272e-01	-9.990173e-03	1.288312e-02	3.903964e-03	1.317917e-02	-3.594527e-04	3.982508e-04	-2.210886e-04	9.308700e-03	1.899044e-02	3.326391e-02	-2.711967e-04	-2.363947e-04	-8.201089e-05	-9.857527e-03	5.319864e-03	-1.032105e-02	-9.805172e-03	-3.589224e-02	-1.043466e-04	-6.973639e-05	-8.681966e-12	-1.211610e-04	-1.224279e-04	
-6.470679e-02	-1.143778e-02	1.493579e-01	-7.409138e-03	1.654627e-01	-1.048115e-02	-1.711143e-01	-9.541454e-03	-3.389247e-03	-5.105925e-02	-1.057648e-02	-2.026849e-04	4.535122e-04	-1.320879e-04	-1.628274e-02	-5.495882e-02	-2.378634e-02	1.580531e-04	5.557403e-05	8.808518e-05	1.336675e-02	2.499309e-03	-9.635951e-03	2.436941e-02	1.495926e-02	-1.043466e-04	-6.973639e-05	-8.681966e-12	-1.211610e-04	-1.224279e-04	
-6.396850e-02	-1.091739e-02	2.952792e-02	-6.998934e-03	2.942859e-01	-9.916773e-03	-1.681221e-01	-9.107976e-03	-2.603275e-03	-1.809319e-02	-1.930964e-04	-1.518954e-04	2.477849e-04	-2.987383e-04	7.755885e-04	3.297045e-02	1.035269e-02	5.207534e-05	-2.054147e-04	-1.675661e-04	-3.184709e-02	3.559276e-03	-1.567762e-02	-2.486527e-02	-6.204577e-03	-1.043466e-04	-6.973639e-05	-8.681966e-12	-1.211610e-04	-1.224279e-04	
-6.361624e-02	-1.042313e-02	7.150348e-02	-6.588332e-03	2.714333e-01	-9.386592e-03	-1.614531e-01	-8.689390e-03	1.815223e-04	-3.643898e-02	2.637189e-02	-2.795612e-04	3.383132e-04	-1.648823e-04	2.774416e-03	-1.834140e-02	2.653429e-02	-1.263803e-04	9.084085e-05	1.329405e-04	-3.715475e-02	1.011177e-02	-1.461758e-02	-2.701759e-02	1.362050e-02	-1.043466e-04	-6.973639e-05	-8.681966e-12	-1.211610e-04	-1.224279e-04	
-6.347183e-02	-9.950809e-03	1.794785e-01	-6.181371e-03	1.681960e-01	-8.887461e-03	-1.539635e-01	-8.285673e-03	-1.050963e-03	-7.199109e-02	3.445742e-03	-1.494385e-06	5.362742e-04	-1.529999e-04	-1.242864e-03	-3.554772e-02	-2.295684e-02	2.793524e-04	1.982737e-04	1.096672e-05	-1.290162e-02	-8.157260e-03	8.329847e-03	4.328595e-02	3.868214e-02	-1.043466e-04	-6.973639e-05	-8.681966e-12	-1.211610e-04	-1.224279e-04	
-6.343967e-02	-9.497565e-03	2.539054e-01	-5.796772e-03	6.662836e-02	-8.399660e-03	-1.474080e-01	-7.896931e-03	9.286763e-03	-3.527127e-02	2.257443e-02	3.619911e-04	7.152808e-04	-1.305925e-04	1.032734e-02	3.672421e-02	1.909799e-02	3.647709e-04	1.793192e-04	2.149180e-05	6.744144e-04	-4.772408e-03	1.884071e-02	5.086293e-03	-2.223923e-02	-1.043466e-04	-6.973639e-05	-8.681966e-12	-1.211610e-04	-1.224279e-04	
-6.346725e-02	-9.061470e-03	3.358204e-01	-5.443656e-03	-4.629970e-03	-7.918706e-03	-1.425335e-01	-7.523252e-03	1.203681e-02	-2.623092e-02	3.499626e-02	3.060704e-04	1.083396e-03	9.039245e-05	2.739664e-03	9.044735e-03	1.239113e-02	-5.463503e-05	3.684274e-04	2.200695e-04	-4.137217e-02	1.746948e-03	4.872281e-03	4.702165e-03	-2.431789e-02	-1.043466e-04	-6.973639e-05	-8.681966e-12	-1.211610e-04	-1.224279e-04	
-6.352270e-02	-8.641292e-03	3.118097e-01	-5.120349e-03	-4.755525e-02	-7.447755e-03	-1.369327e-01	-7.164638e-03	2.103989e-03	-6.088573e-02	-2.009424e-02	1.683921e-04	7.033813e-04	8.282165e-05	-9.943197e-03	-3.465041e-02	-5.512120e-02	-1.363925e-04	-3.797017e-04	-8.486464e-06	2.277870e-02	-6.205973e-03	-4.450777e-04	2.294783e-02	-2.959326e-03	-1.043466e-04	-6.973639e-05	-8.681966e-12	-1.211610e-04	-1.224279e-04	
-6.360126e-02	-8.236338e-03	1.804562e-01	-4.821675e-03	-7.030898e-02	-6.990456e-03	-6.310874e-02	-6.820987e-03	9.152414e-04	-2.555803e-02	8.026202e-03	3.174565e-05	5.682600e-04	-2.763176e-04	-1.199129e-03	3.533209e-02	2.808975e-02	-1.353611e-04	-1.348087e-04	-3.600548e-04	-4.857891e-03	7.487772e-03	-2.021581e-02	-3.193297e-02	-8.858603e-03	-1.043466e-04	-6.973639e-05	-8.681966e-12	-1.211610e-04	-1.224279e-04	
-6.369838e-02	-7.846294e-03	3.254463e-02	-4.540499e-03	-7.936900e-02	-6.562672e-03	1.176134e-01	-6.492103e-03	1.227979e-02	-5.059918e-03	4.186104e-02	1.113215e-03	7.509197e-04	-2.621629e-04	1.135417e-02	2.050250e-02	3.380414e-02	1.082755e-03	1.829724e-04	1.323900e-05	3.543428e-02	1.167289e-02	-1.466409e-02	-1.945903e-02	2.400390e-02	-1.043466e-04	-6.973639e-05	-8.681966e-12	-1.211610e-04	-1.224279e-04	
-6.380428e-02	-7.471053e-03	-7.761135e-02	-4.259194e-03	-7.955959e-02	-6.173657e-03	2.128490e-01	-6.177720e-03	-3.090210e-03	-1.236392e-02	8.137954e-03	1.567953e-03	8.592892e-04	-4.144139e-05	-1.538038e-02	-7.299608e-03	-3.375378e-02	4.560237e-04	1.086821e-04	2.198060e-04	-2.131467e-03	-7.715994e-03	1.078134e-02	2.114942e-02	2.450802e-02	-1.043466e-04	-6.973639e-05	-8.681966e-12	-1.211610e-04	-1.224279e-04	
-6.391910e-02	-7.110575e-03	-1.433075e-01	-3.974535e-03	-7.487709e-02	-5.820303e-03	2.026375e-01	-5.877520e-03	-1.058492e-03	1.952819e-02	1.498237e-02	8.312416e-04	3.117761e-04	-2.117489e-04	2.021339e-03	3.189649e-02	6.813725e-03	-7.354261e-04	-5.472005e-04	-1.712231e-04	1.164676e-02	-1.999014e-03	1.513510e-02	-6.692971e-03	-3.929158e-02	-1.043466e-04	-6.973639e-05	-8.681966e-12	-1.211610e-04	-1.224279e-04	
-6.404291e-02	-6.764789e-03	-1.756261e-01	-3.704178e-03	-6.846765e-02	-5.486538e-03	2.596655e-01	-5.591154e-03	3.031125e-03	-2.398221e-02	2.282683e-02	7.975318e-04	3.112142e-04	9.242722e-05	4.079238e-03	-4.350600e-02	7.813751e-03	-3.242424e-05	-2.492412e-07	3.032605e-04	-3.090856e-02	-6.469224e-03	1.071617e-02	-5.091078e-03	-1.174220e-02	-1.043466e-04	-6.973639e-05	-8.681966e-12	-1.211610e-04	-1.224279e-04	
-6.417567e-02	-6.433557e-03	-1.861947e-01	-3.460025e-03	-6.075535e-02	-5.153062e-03	2.976462e-01	-5.318252e-03	2.402445e-03	-2.638283e-02	8.139205e-03	9.301582e-04	4.955478e-04	-2.233753e-05	-6.390619e-04	-2.396228e-03	-1.471831e-02	1.339121e-04	1.846462e-04	-1.156803e-04	-6.073272e-02	-5.076888e-03	1.510849e-02	2.589563e-02	-2.092465e-03	-1.043466e-04	-6.973639e-05	-8.681966e-12	-1.211610e-04	-1.224279e-04	
-6.431722e-02	-6.116668e-03	-1.836893e-01	-3.240667e-03	7.470160e-03	-4.827271e-03	2.152356e-01	-5.058430e-03	-5.029981e-04	-6.788920e-03	2.486299e-02	7.582491e-04	2.911314e-04	-1.075788e-05	-2.915825e-03	1.959830e-02	1.669309e-02	-1.706236e-04	-2.041039e-04	1.066402e-05	-4.031882e-02	3.822390e-03	-1.392168e-04	-2.172730e-02	-9.897487e-03	-1.043466e-04	-6.973639e-05	-8.681966e-12	-1.211610e-04	-1.224279e-04	
-6.446731e-02	-5.813848e-03	-1.744826e-01	-3.028290e-03	1.887009e-01	-4.524586e-03	7.550788e-02	-4.811292e-03	-8.627076e-04	-1.566589e-02	2.748529e-02	8.950092e-04	5.386287e-04	5.501188e-05	-3.700896e-04	-8.872576e-03	2.591604e-03	1.380458e-04	2.478100e-04	6.485420e-05	-6.535348e-02	1.293659e-02	-6.832106e-03	7.355534e-03	2.978726e-02	-1.043466e-04	-6.973639e-05	-8.681966e-12	-1.211610e-04	-1.224279e-04	
-6.462560e-02	-5.524781e-03	-1.499611e-01	-2.812645e-03	2.957835e-01	-4.249363e-03	-4.599057e-02	-4.576442e-03	9.295603e-05	-1.363850e-02	-4.689776e-03	8.910198e-04	2.762972e-04	3.071405e-05	9.452825e-04	2.031783e-03	-3.220577e-02	-2.703857e-06	-2.620188e-04	-2.521346e-05	-4.759312e-02	1.172937e-03	7.667181e-03	2.630272e-02	7.794606e-03	-1.043466e-04	-6.973639e-05	-8.681966e-12	-1.211610e-04	-1.224279e-04	
-6.479161e-02	-5.249120e-03	-1.638008e-02	-2.606272e-03	2.538494e-01	-3.997738e-03	-1.250132e-01	-4.353475e-03	6.753137e-03	2.509614e-02	3.080402e-02	1.219327e-03	2.704340e-04	5.692152e-05	6.649802e-03	3.873904e-02	3.546310e-02	3.295928e-04	-5.550634e-06	2.529185e-05	3.171161e-03	2.446549e-03	7.957764e-03	-1.926432e-02	-3.778594e-02	-1.043466e-04	-6.973639e-05	-8.681966e-12	-1.211610e-04	-1.224279e-04	
-6.496479e-02	-4.986498e-03	1.631993e-01	-2.408316e-03	1.475323e-01	-3.764408e-03	-1.675998e-01	-4.141988e-03	1.096065e-03	3.689492e-03	2.632725e-02	5.449695e-04	7.639144e-05	2.165621e-04	-5.667454e-03	-2.140227e-02	-4.507464e-03	-6.730719e-04	-1.937299e-04	1.587250e-04	-2.035331e-02	1.333037e-02	-1.119772e-02	-3.087478e-02	-1.265768e-02	-1.043466e-04	-6.973639e-05	-8.681966e-12	-1.211610e-04	-1.224279e-04	
-6.514450e-02	-4.736533e-03	2.051363e-01	-2.215752e-03	7.403092e-02	-3.545411e-03	-1.857319e-01	-3.941574e-03	5.083507e-04	-4.680093e-03	-2.280087e-02	1.037825e-03	2.638806e-04	3.568924e-04	-5.980942e-04	-8.365197e-03	-4.915883e-02	4.941417e-04	1.878018e-04	1.394148e-04	3.185830e-04	-8.241915e-03	7.940887e-03	-4.487590e-03	3.116762e-02	-1.043466e-04	-6.973639e-05	-8.681966e-12	-1.211610e-04	-1.224279e-04	
-6.532998e-02	-4.498838e-03	1.257559e-01	-2.041847e-03	1.530097e-01	-3.338197e-03	-1.888659e-01	-3.750218e-03	8.849353e-04	5.271086e-02	3.625480e-02	8.778963e-04	2.599430e-04	4.924761e-04	3.662024e-04	5.739535e-02	5.902499e-02	-1.586435e-04	-3.625005e-06	1.346679e-04	3.219870e-02	3.864123e-03	3.400107e-03	-3.430125e-02	-8.070283e-03	-1.043466e-04	-6.973639e-05	-8.681966e-12	-1.211610e-04	-1.224279e-04	
-6.552038e-02	-4.273022e-03	2.219617e-02	-1.895512e-03	2.713856e-01	-3.141144e-03	-1.836440e-01	-3.554280e-03	5.881636e-04	-2.438818e-03	-1.830851e-02	1.175112e-03	4.660005e-04	4.950945e-04	-3.071529e-04	-5.514529e-02	-5.459401e-02	2.985007e-04	2.063701e-04	1.702931e-06	3.627191e-02	-1.526972e-02	1.625648e-02	4.424623e-02	4.746403e-02	-1.043466e-04	-6.973639e-05	-8.681966e-12	-1.211610e-04	-1.224279e-04	
-6.571479e-02	-4.058686e-03	1.163952e-02	-1.774585e-03	2.618549e-01	-2.953243e-03	-1.748329e-01	-3.348794e-03	4.008690e-03	1.482675e-02	2.149485e-03	9.089686e-04	2.352466e-04	1.234426e-04	3.410148e-03	1.726996e-02	2.042729e-02	-2.648579e-04	-2.304412e-04	-3.725676e-04	-1.814237e-02	-3.448667e-03	1.186748e-02	-3.149313e-03	-2.419073e-02	-1.043466e-04	-6.973639e-05	-8.681966e-12	-1.211610e-04	-1.224279e-04	
-6.591221e-02	-3.854838e-03	1.391952e-01	-1.672290e-03	1.614356e-01	-2.773933e-03	-1.656616e-01	-3.151535e-03	1.710403e-02	2.763316e-02	4.642832e-02	5.974233e-04	6.244550e-04	2.529121e-04	1.308496e-02	1.281080e-02	4.424814e-02	-3.102591e-04	3.895210e-04	1.285540e-04	1.221893e-02	9.175201e-03	-2.586230e-03	-2.693202e-02	-3.048438e-02	-1.043466e-04	-6.973639e-05	-8.681966e-12	-1.211610e-04	-1.224279e-04	
-6.611153e-02	-3.650735e-03	2.065746e-01	-1.582426e-03	5.633571e-02	-2.602966e-03	-1.579258e-01	-2.976770e-03	1.117692e-03	-2.020933e-02	2.475556e-02	5.320870e-04	7.939021e-04	3.693860e-04	-1.599673e-02	-4.783810e-02	-2.170346e-02	-6.405097e-05	1.697597e-04	1.155582e-04	4.522418e-05	7.965748e-03	-2.182658e-03	6.843505e-03	2.550024e-02	-1.043466e-04	-6.973639e-05	-8.681966e-12	-1.211610e-04	-1.224279e-04	
-6.631162e-02	-3.435943e-03	2.101988e-01	-1.500730e-03	-1.694554e-02	-2.440254e-03	-1.522579e-01	-2.825829e-03	1.794192e-03	9.696082e-03	3.222078e-02	7.436317e-04	6.209304e-04	1.880264e-04	6.661224e-04	2.990980e-02	7.434528e-03	2.128305e-04	-1.726591e-04	-1.822751e-04	-3.287221e-02	4.856386e-03	5.030508e-03	-1.923202e-02	7.694735e-03	-1.043466e-04	-6.973639e-05	-8.681966e-12	-1.211610e-04	-1.224279e-04	
-6.647477e-02	-3.224951e-03	2.783535e-01	-1.424566e-03	-5.901121e-02	-2.285746e-03	-1.485532e-01	-2.686533e-03	1.725345e-03	1.790760e-02	5.988468e-02	5.451655e-04	7.764485e-04	2.494139e-04	-7.922974e-05	8.215918e-03	2.763319e-02	-1.971805e-04	1.558307e-04	6.047184e-05	-4.229440e-02	1.033486e-02	-3.806604e-03	-8.408166e-03	3.872956e-03	-1.043466e-04	-6.973639e-05	-8.681966e-12	-1.211610e-04	-1.224279e-04	
-4.343648e-02	-3.034684e-03	2.864510e-01	-1.352420e-03	-7.963882e-02	-2.139360e-03	-1.463788e-01	-2.540531e-03	-7.060711e-03	-1.793008e-02	7.785068e-03	6.607635e-04	6.653567e-04	1.023252e-04	-8.796439e-03	-3.583330e-02	-5.213030e-02	1.168837e-04	-1.107792e-04	-1.480042e-04	1.251456e-02	-3.094157e-03	1.684133e-02	3.942612e-02	2.811149e-02	-1.043466e-04	-6.973639e-05	-8.681966e-12	-1.211610e-04	-1.224279e-04	
1.010300e-01	-2.869277e-03	1.819975e-01	-1.283555e-03	-8.663233e-02	-2.000520e-03	-1.452438e-01	-2.394766e-03	-3.185800e-03	1.048827e-02	3.042771e-02	5.551900e-04	1.014788e-03	2.779376e-04	3.864531e-03	2.842274e-02	2.261195e-02	-1.042883e-04	3.497442e-04	1.746967e-04	-1.337215e-02	1.539422e-02	4.285370e-03	-7.554109e-03	-3.156119e-02	-1.043466e-04	-6.973639e-05	-8.681966e-12	-1.211610e-04	-1.224279e-04	
2.579698e-01	-2.724821e-03	4.375277e-02	-1.217741e-03	-8.521958e-02	-1.859619e-03	-1.279888e-01	-2.265618e-03	-3.061902e-03	4.736875e-03	2.167511e-02	3.397685e-04	6.224739e-04	2.884928e-04	1.135170e-04	-5.747000e-03	-8.783302e-03	-2.141359e-04	-3.920018e-04	9.639548e-06	-5.887745e-02	4.474760e-03	-4.820743e-03	-3.174232e-02	-4.090944e-02	-1.043466e-04	-6.973639e-05	-8.681966e-12	-1.211610e-04	-1.224279e-04	
2.681159e-01	-2.596018e-03	-6.563180e-02	-1.155032e-03	-7.931102e-02	-1.705108e-03	4.185435e-03	-2.158413e-03	-1.121106e-02	-5.526296e-02	-2.489800e-02	3.973384e-04	6.185048e-04	8.563937e-05	-8.159540e-03	-5.999544e-02	-4.660381e-02	5.885559e-05	-3.656530e-06	-2.037689e-04	2.520447e-02	-1.698303e-03	-4.664320e-03	4.353683e-03	1.658506e-02	-1.043466e-04	-6.973639e-05	-8.681966e-12	-1.211610e-04	-1.224279e-04	
1.745950e-01	-2.474268e-03	-1.326928e-01	-1.095580e-03	-7.191064e-02	-1.550330e-03	1.704135e-01	-2.069517e-03	5.169543e-04	2.873926e-03	7.214226e-03	-1.083825e-03	3.818178e-04	-2.608612e-04	1.171764e-02	5.814128e-02	3.208153e-02	-1.479877e-03	-2.363743e-04	-3.474161e-04	1.018850e-01	5.390291e-03	-1.252129e-02	-1.811018e-02	5.606518e-03	-1.043466e-04	-6.973639e-05	-8.681966e-12	-1.211610e-04	-1.224279e-04	
6.828841e-02	-2.341906e-03	-1.665391e-01	-1.039513e-03	-6.500679e-02	-1.412922e-03	1.958535e-01	-1.993400e-03	7.253992e-03	-8.412588e-02	4.060647e-03	-2.316141e-03	7.023741e-05	-3.817434e-04	6.726658e-03	-8.699542e-02	-3.184273e-03	-1.231031e-03	-3.112678e-04	-1.217979e-04	7.249047e-02	-2.074922e-03	-3.346833e-03	1.446265e-02	1.413185e-02	-1.043466e-04	-6.973639e-05	-8.681966e-12	-1.211610e-04	-1.224279e-04	
-1.043030e-02	-2.201711e-03	-1.787259e-01	-9.868899e-04	-5.956465e-02	-1.297915e-03	1.080657e-01	-1.921694e-03	5.363834e-03	-7.765346e-02	-2.345704e-02	-2.055997e-03	2.212480e-04	-4.054104e-04	-1.900536e-03	6.476810e-03	-2.754839e-02	2.614301e-04	1.513232e-04	-2.458257e-05	-3.863132e-02	-8.250458e-03	1.430279e-02	4.751899e-02	-9.408497e-03	-1.043466e-04	-6.973639e-05	-8.681966e-12	-1.211610e-04	-1.224279e-04	
-5.919563e-02	-2.072233e-03	-1.778658e-01	-9.376895e-04	-5.577532e-02	-1.201762e-03	2.971141e-04	-1.836785e-03	3.618155e-03	-1.486524e-02	3.274094e-02	-2.189699e-03	1.334618e-04	-2.900301e-04	-1.756061e-03	6.279261e-02	5.616728e-02	-1.324164e-04	-8.747353e-05	1.144646e-04	3.733664e-02	7.700724e-03	-1.397551e-03	-1.614411e-02	-5.694278e-02	-1.043466e-04	-6.973639e-05	-8.681966e-12	-1.211610e-04	-1.224279e-04	
-8.594037e-02	-1.962989e-03	-1.700809e-01	-8.918244e-04	-5.341565e-02	-1.119239e-03	-8.166022e-02	-1.740707e-03	-9.778894e-03	-5.566958e-02	3.135694e-02	-1.135832e-03	1.313766e-04	-1.826040e-04	-1.340743e-02	-4.079995e-02	-1.414690e-03	1.055152e-03	-1.772581e-06	1.065106e-04	1.341513e-02	1.053525e-02	3.755645e-03	2.647910e-02	2.124838e-02	-1.043466e-04	-6.973639e-05	-8.681966e-12	-1.211610e-04	-1.224279e-04	
-9.766113e-02	-1.869515e-03	-1.597807e-01	-8.491648e-04	-5.211451e-02	-1.046227e-03	-1.330935e-01	-1.652187e-03	1.971877e-03	-6.269590e-03	2.542865e-02	-2.730736e-04	1.246902e-04	-2.243588e-04	1.174039e-02	4.940438e-02	-5.958980e-03	8.640442e-04	-6.373790e-06	-4.267040e-05	1.482318e-02	3.814413e-03	1.161663e-02	4.764344e-03	-2.203556e-03	-1.043466e-04	-6.973639e-05	-8.681966e-12	-1.211610e-04	-1.224279e-04	
-9.948006e-02	-1.772185e-03	-1.498538e-01	-8.095557e-04	-5.149665e-02	-9.799047e-04	-1.614114e-01	-1.581365e-03	1.063894e-04	-9.234460e-03	3.669579e-02	-9.402138e-04	1.237753e-04	9.630890e-05	-1.875867e-03	-2.960487e-03	1.123643e-02	-6.658546e-04	-6.023099e-07	3.197520e-04	-4.009746e-02	1.734058e-02	3.607455e-04	5.782594e-03	-2.437719e-02	-1.043466e-04	-6.973639e-05	-8.681966e-12	-1.211610e-04	-1.224279e-04	
-9.557205e-02	-1.667588e-03	-1.417872e-01	-7.717416e-04	-5.129942e-02	-9.183954e-04	-1.371019e-01	-1.527284e-03	9.437036e-04	-6.254068e-02	2.473556e-02	-1.085436e-03	1.074116e-04	-1.836621e-04	8.269338e-04	-5.330183e-02	-1.199092e-02	-1.439365e-04	-1.605111e-05	-2.808865e-04	-1.985938e-02	1.122716e-02	1.190022e-02	4.211160e-02	-3.575525e-03	-1.043466e-04	-6.973639e-05	-8.681966e-12	-1.211610e-04	-1.224279e-04	
-8.930928e-02	-1.572267e-03	-1.359614e-01	-7.234499e-04	-5.133825e-02	-8.605225e-04	2.275676e-02	-1.485159e-03	1.316535e-02	-1.222820e-02	1.820404e-01	-1.185573e-03	9.621249e-05	-2.585493e-04	1.221126e-02	5.031688e-02	1.572741e-01	-9.885117e-05	-1.088651e-05	-7.580279e-05	1.253716e-01	5.966271e-02	1.369117e-03	9.832646e-03	-4.936035e-02	-1.043466e-04	-6.973639e-05	-8.681966e-12	-1.211610e-04	-1.224279e-04	
-8.298621e-02	-1.496256e-03	-1.321124e-01	-6.574217e-04	-5.151073e-02	-8.054623e-04	1.642559e-01	-1.450715e-03	9.229260e-03	5.543639e-03	7.677523e-02	-6.938824e-04	8.537834e-05	-3.762835e-04	-3.946465e-03	1.777623e-02	-1.052959e-01	4.929757e-04	-1.052150e-05	-1.186498e-04	6.062851e-02	2.068325e-02	-7.419344e-03	-9.339449e-03	1.902774e-03	-1.043466e-04	-6.973639e-05	-8.681966e-12	-1.211610e-04	-1.224279e-04	
-5.691249e-02	-1.438307e-03	-1.297546e-01	-5.904811e-04	-5.176497e-02	-7.454688e-04	1.568618e-01	-1.421018e-03	-6.201342e-03	-5.334404e-02	-4.082667e-02	-6.927133e-04	-5.947917e-04	-5.710365e-04	-1.544098e-02	-5.888330e-02	-1.176326e-01	2.454650e-06	-6.798573e-04	-1.956686e-04	1.320163e-01	-1.199641e-02	8.959682e-03	3.951290e-02	4.020960e-02	-1.043466e-04	-6.973639e-05	-8.681966e-12	-1.211610e-04	-1.224279e-04	
8.737238e-02	-1.393009e-03	-1.283809e-01	-5.383424e-04	-5.207122e-02	-6.672532e-04	6.259617e-02	-1.394155e-03	-2.471925e-03	-2.076135e-02	-1.800099e-02	-1.613435e-04	-5.993162e-04	-4.357651e-04	3.719037e-03	3.258708e-02	2.279497e-02	5.326555e-04	-4.212004e-06	1.343558e-04	-4.482954e-03	-3.239475e-03	1.440755e-02	1.321185e-02	-1.960975e-02	-1.043466e-04	-6.973639e-05	-8.681966e-12	-1.211610e-04	-1.224279e-04	
2.501841e-01	-1.355569e-03	-1.108551e-01	-5.012916e-04	-5.242318e-02	-5.815807e-04	-3.486073e-02	-1.368929e-03	-5.679662e-03	-1.376437e-03	-2.373164e-03	-2.905517e-04	-6.105204e-04	-4.694354e-04	-3.218118e-03	1.938930e-02	1.559713e-02	-1.279225e-04	-1.089162e-05	-3.458581e-05	-5.627075e-02	-6.309620e-04	-4.006651e-03	-5.281352e-03	-2.542246e-02	-1.043466e-04	-6.973639e-05	-8.681966e-12	-1.211610e-04	-1.224279e-04	
2.670156e-01	-1.322810e-03	2.159603e-02	-4.608298e-04	-5.282168e-02	-5.074419e-04	-1.040601e-01	-1.344697e-03	-4.208156e-03	-3.126580e-02	4.594245e-03	6.707332e-04	-1.168610e-03	-7.369743e-05	1.461126e-03	-2.988496e-02	6.936712e-03	9.625708e-04	-5.577766e-04	3.948222e-04	2.979683e-02	2.335167e-03	2.013295e-03	-7.201265e-03	5.996815e-03	-1.043466e-04	-6.973639e-05	-8.681966e-12	-1.211610e-04	-1.224279e-04	
1.763440e-01	-1.292776e-03	1.880854e-01	-4.110847e-04	-5.325631e-02	-4.518692e-04	-1.457446e-01	-1.321234e-03	-4.350755e-03	4.172714e-02	4.919324e-02	-3.636061e-04	-1.017080e-03	2.193480e-04	-1.529795e-04	7.299734e-02	4.456830e-02	-1.033054e-03	1.518424e-04	2.921299e-04	9.186766e-02	1.612698e-02	-4.082948e-03	-1.906499e-02	2.906764e-03	-1.043466e-04	-6.973639e-05	-8.681966e-12	-1.211610e-04	-1.224279e-04	
7.018135e-02	-1.264315e-03	2.137559e-01	-3.676187e-04	-5.372844e-02	-4.122359e-04	-1.574626e-01	-1.298576e-03	-4.692576e-03	-2.077371e-02	1.694882e-02	3.325254e-04	-8.034156e-04	5.271345e-05	-3.522026e-04	-6.249647e-02	-3.227511e-02	6.974172e-04	2.139769e-04	-1.675502e-04	4.621327e-02	-8.916333e-03	1.166146e-02	1.387647e-02	2.256985e-02	-1.043466e-04	-6.973639e-05	-8.681966e-12	-1.211610e-04	-1.224279e-04	
-9.161092e-03	-1.236846e-03	1.261574e-01	-3.409154e-04	-5.423903e-02	-3.834955e-04	-5.213972e-02	-1.276865e-03	-1.226685e-02	-3.730650e-03	1.119699e-02	4.920647e-04	-9.445273e-04	1.392199e-04	-7.584651e-03	1.704745e-02	-5.782532e-03	1.608249e-04	-1.407990e-04	8.559102e-05	-4.555787e-02	-1.068292e-03	1.287781e-02	-1.446741e-02	-3.424313e-03	-1.043466e-04	-6.973639e-05	-8.681966e-12	-1.211610e-04	-1.224279e-04	
-5.845994e-02	-1.210195e-03	1.853183e-02	-3.300323e-04	-5.478878e-02	-3.615116e-04	1.241763e-01	-1.256254e-03	-1.235030e-02	9.217394e-03	-4.942180e-03	-4.950041e-04	-7.540585e-04	1.564741e-04	-9.383920e-05	1.295244e-02	-1.616986e-02	-9.857834e-04	1.907813e-04	1.633840e-05	-9.009929e-03	-6.382958e-04	-1.617825e-02	-2.826389e-02	1.274749e-02	-1.043466e-04	-6.973639e-05	-8.681966e-12	-1.211610e-04	-1.224279e-04	
-8.550313e-02	-1.184435e-03	-6.333873e-02	-3.294930e-04	-5.537822e-02	-3.434639e-04	2.273233e-01	-1.236847e-03	-3.419653e-03	-1.838287e-02	-4.616199e-03	3.451863e-04	-7.173080e-04	-6.960347e-05	8.920271e-03	-2.759588e-02	2.952764e-04	8.414764e-04	3.706327e-05	-2.269931e-04	-1.207397e-02	-1.591719e-03	8.443479e-03	2.496550e-02	3.236127e-02	-1.043466e-04	-6.973639e-05	-8.681966e-12	-1.211610e-04	-1.224279e-04	
-9.670290e-02	-1.159737e-03	-1.147374e-01	-3.343467e-04	-5.600772e-02	-3.275070e-04	3.286738e-01	-1.218695e-03	-2.526739e-03	-1.273704e-02	-3.862664e-02	1.440124e-04	-6.061778e-04	-1.199596e-05	8.825327e-04	5.650229e-03	-3.404114e-02	-1.998888e-04	1.114427e-04	5.669202e-05	-3.972198e-02	5.186918e-03	2.751362e-03	-7.669216e-03	-2.146564e-02	-1.043466e-04	-6.973639e-05	-8.681966e-12	-1.211610e-04	-1.224279e-04	
-5.089387e-02	-1.136270e-03	-1.433373e-01	-3.413412e-04	-5.667760e-02	-3.125142e-04	3.463014e-01	-1.201801e-03	-1.449787e-03	1.581218e-02	-9.966233e-03	-6.041458e-04	-1.110357e-03	7.154792e-05	1.066574e-03	2.855362e-02	2.862971e-02	-7.468726e-04	-5.038669e-04	8.262826e-05	2.283218e-02	6.525470e-03	-2.177796e-02	-5.237525e-02	1.199856e-02	-1.043466e-04	-6.973639e-05	-8.681966e-12	-1.211610e-04	-1.224279e-04	
1.237011e-01	-1.114151e-03	-1.563570e-01	-3.485443e-04	-5.738802e-02	-2.979216e-04	2.345817e-01	-1.186099e-03	-1.836438e-02	-1.109224e-02	-4.262089e-02	6.463413e-05	-1.292637e-03	6.030413e-05	-1.692497e-02	-2.690005e-02	-3.268535e-02	6.700653e-04	-1.819675e-04	-1.215946e-05	1.638105e-02	-1.377791e-02	4.657177e-03	2.530742e-02	5.463789e-02	-1.043466e-04	-6.973639e-05	-8.681966e-12	-1.211610e-04	-1.224279e-04	
2.547099e-01	-1.093435e-03	-1.590588e-01	-3.548836e-04	-5.813904e-02	-2.835739e-04	7.890163e-02	-1.167036e-03	-8.553113e-03	1.894777e-02	-2.684941e-02	-3.731957e-04	-1.116740e-03	1.673213e-04	9.800885e-03	3.004440e-02	1.574078e-02	-4.365437e-04	1.762104e-04	1.061015e-04	-9.080012e-03	-9.425135e-03	8.443992e-03	-1.653686e-02	-2.880338e-02	-1.043466e-04	-6.973639e-05	-8.681966e-12	-1.211610e-04	-1.224279e-04	
2.344379e-01	-1.074123e-03	-1.556931e-01	-3.598845e-04	-5.893061e-02	-2.695423e-04	-1.790133e-02	-1.129703e-03	-6.497854e-03	1.215635e-02	-3.115338e-02	-7.672788e-04	-1.163722e-03	1.522951e-04	2.044878e-03	-6.787018e-03	-4.334656e-03	-3.927979e-04	-4.666982e-05	-1.594172e-05	-7.271263e-02	-1.235847e-02	-6.868281e-03	-3.503270e-02	-1.253371e-02	-1.043466e-04	-6.973639e-05	-8.681966e-12	-1.211610e-04	-1.224279e-04	
1.360094e-01	-1.056181e-03	-1.497244e-01	-3.634909e-04	-5.976251e-02	-2.528690e-04	5.636558e-02	-1.078710e-03	-1.831765e-02	-1.544935e-02	-5.123531e-02	1.049537e-05	-1.032732e-03	2.112442e-04	-1.183017e-02	-2.760130e-02	-2.011264e-02	7.790601e-04	1.313032e-04	5.803346e-05	7.364939e-03	-1.978732e-02	3.928590e-03	2.166154e-02	5.603540e-02	-1.043466e-04	-6.973639e-05	-8.681966e-12	-1.211610e-04	-1.224279e-04	
4.087584e-02	-1.039553e-03	-1.435833e-01	-3.658963e-04	-6.063439e-02	-2.190249e-04	1.591391e-01	-1.033747e-03	-7.588169e-03	1.167808e-02	-5.793999e-02	-6.018013e-04	-8.341417e-04	1.814463e-04	1.071910e-02	2.713182e-02	-6.735362e-03	-6.110113e-04	1.989025e-04	-3.071357e-05	-1.441620e-02	-1.497820e-02	1.172042e-02	6.372184e-03	-6.723769e-03	-1.043466e-04	-6.973639e-05	-8.681966e-12	-1.211610e-04	-1.224279e-04	
3.295450e-02	-1.023928e-03	-1.385674e-01	-3.673934e-04	-6.154575e-02	-1.690603e-04	1.374714e-01	-1.004943e-03	-2.963435e-03	2.658105e-02	-3.350503e-02	-5.590196e-04	-1.252442e-03	2.757304e-04	4.614353e-03	1.490735e-02	2.440425e-02	4.406760e-05	-4.179880e-04	9.336873e-05	-2.690239e-02	-6.453892e-03	-1.299983e-02	-3.168811e-02	-2.945884e-02	-1.043466e-04	-6.973639e-05	-8.681966e-12	-1.211610e-04	-1.224279e-04	
1.693246e-01	-1.001257e-03	-1.350550e-01	-3.682691e-04	-6.249869e-02	-1.225765e-04	3.858311e-02	-9.911885e-04	-1.690395e-02	-2.808393e-02	-8.227141e-02	-3.624244e-04	-1.119616e-03	4.303432e-04	-1.395090e-02	-5.466059e-02	-4.879708e-02	1.978806e-04	1.331389e-04	1.536971e-04	4.096244e-02	-7.965697e-03	-2.063826e-02	1.231941e-03	3.470215e-02	-1.043466e-04	-6.973639e-05	-8.681966e-12	-1.211610e-04	-1.224279e-04	
2.585402e-01	-9.586259e-04	-1.328998e-01	-3.687536e-04	-6.350862e-02	-9.160651e-05	-1.734356e-02	-9.875727e-04	-1.188634e-02	2.346156e-02	-5.814042e-02	-3.136589e-04	-1.223209e-03	2.566992e-04	5.007236e-03	5.154990e-02	2.410030e-02	5.005082e-05	-1.032802e-04	-1.745596e-04	-3.711942e-03	-8.092805e-03	-1.840225e-04	-2.611371e-02	7.722809e-03	-1.043466e-04	-6.973639e-05	-8.681966e-12	-1.211610e-04	-1.224279e-04	
2.116530e-01	-9.074492e-04	-1.317658e-01	-3.690085e-04	-6.457896e-02	-7.615444e-05	8.417238e-02	-9.897093e-04	-1.427067e-03	1.392387e-02	-4.949026e-02	-5.615154e-04	-1.331612e-03	4.561453e-04	1.044889e-02	-9.533315e-03	8.619457e-03	-2.465702e-04	-1.080904e-04	1.985305e-04	-5.322969e-02	-1.122697e-02	-5.016698e-03	-4.952363e-03	-1.020433e-02	-1.043466e-04	-6.973639e-05	-8.681966e-12	-1.211610e-04	-1.224279e-04	
1.061716e-01	-8.663907e-04	-1.313273e-01	-3.691364e-04	-6.569140e-02	-7.148989e-05	2.000826e-01	-9.945776e-04	-1.595392e-02	-3.068945e-04	-7.961562e-02	-5.387722e-04	-1.084518e-03	2.566077e-04	-1.453723e-02	-1.422636e-02	-3.015606e-02	2.402868e-05	2.474067e-04	-2.004532e-04	-2.016677e-02	-2.201233e-02	1.575431e-03	2.341670e-02	1.027303e-02	-1.043466e-04	-6.973639e-05	-8.681966e-12	-1.211610e-04	-1.224279e-04	
1.375351e-02	-8.419903e-04	-1.313344e-01	-3.691971e-04	-6.683095e-02	-7.307076e-05	2.989650e-01	-1.000223e-03	-9.677087e-03	1.597745e-02	-6.674710e-02	-7.097565e-04	-1.040008e-03	4.120579e-04	6.266452e-03	1.628873e-02	1.283782e-02	-1.696989e-04	4.482283e-05	1.545346e-04	-4.718137e-02	-1.745720e-02	-8.093040e-03	-2.292085e-02	2.408873e-04	-1.043466e-04	-6.973639e-05	-8.681966e-12	-1.211610e-04	-1.224279e-04	
-4.598782e-02	-8.314375e-04	-1.315981e-01	-3.692253e-04	-6.799363e-02	-7.771077e-05	3.720726e-01	-1.005459e-03	-1.873094e-03	1.695221e-02	-5.959702e-02	-1.348201e-03	-1.053865e-03	1.403396e-04	7.793612e-03	9.791393e-04	7.119378e-03	-6.371593e-04	-1.354466e-05	-2.726339e-04	-4.223544e-02	-1.468081e-02	-1.310421e-02	-1.445504e-02	1.526505e-02	-1.043466e-04	-6.973639e-05	-8.681966e-12	-1.211610e-04	-1.224279e-04	
-7.884598e-02	-8.297267e-04	-1.319943e-01	-3.692379e-04	-6.918226e-02	-8.333656e-05	4.184108e-01	-1.009696e-03	-3.550015e-03	-5.730244e-03	-6.121409e-02	-6.179485e-04	-1.107731e-03	2.356744e-04	-1.687300e-03	-2.267805e-02	-1.647753e-03	7.315381e-04	-5.355331e-05	9.441920e-05	-3.342855e-02	-1.775195e-02	6.453074e-03	4.453936e-02	2.617271e-02	-1.043466e-04	-6.973639e-05	-8.681966e-12	-1.211610e-04	-1.224279e-04	
-9.384228e-02	-8.328360e-04	-1.324563e-01	-3.692433e-04	-7.040087e-02	-8.867294e-05	4.401827e-01	-1.012788e-03	1.484141e-02	4.236266e-02	2.224559e-02	-1.995481e-04	-1.079039e-03	2.567508e-04	1.838104e-02	4.809731e-02	8.342897e-02	4.196858e-04	2.900402e-05	2.016082e-05	7.646225e-02	7.787362e-03	-9.757050e-03	-2.474040e-02	-3.392106e-02	-1.043466e-04	-6.973639e-05	-8.681966e-12	-1.211610e-04	-1.224279e-04	
-9.733275e-02	-8.380670e-04	-1.294426e-01	-3.692450e-04	-7.165221e-02	-9.305971e-05	3.394908e-01	-1.014859e-03	8.917032e-03	-1.633818e-02	-5.446730e-03	-9.730259e-04	-1.087311e-03	3.862955e-04	-5.934761e-03	-5.869647e-02	-2.772302e-02	-7.721916e-04	-7.959176e-06	1.286291e-04	3.148095e-02	-2.116679e-04	-1.385450e-02	9.056148e-03	3.171755e-02	-1.043466e-04	-6.973639e-05	-8.681966e-12	-1.211610e-04	-1.224279e-04	
-9.375686e-02	-8.436923e-04	-4.895751e-02	-3.692450e-04	-7.293617e-02	-9.630123e-05	1.620732e-01	-1.016148e-03	1.016570e-02	-2.002285e-02	-1.295597e-02	-6.091569e-04	-1.228629e-03	1.516171e-04	1.238289e-03	-3.680274e-03	-7.539935e-03	3.651547e-04	-1.410050e-04	-2.355938e-04	-5.686827e-02	-7.090413e-03	9.671236e-03	2.434818e-02	4.430622e-03	-1.043466e-04	-6.973639e-05	-8.681966e-12	-1.211610e-04	-1.224279e-04	
-8.665907e-02	-8.486984e-04	1.312673e-01	-3.692450e-04	-7.425015e-02	-9.849577e-05	-3.008444e-04	-1.016901e-03	1.318410e-02	1.705232e-02	1.292348e-03	-1.888252e-04	-1.397663e-03	3.263872e-04	3.008020e-03	3.707958e-02	1.421762e-02	4.216172e-04	-1.687219e-04	1.738543e-04	-7.348707e-03	-1.513487e-03	2.749851e-03	-2.156116e-03	-4.414729e-02	-1.043466e-04	-6.973639e-05	-8.681966e-12	-1.211610e-04	-1.224279e-04	
-7.523535e-02	-8.526302e-04	2.147999e-01	-3.692450e-04	-7.559070e-02	-9.987430e-05	-1.088928e-01	-1.017316e-03	8.031931e-03	2.123897e-04	-4.018335e-02	-6.000575e-04	-1.430446e-03	2.407491e-04	-5.162551e-03	-1.683554e-02	-4.150639e-02	-4.099472e-04	-3.246991e-05	-8.655374e-05	-2.038280e-02	-1.925582e-03	-1.325536e-02	4.188158e-04	-6.933442e-03	-1.043466e-04	-6.973639e-05	-8.681966e-12	-1.211610e-04	-1.224279e-04	
1.285025e-02	-8.554304e-04	1.565494e-01	-3.692450e-04	-7.695435e-02	-1.006854e-04	-1.672928e-01	-1.017533e-03	6.452069e-03	2.905294e-02	-5.798093e-02	4.159358e-05	-1.129663e-03	3.777494e-04	-1.590241e-03	2.884493e-02	-1.782827e-02	6.429371e-04	3.010958e-04	1.360847e-04	7.253691e-03	-2.054715e-03	-6.155939e-03	-4.534155e-05	2.012346e-02	-1.043466e-04	-6.973639e-05	-8.681966e-12	-1.211610e-04	-1.224279e-04	
1.991920e-01	-8.572679e-04	4.722311e-02	-3.692450e-04	-7.833819e-02	-1.011359e-04	-1.907892e-01	-1.017642e-03	1.200458e-02	6.219468e-02	-1.030557e-02	-9.723508e-05	-1.045392e-03	4.662041e-04	5.542124e-03	3.314613e-02	4.764466e-02	-1.375430e-04	8.458331e-05	8.753918e-05	-1.694508e-04	1.153297e-02	-7.824375e-03	-1.957011e-02	-3.074170e-02	-1.043466e-04	-6.973639e-05	-8.681966e-12	-1.211610e-04	-1.224279e-04	
2.873260e-01	-8.583913e-04	-4.666108e-02	-3.692450e-04	-7.974850e-02	-1.013734e-04	-1.671724e-01	-1.017694e-03	1.008808e-02	4.548614e-02	-1.912898e-02	1.439044e-04	-1.171806e-03	1.825230e-04	-1.926878e-03	-1.670415e-02	-8.854100e-03	2.424247e-04	-1.261014e-04	-2.845965e-04	-4.608393e-02	-5.173275e-03	-1.514513e-02	-8.865691e-03	-2.000973e-03	-1.043466e-04	-6.973639e-05	-8.681966e-12	-1.211610e-04	-1.224279e-04	
2.324649e-01	-8.590366e-04	-1.090620e-01	-3.692450e-04	-8.119777e-02	-1.014930e-04	-8.852201e-03	-1.017718e-03	6.031089e-03	2.738912e-02	-2.539871e-02	5.298009e-04	-1.054757e-03	1.921245e-04	-4.067368e-03	-1.809264e-02	-6.300438e-03	3.871819e-04	1.173618e-04	8.685652e-06	-4.769014e-02	-8.646419e-03	-2.017818e-03	6.231797e-03	4.002989e-02	-1.043466e-04	-6.973639e-05	-8.681966e-12	-1.211610e-04	-1.224279e-04	
1.256811e-01	-8.593874e-04	-1.406244e-01	-3.692450e-04	-8.267959e-02	-1.015507e-04	1.596044e-01	-1.017729e-03	4.356407e-03	4.243489e-02	-5.776629e-02	-2.060275e-04	-9.565522e-04	6.086642e-04	-1.685062e-03	1.505017e-02	-3.239827e-02	-7.345426e-04	9.851740e-05	4.156241e-04	1.116580e-02	-1.895071e-02	7.465463e-03	-1.639908e-02	3.154252e-03	-1.043466e-04	-6.973639e-05	-8.681966e-12	-1.211610e-04	-1.224279e-04	
3.378518e-02	-8.595689e-04	-6.883211e-02	-3.692450e-04	-8.419055e-02	-1.015775e-04	1.803108e-01	-1.017733e-03	1.125639e-02	5.135166e-02	-7.585485e-04	1.223011e-04	-7.988324e-04	4.445272e-04	6.889605e-03	8.921150e-03	5.697704e-02	3.296142e-04	1.580324e-04	-1.650525e-04	6.365572e-03	-7.980568e-03	3.285997e-03	-6.990701e-03	-2.354405e-02	-1.043466e-04	-6.973639e-05	-8.681966e-12	-1.211610e-04	-1.224279e-04	
-2.695346e-02	-8.596587e-04	1.054083e-01	-3.692450e-04	-8.571801e-02	-1.015894e-04	9.859908e-02	-1.017734e-03	1.215491e-02	5.994147e-03	-2.623302e-02	1.003973e-03	-2.834936e-04	5.237689e-04	8.881298e-04	-4.535311e-02	-2.550517e-02	8.829577e-04	5.156514e-04	7.832593e-05	4.238915e-02	-8.214747e-03	3.249821e-03	1.723488e-02	1.031558e-02	-1.043466e-04	-6.973639e-05	-8.681966e-12	-1.211610e-04	-1.224279e-04	
-6.195293e-02	-8.597014e-04	1.968883e-01	-3.692450e-04	-8.724748e-02	-1.015945e-04	3.424000e-03	-1.017734e-03	1.327654e-02	4.015097e-02	-2.781659e-02	-1.566810e-04	-8.774965e-04	1.732180e-04	1.111258e-03	3.416121e-02	-1.614273e-03	-1.159368e-03	-5.936902e-04	-3.514664e-04	3.540356e-02	-4.304926e-03	-1.095433e-02	-4.426201e-03	6.339940e-03	-1.043466e-04	-6.973639e-05	-8.681966e-12	-1.211610e-04	-1.224279e-04	
-7.905024e-02	-8.597208e-04	2.698531e-01	-3.692450e-04	-8.878554e-02	-1.015961e-04	-6.649892e-02	-1.017734e-03	1.272612e-02	1.000752e-02	-1.888641e-02	2.010084e-04	-4.418095e-04	4.522154e-04	-5.607991e-04	-3.013904e-02	8.899493e-03	3.589750e-04	4.359996e-04	2.780819e-04	-1.029899e-02	-9.510618e-03	7.743804e-03	2.064746e-02	1.268648e-02	-1.043466e-04	-6.973639e-05	-8.681966e-12	-1.211610e-04	-1.224279e-04	
-8.407444e-02	-8.597294e-04	3.330905e-01	-3.692450e-04	-9.014487e-02	-1.015961e-04	-1.089238e-01	-1.017734e-03	9.114653e-03	1.244404e-02	-2.667836e-02	1.476896e-04	-1.637759e-04	4.323290e-04	-3.621851e-03	2.440913e-03	-7.822647e-03	-5.203300e-05	2.783462e-04	-2.080207e-05	-7.120497e-02	-4.156233e-03	5.712199e-03	1.310829e-02	-2.095681e-02	-1.043466e-04	-6.973639e-05	-8.681966e-12	-1.211610e-04	-1.224279e-04	
-8.153088e-02	-8.597329e-04	2.727176e-01	-3.692450e-04	-5.757892e-02	-1.015961e-04	-1.311537e-01	-1.017734e-03	1.115017e-02	3.081167e-02	-1.796963e-02	-1.439814e-04	-5.591395e-04	3.479645e-04	2.025138e-03	1.837200e-02	8.678021e-03	-2.903862e-04	-3.950510e-04	-8.528017e-05	-4.086666e-02	7.403683e-04	-1.177078e-02	-4.064653e-02	-1.751044e-02	-1.043466e-04	-6.973639e-05	-8.681966e-12	-1.211610e-04	-1.224279e-04	
-7.519521e-02	-8.597335e-04	1.291913e-01	-3.692450e-04	1.001224e-01	-1.015961e-04	-1.395389e-01	-1.017734e-03	8.603936e-03	1.142459e-03	-2.018127e-02	4.184242e-04	-1.698519e-04	4.842377e-04	-2.556617e-03	-2.966482e-02	-2.242326e-03	5.636918e-04	3.896002e-04	1.353576e-04	-1.427942e-02	5.446108e-03	-6.473957e-03	1.654935e-02	4.432208e-02	-1.043466e-04	-6.973639e-05	-8.681966e-12	-1.211610e-04	-1.224279e-04	
-6.790374e-02	-8.597335e-04	-1.015169e-02	-3.692450e-04	2.406946e-01	-1.015961e-04	-1.387438e-01	-1.017734e-03	7.957435e-03	2.733785e-02	8.416627e-05	-9.255380e-05	3.123260e-05	6.744826e-04	-6.568820e-04	2.619979e-02	2.023473e-02	-5.096931e-04	2.013972e-04	1.893293e-04	-1.104751e-02	1.146752e-02	5.518965e-03	6.703167e-03	-1.544580e-02	-1.043466e-04	-6.973639e-05	-8.681966e-12	-1.211610e-04	-1.224279e-04	
-6.135783e-02	-8.597335e-04	-7.033011e-02	-3.692450e-04	2.301642e-01	-1.015961e-04	-1.326594e-01	-1.017734e-03	6.242698e-03	2.605739e-02	1.254550e-03	-1.818117e-04	-1.659330e-05	4.019496e-04	-1.725118e-03	-1.276064e-03	1.139684e-03	-8.797214e-05	-4.751329e-05	-2.734484e-04	-8.622415e-02	7.293728e-03	-3.289541e-03	-1.959183e-02	-3.668769e-02	-1.043466e-04	-6.973639e-05	-8.681966e-12	-1.211610e-04	-1.224279e-04	
-5.624229e-02	-8.597335e-04	3.615388e-02	-3.692450e-04	1.291911e-01	-1.015961e-04	-1.244689e-01	-1.017734e-03	7.550834e-03	-9.516430e-03	3.657091e-03	4.667922e-04	4.199966e-04	4.174630e-04	1.297757e-03	-3.556943e-02	2.371852e-03	6.498898e-04	4.369025e-04	1.459785e-05	-1.130675e-02	4.138737e-03	-8.873149e-03	1.584569e-03	2.734221e-02	-1.043466e-04	-6.973639e-05	-8.681966e-12	-1.211610e-04	-1.224279e-04	
-5.257898e-02	-8.597335e-04	1.480515e-01	-3.692450e-04	2.410198e-02	-1.015961e-04	-1.163721e-01	-1.017734e-03	5.121878e-03	-1.724542e-02	-2.164342e-03	-3.410451e-04	5.472804e-04	6.623476e-04	-2.439336e-03	-7.724598e-03	-5.852129e-03	-8.065521e-04	1.275964e-04	2.439688e-04	-3.463442e-02	9.436511e-04	3.694575e-03	-1.756479e-03	1.311324e-02	-1.043466e-04	-6.973639e-05	-8.681966e-12	-1.211610e-04	-1.224279e-04	
-5.007975e-02	-8.597335e-04	1.642997e-01	-3.692450e-04	-5.160603e-02	-1.015961e-04	-1.095020e-01	-1.017734e-03	8.733418e-03	6.338713e-03	2.575560e-02	-5.557467e-04	3.572833e-04	3.285820e-04	3.601157e-03	2.358855e-02	2.788924e-02	-2.134158e-04	-1.896844e-04	-3.346812e-04	-1.820954e-02	1.815216e-03	5.256030e-03	-2.560582e-03	-2.380413e-02	-1.043466e-04	-6.973639e-05	-8.681966e-12	-1.211610e-04	-1.224279e-04	
-4.839491e-02	-8.597335e-04	2.296335e-01	-3.692450e-04	-9.823085e-02	-1.015961e-04	-1.041322e-01	-1.017734e-03	7.674938e-03	-2.783763e-02	-9.435342e-04	1.704661e-05	5.947978e-04	3.100994e-04	-1.068860e-03	-3.417196e-02	-2.672984e-02	5.740792e-04	2.378272e-04	-1.939818e-05	-1.803561e-03	-8.132732e-03	1.591271e-02	3.302139e-02	9.025109e-04	-1.043466e-04	-6.973639e-05	-8.681966e-12	-1.211610e-04	-1.224279e-04	
-4.724667e-02	-8.597335e-04	2.735786e-01	-3.692450e-04	-1.238548e-01	-1.015961e-04	-1.000944e-01	-1.017734e-03	4.813065e-03	9.137684e-03	1.007557e-03	-8.737367e-05	5.100172e-04	1.174912e-04	-2.872253e-03	3.697970e-02	1.920397e-03	-1.031344e-04	-8.446804e-05	-1.935238e-04	-4.889153e-02	7.304370e-03	-2.669970e-03	2.000112e-03	-2.113882e-02	-1.043466e-04	-6.973639e-05	-8.681966e-12	-1.211610e-04	-1.224279e-04	
-4.642440e-02	-8.597335e-04	1.968672e-01	-3.692450e-04	-1.120157e-01	-1.015961e-04	-9.701684e-02	-1.017734e-03	1.099395e-02	1.601385e-02	5.315225e-04	-6.149036e-04	8.498687e-05	1.682545e-04	6.170507e-03	6.880564e-03	-5.067293e-04	-5.262449e-04	-4.247178e-04	4.984776e-05	-4.644055e-02	8.180680e-03	-2.366316e-02	-1.899013e-02	5.554746e-03	-1.043466e-04	-6.973639e-05	-8.681966e-12	-1.211610e-04	-1.224279e-04	
-4.577962e-02	-8.597335e-04	6.066292e-02	-3.692450e-04	3.055836e-02	-1.015961e-04	-9.456271e-02	-1.017734e-03	6.130112e-03	-3.185927e-02	-1.134863e-03	-2.433835e-04	2.753341e-04	2.481495e-04	-4.874221e-03	-4.786875e-02	-1.697085e-03	3.728055e-04	1.906599e-04	7.897931e-05	-1.890277e-02	6.348801e-03	2.482935e-03	2.928424e-02	1.917840e-02	-1.043466e-04	-6.973639e-05	-8.681966e-12	-1.211610e-04	-1.224279e-04	
-4.522697e-02	-8.597335e-04	-5.919874e-02	-3.692450e-04	1.908346e-01	-1.015961e-04	-9.249800e-02	-1.017734e-03	7.095803e-03	4.580358e-03	2.480544e-02	-2.951824e-04	3.821526e-04	3.809303e-04	9.553109e-04	3.644402e-02	2.590961e-02	-5.051280e-05	1.071311e-04	1.318653e-04	-2.830552e-02	1.910950e-02	-9.935224e-03	-1.298121e-02	-3.304941e-02	-1.043466e-04	-6.973639e-05	-8.681966e-12	-1.211610e-04	-1.224279e-04	
-4.472582e-02	-8.597335e-04	-1.375029e-01	-3.692450e-04	2.063012e-01	-1.015961e-04	-8.395455e-02	-1.017734e-03	2.393326e-03	-2.581047e-02	1.750212e-02	-1.030473e-03	4.710855e-05	5.330466e-04	-4.712858e-03	-3.038643e-02	-7.334017e-03	-7.340049e-04	-3.347314e-04	1.512007e-04	-1.301349e-02	1.822198e-02	-1.597886e-02	-2.120259e-02	2.527163e-04	-1.043466e-04	-6.973639e-05	-8.681966e-12	-1.211610e-04	-1.224279e-04	
-4.425188e-02	-8.597335e-04	-1.796291e-01	-3.692450e-04	1.179216e-01	-1.015961e-04	1.743256e-02	-1.017734e-03	4.051517e-03	-3.451094e-02	-1.099831e-02	-4.495570e-05	4.088246e-04	3.845781e-04	1.647811e-03	-8.696072e-03	-2.853112e-02	9.868029e-04	3.620287e-04	-1.493841e-04	5.772952e-03	2.653140e-03	1.299577e-02	1.976817e-02	3.070031e-02	-1.043466e-04	-6.973639e-05	-8.681966e-12	-1.211610e-04	-1.224279e-04	
-4.381790e-02	-8.597335e-04	-1.948217e-01	-3.692450e-04	1.552140e-02	-1.015961e-04	1.983310e-01	-1.017734e-03	5.724389e-03	1.895555e-03	-1.527544e-02	-6.041149e-04	3.727193e-04	7.532350e-04	1.662491e-03	3.641089e-02	-4.307837e-03	-5.578736e-04	-3.579279e-05	3.677411e-04	-2.081446e-02	1.689620e-03	9.950483e-03	3.922223e-04	-2.897093e-02	-1.043466e-04	-6.973639e-05	-8.681966e-12	-1.211610e-04	-1.224279e-04	
-4.341079e-02	-8.597335e-04	-1.252841e-01	-3.692450e-04	-6.074708e-02	-1.015961e-04	2.626487e-01	-1.017734e-03	1.227889e-02	-1.538909e-03	8.492879e-03	-2.651877e-04	-8.174183e-05	4.337159e-04	6.544126e-03	-3.430067e-03	2.373762e-02	3.402125e-04	-4.541485e-04	-3.204345e-04	-2.395812e-02	9.007299e-04	3.728000e-03	-1.229054e-02	-2.339546e-02	-1.043466e-04	-6.973639e-05	-8.681966e-12	-1.211610e-04	-1.224279e-04	
-4.303068e-02	-8.597335e-04	6.056949e-02	-3.692450e-04	-1.083028e-01	-1.015961e-04	1.939729e-01	-1.017734e-03	2.740071e-03	-2.189280e-03	2.227825e-02	3.707806e-04	2.720237e-04	3.614594e-04	-9.549204e-03	-6.459822e-04	1.375469e-02	6.372537e-04	3.540781e-04	-7.317217e-05	-2.572213e-02	7.790342e-03	1.479312e-03	1.575528e-02	3.832403e-02	-1.043466e-04	-6.973639e-05	-8.681966e-12	-1.211610e-04	-1.224279e-04	
-4.267978e-02	-8.597335e-04	1.648037e-01	-3.692450e-04	-1.342564e-01	-1.015961e-04	8.623578e-02	-1.017734e-03	9.054129e-03	1.157206e-02	3.494737e-02	-4.825873e-04	1.836930e-05	5.356440e-04	6.303676e-03	1.376572e-02	1.263841e-02	-8.520816e-04	-2.533418e-04	1.732690e-04	-1.708052e-02	1.170920e-02	8.276808e-03	-1.157768e-02	-2.917138e-02	-1.043466e-04	-6.973639e-05	-8.681966e-12	-1.211610e-04	-1.224279e-04	
-4.235996e-02	-8.597335e-04	1.240686e-01	-3.692450e-04	-1.022431e-01	-1.015961e-04	-1.598860e-03	-1.017734e-03	5.844970e-03	-7.320922e-02	6.717089e-04	-1.582435e-03	-3.876630e-04	2.640734e-04	-3.219540e-03	-8.477689e-02	-3.430635e-02	-1.098562e-03	-4.057195e-04	-2.724863e-04	9.171573e-02	-8.589610e-03	-2.798003e-04	4.273116e-03	-5.640932e-03	-1.043466e-04	-6.973639e-05	-8.681966e-12	-1.211610e-04	-1.224279e-04	
-4.208016e-02	-8.597335e-04	2.440901e-02	-3.692450e-04	6.342503e-02	-1.015961e-04	-5.811431e-02	-1.017734e-03	-2.554328e-03	-2.785525e-02	2.782735e-03	-3.892364e-04	-3.420487e-04	3.198153e-04	-8.409678e-03	4.535836e-02	2.080329e-03	1.194484e-03	4.592683e-05	5.482633e-05	1.845046e-02	5.121771e-03	4.347368e-03	1.684992e-02	-7.891649e-04	-1.043466e-04	-6.973639e-05	-8.681966e-12	-1.211610e-04	-1.224279e-04	
-4.185756e-02	-8.597335e-04	-6.459953e-02	-3.692450e-04	2.059276e-01	-1.015961e-04	-8.987138e-02	-1.017734e-03	-1.634561e-03	1.359620e-02	-9.771893e-04	-2.398281e-04	-4.499274e-04	5.347552e-04	9.093863e-04	4.145585e-02	-3.790620e-03	1.506938e-04	-1.075661e-04	2.140244e-04	-3.872422e-02	1.074759e-02	-1.003753e-02	-8.013909e-03	-1.439546e-03	-1.043466e-04	-6.973639e-05	-8.681966e-12	-1.211610e-04	-1.224279e-04	
-4.168610e-02	-8.597335e-04	-1.242674e-01	-3.692450e-04	3.026149e-01	-1.015961e-04	-1.045607e-01	-1.017734e-03	-4.637156e-03	-2.710148e-02	-3.773798e-02	4.950305e-06	-2.929256e-04	3.035857e-04	-3.012975e-03	-4.069330e-02	-3.679150e-02	2.460643e-04	1.573144e-04	-2.320850e-04	3.000176e-03	4.248266e-03	1.719740e-02	3.710651e-02	1.011992e-03	-1.043466e-04	-6.973639e-05	-8.681966e-12	-1.211610e-04	-1.224279e-04	
-4.154790e-02	-8.597335e-04	-1.577951e-01	-3.692450e-04	3.803324e-01	-1.015961e-04	-1.078187e-01	-1.017734e-03	7.385683e-03	1.882939e-02	-3.247977e-02	-3.993605e-04	2.964853e-04	6.340371e-04	1.201246e-02	4.593525e-02	5.227518e-03	-4.030252e-04	5.897236e-04	3.295358e-04	1.832464e-02	1.549328e-02	-1.266691e-02	-2.493356e-02	-2.995590e-02	-1.043466e-04	-6.973639e-05	-8.681966e-12	-1.211610e-04	-1.224279e-04	
-4.143413e-02	-8.597335e-04	-1.160126e-01	-3.692450e-04	3.299691e-01	-1.015961e-04	-1.040836e-01	-1.017734e-03	1.382197e-02	3.863524e-03	3.718554e-03	-3.248638e-04	2.433096e-04	4.811225e-04	6.425906e-03	-1.496147e-02	3.616763e-02	7.578187e-05	-5.286307e-05	-1.538303e-04	-4.422592e-02	1.115483e-02	1.612027e-03	-9.485032e-03	1.418407e-02	-1.043466e-04	-6.973639e-05	-8.681966e-12	-1.211610e-04	-1.224279e-04	
-4.134509e-02	-8.597335e-04	5.473560e-02	-3.692450e-04	1.842274e-01	-1.015961e-04	-9.702666e-02	-1.017734e-03	7.084501e-03	-5.030528e-03	-1.257277e-02	-2.476214e-04	1.923224e-04	4.200223e-04	-6.747848e-03	-8.889655e-03	-1.632202e-02	7.852782e-05	-5.067460e-05	-6.201589e-05	-7.370189e-02	-2.900604e-04	2.883574e-02	4.220790e-02	1.419696e-02	-1.043466e-04	-6.973639e-05	-8.681966e-12	-1.211610e-04	-1.224279e-04	
-4.128402e-02	-8.597335e-04	1.665211e-01	-3.692450e-04	8.556465e-02	-1.015961e-04	-8.933381e-02	-1.017734e-03	1.497768e-02	2.845092e-02	-8.043087e-03	-2.093108e-04	-2.955189e-05	3.530316e-04	7.882796e-03	3.348583e-02	4.498984e-03	3.959659e-05	-2.215617e-04	-6.790616e-05	-4.793322e-02	-6.386112e-03	2.624547e-02	7.663815e-03	-3.330706e-02	-1.043466e-04	-6.973639e-05	-8.681966e-12	-1.211610e-04	-1.224279e-04	
-4.125388e-02	-8.597335e-04	1.329048e-01	-3.692450e-04	1.504178e-01	-1.015961e-04	-8.254840e-02	-1.017734e-03	5.139545e-03	3.020346e-02	-1.546362e-03	1.373544e-04	9.382280e-05	3.607681e-04	-9.848516e-03	1.756942e-03	6.466018e-03	3.479511e-04	1.236873e-04	6.820648e-06	-6.243694e-02	-1.704688e-03	6.478330e-03	-2.828431e-02	-3.177962e-02	-1.043466e-04	-6.973639e-05	-8.681966e-12	-1.211610e-04	-1.224279e-04	
-4.125668e-02	-8.597335e-04	3.321012e-02	-3.692450e-04	2.347027e-01	-1.015961e-04	-7.724275e-02	-1.017734e-03	-8.076664e-06	-2.545729e-02	-5.313835e-02	-3.024229e-04	-3.677334e-04	9.000069e-05	-5.158002e-03	-5.565634e-02	-5.162267e-02	-4.384918e-04	-4.612436e-04	-2.716829e-04	4.776290e-02	-6.801582e-03	3.294412e-03	2.470350e-02	6.034311e-02	-1.043466e-04	-6.973639e-05	-8.681966e-12	-1.211610e-04	-1.224279e-04	
-4.129374e-02	-8.597335e-04	-5.875432e-02	-3.692450e-04	3.245029e-01	-1.015961e-04	-7.337815e-02	-1.017734e-03	5.952793e-03	3.215547e-02	-1.734011e-02	-4.724262e-05	-1.686753e-05	3.523670e-05	5.950489e-03	5.761714e-02	3.576753e-02	2.564651e-04	3.511785e-04	-5.567945e-05	2.628139e-02	-2.559086e-03	1.634233e-02	2.422675e-02	-5.035419e-03	-1.043466e-04	-6.973639e-05	-8.681966e-12	-1.211610e-04	-1.224279e-04	
-4.136577e-02	-8.597335e-04	-1.210112e-01	-3.692450e-04	3.593421e-01	-1.015961e-04	-7.064092e-02	-1.017734e-03	4.120929e-03	3.248650e-02	3.741527e-02	-1.918034e-04	-3.909514e-04	4.281751e-04	-1.842244e-03	3.354131e-04	5.472468e-02	-1.432747e-04	-3.737713e-04	3.920228e-04	-1.512250e-02	2.178150e-02	3.260693e-03	-1.263874e-02	-2.895384e-02	-1.043466e-04	-6.973639e-05	-8.681966e-12	-1.211610e-04	-1.224279e-04	
-4.147294e-02	-8.597335e-04	-1.425077e-01	-3.692450e-04	2.624459e-01	-1.015961e-04	-6.867179e-02	-1.017734e-03	1.307109e-03	-2.670395e-03	-3.184481e-02	-1.326235e-04	-8.121666e-04	1.796696e-04	-2.824201e-03	-3.515251e-02	-6.929078e-02	6.046551e-05	-4.209026e-04	-2.494212e-04	2.636026e-02	-1.347980e-03	3.334684e-03	1.409612e-02	7.363331e-03	-1.043466e-04	-6.973639e-05	-8.681966e-12	-1.211610e-04	-1.224279e-04	
-4.161499e-02	-8.597335e-04	-3.329213e-02	-3.692450e-04	1.054585e-01	-1.015961e-04	-6.719857e-02	-1.017734e-03	-5.188001e-03	4.150720e-02	7.150075e-04	6.162515e-04	-6.358263e-04	1.570946e-04	-6.505491e-03	4.418199e-02	3.252912e-02	7.501604e-04	1.766530e-04	-2.349050e-05	2.487057e-02	1.304520e-02	5.679284e-03	-3.355912e-02	1.906947e-03	-1.043466e-04	-6.973639e-05	-8.681966e-12	-1.211610e-04	-1.224279e-04	
-4.179132e-02	-8.597335e-04	1.293709e-01	-3.692450e-04	-3.028070e-02	-1.015961e-04	-6.603789e-02	-1.017734e-03	-1.220486e-03	5.881281e-02	2.640259e-02	4.717911e-04	-4.341138e-04	8.268422e-05	3.957135e-03	1.731003e-02	2.565689e-02	-1.431742e-04	2.020251e-04	-7.532593e-05	-4.677969e-02	6.850353e-03	4.544076e-03	-1.658404e-02	1.747071e-02	-1.043466e-04	-6.973639e-05	-8.681966e-12	-1.211610e-04	-1.224279e-04	
-4.200108e-02	-8.597335e-04	1.652102e-01	-3.692450e-04	-1.187780e-01	-1.015961e-04	-6.505907e-02	-1.017734e-03	-1.296612e-02	-2.481969e-02	-4.911340e-02	4.851621e-04	-3.127398e-04	9.661618e-05	-1.175601e-02	-8.362813e-02	-7.554670e-02	1.465669e-05	1.216865e-04	1.301616e-05	6.467438e-02	-7.230361e-03	2.004106e-02	3.221332e-02	2.383463e-02	-1.043466e-04	-6.973639e-05	-8.681966e-12	-1.211610e-04	-1.224279e-04	
-4.224337e-02	-8.597335e-04	1.663731e-01	-3.692450e-04	-1.666081e-01	-1.015961e-04	-6.419515e-02	-1.017734e-03	-1.630883e-03	2.716563e-02	-4.182777e-03	-1.023306e-03	-7.983876e-04	-1.323671e-04	1.132485e-02	5.198969e-02	4.489993e-02	-1.507183e-03	-4.853352e-04	-2.298987e-04	9.889428e-02	5.710622e-03	-3.334331e-03	-2.070509e-02	-3.519379e-02	-1.043466e-04	-6.973639e-05	-8.681966e-12	-1.211610e-04	-1.224279e-04	
-4.251714e-02	-8.597335e-04	2.460163e-01	-3.692450e-04	-1.837825e-01	-1.015961e-04	-6.342287e-02	-1.017734e-03	-2.003952e-03	1.042336e-02	-2.135710e-03	-4.319178e-04	-4.233288e-04	-8.404713e-05	-3.834493e-04	-1.673787e-02	2.016374e-03	5.926744e-04	3.753715e-04	4.740433e-05	-4.380402e-02	9.941529e-03	-1.011257e-02	-2.238290e-02	1.083744e-02	-1.043466e-04	-6.973639e-05	-8.681966e-12	-1.211610e-04	-1.224279e-04	
-4.282135e-02	-8.597335e-04	2.535205e-01	-3.692450e-04	-1.100725e-01	-1.015961e-04	-6.272303e-02	-1.017734e-03	-3.383149e-03	2.556390e-03	-3.715974e-02	-3.329148e-04	-5.513665e-04	-1.576871e-04	-1.389578e-03	-7.862574e-03	-3.505473e-02	1.002887e-04	-1.277250e-04	-7.455552e-05	-6.021250e-02	1.352221e-03	4.258531e-03	-1.338751e-02	2.355575e-02	-1.043466e-04	-6.973639e-05	-8.681966e-12	-1.211610e-04	-1.224279e-04	
-4.315488e-02	-8.597335e-04	1.485723e-01	-3.692450e-04	7.740255e-02	-1.015961e-04	-6.210098e-02	-1.017734e-03	1.471301e-02	-8.325829e-02	-2.660697e-02	-3.078902e-03	-8.988994e-04	-2.185485e-04	1.808577e-02	-8.581028e-02	1.052208e-02	-2.744701e-03	-3.472203e-04	-6.177704e-05	1.441087e-01	-3.314572e-03	-3.371879e-03	-1.454142e-03	-6.597201e-03	-1.043466e-04	-6.973639e-05	-8.681966e-12	-1.211610e-04	-1.224279e-04	
-4.351655e-02	-8.597335e-04	1.424615e-02	-3.692450e-04	1.779518e-01	-1.015961e-04	-6.153101e-02	-1.017734e-03	-7.854001e-03	-8.475371e-02	-3.816373e-02	-2.681265e-03	-6.470859e-04	7.180630e-05	-2.257739e-02	-1.491036e-03	-1.158747e-02	3.989219e-04	2.521261e-04	2.894391e-04	-2.935423e-02	-5.914607e-03	9.776262e-03	4.482218e-02	-2.136126e-04	-1.043466e-04	-6.973639e-05	-8.681966e-12	-1.211610e-04	-1.224279e-04	
-4.390513e-02	-8.597335e-04	-8.999123e-02	-3.692450e-04	1.351857e-01	-1.015961e-04	-6.100637e-02	-1.017734e-03	5.110893e-03	-4.443002e-02	-3.572500e-02	-2.750354e-03	-6.388442e-04	-2.704447e-04	1.295451e-02	4.032807e-02	2.408034e-03	-6.780324e-05	8.554331e-06	-3.431665e-04	-3.942826e-02	-1.026995e-03	-1.473154e-02	-2.197175e-02	-1.786791e-02	-1.043466e-04	-6.973639e-05	-8.681966e-12	-1.211610e-04	-1.224279e-04	
-4.431934e-02	-8.597335e-04	-1.530720e-01	-3.692450e-04	3.638994e-02	-1.015961e-04	-6.053005e-02	-1.017734e-03	-6.126956e-03	-1.160432e-01	-4.360220e-02	-4.245847e-03	-3.959546e-04	-4.898727e-04	-1.124823e-02	-7.160882e-02	-7.907887e-03	-1.494207e-03	2.432022e-04	-2.203438e-04	6.480523e-02	-2.120882e-03	-1.734881e-02	1.359692e-02	3.658783e-02	-1.043466e-04	-6.973639e-05	-8.681966e-12	-1.211610e-04	-1.224279e-04	
-4.475782e-02	-8.597335e-04	-1.845463e-01	-3.692450e-04	-5.076941e-02	-1.015961e-04	-6.011573e-02	-1.017734e-03	8.461614e-03	-7.948872e-02	-3.687110e-02	-3.287917e-03	-7.463785e-04	-4.458239e-04	1.457819e-02	3.655893e-02	6.700407e-03	9.592149e-04	-3.501113e-04	4.313333e-05	1.035999e-02	6.299751e-03	-5.034282e-03	2.238408e-02	-1.153316e-02	-1.043466e-04	-6.973639e-05	-8.681966e-12	-1.211610e-04	-1.224279e-04	
-4.521924e-02	-8.597335e-04	-1.956094e-01	-3.692450e-04	-1.088566e-01	-1.015961e-04	-5.975563e-02	-1.017734e-03	7.208762e-03	-2.564749e-02	1.436524e-03	-2.292493e-03	-4.998702e-04	-4.263058e-05	-1.263233e-03	5.384561e-02	3.827693e-02	9.967104e-04	2.468209e-04	4.022778e-04	6.651008e-02	6.726827e-03	-1.854710e-02	-1.955199e-02	-4.002159e-02	-1.043466e-04	-6.973639e-05	-8.681966e-12	-1.211610e-04	-1.224279e-04	
-4.570748e-02	-8.597335e-04	-1.944390e-01	-3.692450e-04	-1.426122e-01	-1.015961e-04	-5.942993e-02	-1.017734e-03	-2.349743e-03	-5.441478e-02	-2.131500e-02	-1.396634e-03	-2.361901e-05	1.012468e-04	-9.568886e-03	-2.876289e-02	-2.278223e-02	8.971441e-04	4.765639e-04	1.429617e-04	1.965815e-02	1.938965e-03	-1.643979e-02	1.098633e-02	3.615981e-03	-1.043466e-04	-6.973639e-05	-8.681966e-12	-1.211610e-04	-1.224279e-04	
-4.623821e-02	-8.597335e-04	-1.843819e-01	-3.692450e-04	-1.594186e-01	-1.015961e-04	-5.912803e-02	-1.017734e-03	-5.949983e-03	-3.127852e-02	-4.684518e-02	-2.097413e-03	-4.045753e-04	1.790831e-04	-3.610621e-03	2.314066e-02	-2.556087e-02	-6.994930e-04	-3.806438e-04	7.692060e-05	-1.379164e-02	5.173228e-03	-1.960604e-02	-1.406968e-02	1.251536e-02	-1.043466e-04	-6.973639e-05	-8.681966e-12	-1.211610e-04	-1.224279e-04	
-4.680775e-02	-8.597335e-04	-1.024210e-01	-3.692450e-04	-1.647477e-01	-1.015961e-04	-5.884905e-02	-1.017734e-03	-3.891330e-03	1.357359e-02	5.459348e-03	-1.628697e-03	-2.373034e-04	4.075894e-05	2.048272e-03	4.485651e-02	5.227383e-02	4.700006e-04	1.675846e-04	-1.392397e-04	2.725598e-02	1.674425e-03	-1.224925e-02	-1.209103e-02	3.693996e-03	-1.043466e-04	-6.973639e-05	-8.681966e-12	-1.211610e-04	-1.224279e-04	
-4.739619e-02	-8.597335e-04	8.701764e-02	-3.692450e-04	-1.628197e-01	-1.015961e-04	-5.860285e-02	-1.017734e-03	-7.284607e-03	-1.948889e-02	-2.190861e-02	-3.175807e-04	1.576881e-04	4.721859e-05	-3.403657e-03	-3.305810e-02	-2.739864e-02	1.312402e-03	3.953041e-04	5.544063e-06	3.122585e-02	-4.892089e-03	9.536714e-03	3.184071e-02	1.518236e-02	-1.043466e-04	-6.973639e-05	-8.681966e-12	-1.211610e-04	-1.224279e-04	
-4.799089e-02	-8.597335e-04	1.894796e-01	-3.692450e-04	-1.564169e-01	-1.015961e-04	-5.840766e-02	-1.017734e-03	-6.174060e-03	1.561828e-02	-4.977688e-03	-1.555508e-03	2.456349e-04	1.666040e-04	1.100167e-03	3.511156e-02	1.690022e-02	-1.236641e-03	8.825952e-05	1.184699e-04	5.540425e-03	1.612136e-03	-1.343735e-02	-2.670932e-02	-4.477695e-02	-1.043466e-04	-6.973639e-05	-8.681966e-12	-1.211610e-04	-1.224279e-04	
-4.858657e-02	-8.597335e-04	1.445795e-01	-3.692450e-04	-9.855160e-02	-1.015961e-04	-5.825783e-02	-1.017734e-03	-1.142507e-03	-4.021936e-02	-3.481372e-02	-1.869900e-03	-2.022807e-04	-1.645996e-04	5.021172e-03	-5.583325e-02	-2.986674e-02	-3.131063e-04	-4.476029e-04	-3.321192e-04	1.259559e-02	-5.971632e-03	-1.754451e-02	-7.797489e-03	2.765769e-02	-1.043466e-04	-6.973639e-05	-8.681966e-12	-1.211610e-04	-1.224279e-04	
-4.917632e-02	-8.597335e-04	4.045610e-02	-3.692450e-04	7.999327e-02	-1.015961e-04	-5.813524e-02	-1.017734e-03	2.255583e-03	-2.306270e-02	-2.452873e-02	-1.073619e-03	-2.490728e-04	-2.091895e-04	3.387709e-03	1.716102e-02	1.025429e-02	7.975672e-04	-4.647956e-05	-4.550551e-05	-4.129274e-02	-1.100824e-02	1.047518e-02	1.940401e-02	1.037495e-02	-1.043466e-04	-6.973639e-05	-8.681966e-12	-1.211610e-04	-1.224279e-04	
-4.977860e-02	-8.597335e-04	-5.214491e-02	-3.692450e-04	2.041301e-01	-1.015961e-04	-5.802837e-02	-1.017734e-03	-4.019989e-03	-1.577247e-03	-9.970888e-03	-1.862062e-03	-1.577317e-04	1.026044e-04	-6.285952e-03	2.148989e-02	1.452715e-02	-7.871581e-04	9.165364e-05	3.108782e-04	-1.784261e-02	-6.792022e-03	1.862402e-03	1.637032e-02	-2.524906e-02	-1.043466e-04	-6.973639e-05	-8.681966e-12	-1.211610e-04	-1.224279e-04	
-5.040951e-02	-8.597335e-04	-8.600338e-02	-3.692450e-04	1.759322e-01	-1.015961e-04	-5.792511e-02	-1.017734e-03	-3.635657e-03	-1.077695e-01	-8.331929e-02	-1.081839e-03	-2.734402e-04	-5.214447e-04	3.739508e-04	-1.061879e-01	-7.337910e-02	7.815080e-04	-1.153959e-04	-6.249645e-04	1.307082e-01	-2.386417e-02	1.150002e-02	4.817751e-02	2.414967e-03	-1.043466e-04	-6.973639e-05	-8.681966e-12	-1.211610e-04	-1.224279e-04	
-5.106312e-02	-8.597335e-04	3.002334e-02	-3.692450e-04	7.285054e-02	-1.015961e-04	-5.784046e-02	-1.017734e-03	-4.054320e-03	4.222853e-02	-1.305397e-02	-6.521044e-04	-6.409678e-05	-3.343895e-04	-4.290441e-04	1.500024e-01	7.023460e-02	4.310209e-04	2.096561e-04	1.861396e-04	1.500430e-01	1.006435e-02	-2.366229e-02	-3.278063e-02	-1.991279e-02	-1.043466e-04	-6.973639e-05	-8.681966e-12	-1.211610e-04	-1.224279e-04	
-5.172903e-02	-8.597335e-04	1.618666e-01	-3.692450e-04	-2.585653e-02	-1.015961e-04	-5.779992e-02	-1.017734e-03	-1.459301e-02	6.471830e-03	1.195139e-03	-4.842253e-04	4.215864e-04	-4.225778e-04	-1.054907e-02	-3.575227e-02	1.421842e-02	1.691641e-04	4.859956e-04	-8.910394e-05	-2.085249e-02	1.049635e-02	-1.827846e-02	-5.119376e-03	3.744524e-02	-1.043466e-04	-6.973639e-05	-8.681966e-12	-1.211610e-04	-1.224279e-04	
-5.240122e-02	-8.597335e-04	1.565076e-01	-3.692450e-04	-7.937022e-02	-1.015961e-04	-5.780092e-02	-1.017734e-03	-1.619037e-02	6.547162e-04	-3.664193e-02	-3.818644e-04	1.266342e-04	-3.732522e-04	-1.607747e-03	-5.812719e-03	-3.786776e-02	1.036472e-04	-2.946394e-04	4.840997e-05	-5.814661e-02	4.367760e-04	1.208113e-03	1.417061e-02	8.680713e-03	-1.043466e-04	-6.973639e-05	-8.681966e-12	-1.211610e-04	-1.224279e-04	
-5.307698e-02	-8.597335e-04	6.176836e-02	-3.692450e-04	7.343906e-03	-1.015961e-04	-5.783044e-02	-1.017734e-03	-8.321661e-03	4.897986e-02	3.373610e-02	4.333883e-04	1.029647e-03	-1.494761e-04	7.858333e-03	4.832948e-02	7.034733e-02	8.165379e-04	9.033260e-04	2.228604e-04	1.100595e-01	1.295426e-02	-7.072190e-03	-3.918331e-02	-2.415365e-02	-1.043466e-04	-6.973639e-05	-8.681966e-12	-1.211610e-04	-1.224279e-04	
-5.375471e-02	-8.597335e-04	-3.653009e-02	-3.692450e-04	1.548496e-01	-1.015961e-04	-5.788030e-02	-1.017734e-03	-2.477719e-02	-4.724436e-02	-4.147185e-02	1.242643e-03	1.732659e-03	-1.204575e-04	-1.646592e-02	-9.621982e-02	-7.523865e-02	8.105403e-04	7.033242e-04	2.810318e-05	1.433162e-01	-1.011790e-02	1.761340e-02	1.762769e-02	8.320498e-03	-1.043466e-04	-6.973639e-05	-8.681966e-12	-1.211610e-04	-1.224279e-04	
-5.443305e-02	-8.597335e-04	-5.465569e-02	-3.692450e-04	1.775131e-01	-1.015961e-04	-5.794734e-02	-1.017734e-03	-2.104427e-02	-8.478871e-03	-3.215923e-02	1.167973e-03	1.251500e-03	-7.532721e-04	3.722549e-03	3.876989e-02	9.281912e-03	-7.338422e-05	-4.808469e-04	-6.337303e-04	-1.440467e-02	-7.782814e-03	6.204403e-03	-5.580407e-02	-1.610914e-02	-1.043466e-04	-6.973639e-05	-8.681966e-12	-1.211610e-04	-1.224279e-04	
-5.510747e-02	-8.597335e-04	7.749232e-02	-3.692450e-04	9.243333e-02	-1.015961e-04	-5.803015e-02	-1.017734e-03	-2.624853e-02	-3.015581e-02	-3.780714e-02	1.748531e-03	1.268890e-03	-8.883317e-04	-5.214645e-03	-2.167256e-02	-5.678615e-03	5.818431e-04	1.770359e-05	-1.359752e-04	-5.260918e-02	-1.685113e-02	1.817947e-02	1.505601e-04	5.173424e-02	-1.043466e-04	-6.973639e-05	-8.681966e-12	-1.211610e-04	-1.224279e-04	
-4.085694e-02	-8.597335e-04	1.767420e-01	-3.692450e-04	-1.058754e-02	-1.015961e-04	-5.812312e-02	-1.017734e-03	-2.317734e-02	2.234259e-02	-6.383184e-02	2.303347e-03	1.010314e-03	-8.676678e-04	3.060806e-03	5.250281e-02	-2.605539e-02	5.561034e-04	-2.582640e-04	1.974832e-05	2.132710e-03	-2.089407e-02	3.574606e-02	-4.349939e-03	6.504062e-04	-1.043466e-04	-6.973639e-05	-8.681966e-12	-1.211610e-04	-1.224279e-04	
8.609193e-02	-8.597335e-04	1.382984e-01	-3.692450e-04	-8.700476e-02	-1.015961e-04	-5.821034e-02	-1.017734e-03	-2.528161e-02	3.762754e-02	-1.108136e-02	1.577883e-03	1.032434e-03	-5.620266e-04	-2.114648e-03	1.528930e-02	5.271978e-02	-7.241791e-04	2.243238e-05	3.047255e-04	6.491260e-04	-1.704838e-02	2.245204e-02	-1.889466e-02	-1.088402e-02	-1.043466e-04	-6.973639e-05	-8.681966e-12	-1.211610e-04	-1.224279e-04	
2.543192e-01	-8.597335e-04	3.456452e-02	-3.692450e-04	-1.331986e-01	-1.015961e-04	-5.829555e-02	-1.017734e-03	-2.598162e-02	9.016438e-05	-1.257849e-02	1.432635e-03	1.494118e-03	-4.943049e-04	-7.103881e-04	-3.753296e-02	-1.527824e-03	-1.439631e-04	4.619968e-04	6.680618e-05	-5.796644e-02	-5.467842e-03	1.067247e-02	-3.672559e-03	4.628242e-03	-1.043466e-04	-6.973639e-05	-8.681966e-12	-1.211610e-04	-1.224279e-04	
2.844598e-01	-8.597335e-04	-5.934683e-02	-3.692450e-04	-1.576233e-01	-1.015961e-04	-5.422519e-02	-1.017734e-03	-2.386517e-02	3.764559e-02	-1.650089e-02	5.650670e-04	9.946520e-04	-5.588080e-04	2.106068e-03	3.755984e-02	-3.953102e-03	-8.662826e-04	-4.991533e-04	-6.541858e-05	-1.445818e-02	6.133632e-03	-6.124256e-03	-1.077523e-02	3.046013e-02	-1.043466e-04	-6.973639e-05	-8.681966e-12	-1.211610e-04	-1.224279e-04	
1.983598e-01	-8.597335e-04	-1.208470e-01	-3.692450e-04	-1.676990e-01	-1.015961e-04	3.127211e-02	-1.017734e-03	-2.415560e-02	3.081792e-02	-2.989277e-02	1.810478e-03	8.469142e-04	-7.987844e-04	-3.008154e-04	-6.823312e-03	-1.342258e-02	1.246697e-03	-1.474250e-04	-2.408921e-04	-2.550740e-02	-2.801913e-03	2.215152e-02	1.848945e-02	1.825691e-02	-1.043466e-04	-6.973639e-05	-8.681966e-12	-1.211610e-04	-1.224279e-04	
8.976666e-02	-8.597335e-04	-1.549088e-01	-3.692450e-04	-1.684802e-01	-1.015961e-04	2.119649e-01	-1.017734e-03	-2.204949e-02	7.782361e-02	5.377079e-03	1.275369e-03	1.367731e-03	-3.436322e-04	2.095734e-03	4.701010e-02	3.523916e-02	-5.338234e-04	5.211298e-04	4.542367e-04	3.627646e-02	1.379497e-02	-1.173980e-02	-3.679683e-02	-2.930002e-02	-1.043466e-04	-6.973639e-05	-8.681966e-12	-1.211610e-04	-1.224279e-04	
1.206544e-02	-8.597335e-04	-1.706613e-01	-3.692450e-04	-1.638875e-01	-1.015961e-04	2.906215e-01	-1.017734e-03	-2.494347e-02	2.557345e-02	-4.988937e-02	1.738875e-03	1.320462e-03	-5.109258e-04	-2.904362e-03	-5.224574e-02	-5.529715e-02	4.647911e-04	-4.695667e-05	-1.682093e-04	1.609925e-02	-6.248644e-03	6.212341e-04	-7.114243e-03	3.317709e-02	-1.043466e-04	-6.973639e-05	-8.681966e-12	-1.211610e-04	-1.224279e-04	
5.423695e-02	-8.597335e-04	-1.746334e-01	-3.692450e-04	-1.571131e-01	-1.015961e-04	2.295059e-01	-1.017734e-03	-2.304249e-02	5.703701e-02	-4.136511e-02	9.231368e-04	8.639692e-04	-5.327999e-04	1.890598e-03	3.146790e-02	8.493556e-03	-8.144523e-04	-4.561804e-04	-2.278969e-05	-2.117201e-02	-4.167914e-03	5.917639e-03	-1.676100e-02	1.465484e-02	-1.043466e-04	-6.973639e-05	-8.681966e-12	-1.211610e-04	-1.224279e-04	
2.046041e-01	-8.597335e-04	-1.713729e-01	-3.692450e-04	-1.504042e-01	-1.015961e-04	1.253303e-01	-1.017734e-03	-2.344697e-02	5.815089e-03	-5.905462e-02	8.422937e-04	1.095003e-03	-4.404664e-04	-4.148607e-04	-5.121752e-02	-1.772019e-02	-7.955726e-05	2.313470e-04	9.141788e-05	-4.349648e-02	-1.146173e-02	8.365458e-03	4.554955e-03	1.211521e-03	-1.043466e-04	-6.973639e-05	-8.681966e-12	-1.211610e-04	-1.224279e-04	
2.588247e-01	-8.597335e-04	-1.644719e-01	-3.692450e-04	-1.449386e-01	-1.015961e-04	1.231764e-01	-1.017734e-03	-2.217144e-02	3.643288e-03	-4.329299e-02	7.652003e-04	7.660407e-04	-5.809052e-04	1.265154e-03	-2.167388e-03	1.573093e-02	-7.580757e-05	-3.286503e-04	-1.413545e-04	-8.560404e-02	-1.685509e-02	1.261588e-02	1.602427e-02	-7.698411e-04	-1.043466e-04	-6.973639e-05	-8.681966e-12	-1.211610e-04	-1.224279e-04	
1.882255e-01	-8.597335e-04	-1.566870e-01	-3.692450e-04	-1.410492e-01	-1.015961e-04	2.428308e-01	-1.017734e-03	-2.344360e-02	6.877426e-02	-2.050906e-02	1.038127e-03	1.165973e-03	-8.350072e-05	-1.282543e-03	6.513536e-02	2.275323e-02	2.742123e-04	4.002446e-04	4.964891e-04	3.161932e-02	-1.321320e-03	-1.764139e-02	-4.004441e-02	-1.520747e-02	-1.043466e-04	-6.973639e-05	-8.681966e-12	-1.211610e-04	-1.224279e-04	
9.869452e-02	-8.597335e-04	-1.497127e-01	-3.692450e-04	-1.385600e-01	-1.015961e-04	2.809979e-01	-1.017734e-03	-2.047816e-02	-9.030634e-04	-2.383174e-02	8.192640e-04	1.121586e-03	-1.709237e-04	2.955052e-03	-6.967295e-02	-3.353384e-03	-2.175776e-04	-4.407403e-05	-8.833860e-05	-4.445542e-02	-6.622939e-03	-5.091302e-03	-1.599868e-03	4.851955e-02	-1.043466e-04	-6.973639e-05	-8.681966e-12	-1.211610e-04	-1.224279e-04	
1.461084e-01	-8.597335e-04	-1.442850e-01	-3.692450e-04	-1.370958e-01	-1.015961e-04	1.993162e-01	-1.017734e-03	-2.280826e-02	2.255401e-02	-3.307728e-02	7.280718e-04	1.028134e-03	-4.914923e-05	-2.340476e-03	2.346147e-02	-9.276223e-03	-8.990637e-05	-9.313987e-05	1.208588e-04	-8.113218e-02	-1.145718e-02	3.120888e-04	1.256689e-03	3.315663e-03	-1.043466e-04	-6.973639e-05	-8.681966e-12	-1.211610e-04	-1.224279e-04	
2.594695e-01	-8.597335e-04	-1.404434e-01	-3.692450e-04	-1.363118e-01	-1.015961e-04	9.787253e-02	-1.017734e-03	-2.199184e-02	1.643650e-02	-2.916700e-02	2.040365e-04	9.711453e-04	-9.954252e-05	8.060389e-04	-6.113112e-03	3.879568e-03	-5.227500e-04	-5.667550e-05	-5.130887e-05	-9.274591e-02	-8.800483e-03	1.738379e-03	-1.939765e-03	-1.291857e-02	-1.043466e-04	-6.973639e-05	-8.681966e-12	-1.211610e-04	-1.224279e-04	
2.561879e-01	-8.597335e-04	-1.378769e-01	-3.692450e-04	-1.359320e-01	-1.015961e-04	1.315248e-01	-1.017734e-03	-2.014597e-02	2.001511e-02	-2.691545e-02	1.695362e-03	1.466538e-03	6.274407e-05	1.835489e-03	3.583024e-03	2.220851e-03	1.492611e-03	4.957055e-04	1.613710e-04	-2.645249e-03	-1.012893e-02	1.147753e-02	4.027335e-02	3.146347e-03	-1.043466e-04	-6.973639e-05	-8.681966e-12	-1.211610e-04	-1.224279e-04	
1.555783e-01	-8.597335e-04	-1.362075e-01	-3.692450e-04	-1.357740e-01	-1.015961e-04	2.484587e-01	-1.017734e-03	-4.374248e-03	6.728771e-02	-8.573716e-03	1.034248e-03	8.622247e-04	4.086978e-04	1.576134e-02	4.727697e-02	1.831104e-02	-6.598290e-04	-6.040009e-04	3.450382e-04	3.256477e-02	6.000451e-03	-1.722318e-02	-3.581077e-02	-1.381627e-02	-1.043466e-04	-6.973639e-05	-8.681966e-12	-1.211610e-04	-1.224279e-04	
4.525841e-02	-8.597335e-04	-1.261663e-01	-3.692450e-04	-1.357323e-01	-1.015961e-04	2.564035e-01	-1.017734e-03	-2.162132e-02	-3.221352e-03	-2.401900e-02	4.909937e-04	5.956774e-04	2.972559e-04	-1.725746e-02	-7.050464e-02	-1.547599e-02	-5.419679e-04	-2.662348e-04	-1.123576e-04	1.086789e-02	-5.120099e-03	-6.889162e-03	-3.941563e-04	3.772672e-02	-1.043466e-04	-6.973639e-05	-8.681966e-12	-1.211610e-04	-1.224279e-04	
-3.312356e-02	-8.597335e-04	-1.625386e-02	-3.692450e-04	-1.357592e-01	-1.015961e-04	1.618678e-01	-1.017734e-03	-7.709020e-03	-1.585052e-03	-2.416128e-02	8.937971e-04	3.811622e-05	8.986712e-05	1.390192e-02	1.640659e-03	-1.729760e-04	4.040894e-04	-5.572484e-04	-2.083042e-04	-4.809024e-02	-7.219615e-03	1.019301e-02	2.318758e-02	-4.090361e-03	-1.043466e-04	-6.973639e-05	-8.681966e-12	-1.211610e-04	-1.224279e-04	
-7.821668e-02	-8.597335e-04	1.612108e-01	-3.692450e-04	-1.358115e-01	-1.015961e-04	5.260005e-02	-1.017734e-03	2.766813e-05	-1.559894e-02	3.571013e-02	-3.129178e-04	1.350617e-06	2.559883e-04	7.726309e-03	-1.400950e-02	5.984072e-02	-1.205430e-03	-3.645306e-05	1.652055e-04	1.594586e-02	7.005043e-05	-1.049217e-02	-1.340215e-02	-4.191223e-02	-1.043466e-04	-6.973639e-05	-8.681966e-12	-1.211610e-04	-1.224279e-04	
-1.001379e-01	-8.597335e-04	2.137463e-01	-3.692450e-04	-1.149826e-01	-1.015961e-04	-2.641240e-02	-1.017734e-03	-1.019731e-02	-9.951393e-02	-2.563993e-02	-4.882311e-04	-7.556588e-04	2.097156e-04	-1.023536e-02	-8.391060e-02	-6.138076e-02	-1.740274e-04	-7.566969e-04	-4.718830e-05	6.540954e-02	-6.353450e-03	-9.652413e-04	3.197648e-02	1.447525e-02	-1.043466e-04	-6.973639e-05	-8.681966e-12	-1.211610e-04	-1.224279e-04	
-1.074847e-01	-8.597335e-04	1.384718e-01	-3.692450e-04	2.550881e-02	-1.015961e-04	-7.217291e-02	-1.017734e-03	6.091156e-03	-5.178532e-02	-4.267409e-03	-1.140111e-03	-7.186781e-04	2.021481e-04	1.627808e-02	4.773303e-02	2.134182e-02	-6.505954e-04	3.729347e-05	-8.483211e-06	-5.544068e-03	-1.818652e-03	-1.191208e-02	-1.533216e-02	-1.206948e-02	-1.043466e-04	-6.973639e-05	-8.681966e-12	-1.211610e-04	-1.224279e-04	
-1.060164e-01	-8.597335e-04	3.567877e-02	-3.692450e-04	1.858232e-01	-1.015961e-04	-9.452149e-02	-1.017734e-03	7.518893e-03	-1.108758e-01	-8.617423e-03	-1.188319e-03	-1.059066e-03	3.094897e-04	1.417356e-03	-5.908617e-02	-4.380709e-03	-4.692226e-05	-3.400753e-04	1.064262e-04	-4.901247e-02	-1.062430e-02	2.684986e-03	3.774107e-02	3.044113e-04	-1.043466e-04	-6.973639e-05	-8.681966e-12	-1.211610e-04	-1.224279e-04	
-9.992934e-02	-8.597335e-04	4.397187e-02	-3.692450e-04	2.011103e-01	-1.015961e-04	-1.021217e-01	-1.017734e-03	1.227056e-02	-8.607409e-02	-2.888643e-03	4.867011e-05	-1.083868e-03	1.397939e-04	4.741290e-03	2.480614e-02	5.698080e-03	1.238275e-03	-2.448905e-05	-1.706114e-04	-1.530325e-02	-4.400652e-03	1.118353e-02	4.178535e-02	-2.202978e-02	-1.043466e-04	-6.973639e-05	-8.681966e-12	-1.211610e-04	-1.224279e-04	
-9.236321e-02	-8.597335e-04	1.685605e-01	-3.692450e-04	1.095143e-01	-1.015961e-04	-1.007551e-01	-1.017734e-03	6.256176e-03	-3.543793e-02	3.914505e-02	-1.582489e-04	-5.580714e-04	3.974662e-04	-6.024769e-03	5.064059e-02	4.200300e-02	-2.056333e-04	5.261088e-04	2.567568e-04	2.126749e-02	1.460369e-02	-1.816155e-02	-1.240386e-02	-4.268497e-02	-1.043466e-04	-6.973639e-05	-8.681966e-12	-1.211610e-04	-1.224279e-04	
-8.535277e-02	-8.597335e-04	2.054206e-01	-3.692450e-04	1.304701e-02	-1.015961e-04	-9.460110e-02	-1.017734e-03	6.041699e-03	-7.867905e-02	-8.636376e-03	2.497965e-04	-1.016289e-03	1.222260e-04	-2.248568e-04	-4.323676e-02	-4.781212e-02	4.093311e-04	-4.579049e-04	-2.761560e-04	1.443036e-02	4.782799e-03	-1.152095e-02	1.029905e-02	3.944113e-02	-1.043466e-04	-6.973639e-05	-8.681966e-12	-1.211610e-04	-1.224279e-04	
-7.988263e-02	-8.597335e-04	1.236066e-01	-3.692450e-04	4.722051e-02	-1.015961e-04	-8.682560e-02	-1.017734e-03	5.944824e-04	2.948199e-03	1.781725e-02	9.029126e-04	-5.520685e-04	5.305974e-05	-5.457597e-03	8.163165e-02	2.642293e-02	6.544021e-04	4.645331e-04	-7.008160e-05	5.226859e-02	1.537690e-02	-6.767895e-03	1.280527e-02	-7.209818e-03	-1.043466e-04	-6.973639e-05	-8.681966e-12	-1.211610e-04	-1.224279e-04	
-7.612362e-02	-8.597335e-04	1.100851e-02	-3.692450e-04	1.729535e-01	-1.015961e-04	-7.952263e-02	-1.017734e-03	2.966163e-03	1.859116e-02	4.903676e-02	1.077172e-03	-5.071362e-05	4.142639e-04	2.361299e-03	1.564734e-02	3.118881e-02	1.755449e-04	5.016675e-04	3.602884e-04	-2.102801e-02	2.639398e-02	-7.119169e-03	-8.081880e-03	-3.244474e-02	-1.043466e-04	-6.973639e-05	-8.681966e-12	-1.211610e-04	-1.224279e-04	
-7.382245e-02	-8.597335e-04	-5.504161e-02	-3.692450e-04	1.923907e-01	-1.015961e-04	-7.372112e-02	-1.017734e-03	2.051247e-03	-2.287971e-02	-2.316385e-02	1.402051e-03	-2.637918e-04	2.281577e-04	-9.252965e-04	-4.146646e-02	-7.223131e-02	3.261636e-04	-2.127655e-04	-1.870216e-04	1.572967e-02	3.370568e-03	-4.678379e-03	1.688334e-02	4.510239e-03	-1.043466e-04	-6.973639e-05	-8.681966e-12	-1.211610e-04	-1.224279e-04	
-7.257926e-02	-8.597335e-04	3.312048e-02	-3.692450e-04	1.020338e-01	-1.015961e-04	-6.968711e-02	-1.017734e-03	-1.379970e-03	5.020491e-02	1.868166e-02	1.494470e-03	2.065283e-04	5.457418e-04	-3.441598e-03	7.308899e-02	4.181482e-02	9.370524e-05	4.706326e-04	3.166684e-04	3.952617e-02	1.656977e-02	-1.432003e-02	-3.044685e-02	-4.475611e-03	-1.043466e-04	-6.973639e-05	-8.681966e-12	-1.211610e-04	-1.224279e-04	
-7.201935e-02	-8.597335e-04	1.744718e-01	-3.692450e-04	-8.756135e-03	-1.015961e-04	-6.719868e-02	-1.017734e-03	-1.120417e-03	-9.973446e-03	-1.256025e-03	1.337232e-03	1.493709e-04	6.489533e-04	2.491727e-04	-6.017396e-02	-1.996838e-02	-1.559529e-04	-5.684477e-05	1.022958e-04	-4.619750e-02	3.128645e-03	6.415304e-03	2.722745e-02	1.977741e-02	-1.043466e-04	-6.973639e-05	-8.681966e-12	-1.211610e-04	-1.224279e-04	
-7.185397e-02	-8.597335e-04	2.838364e-01	-3.692450e-04	-9.092306e-02	-1.015961e-04	-6.585114e-02	-1.017734e-03	2.866576e-03	-3.237831e-02	-1.160795e-02	1.327162e-03	-4.645242e-05	5.502232e-04	3.976612e-03	-2.240043e-02	-1.038263e-02	-8.784464e-06	-1.955105e-04	-9.964547e-05	-8.550148e-02	-5.894551e-03	1.900000e-02	3.001669e-02	-1.202019e-02	-1.043466e-04	-6.973639e-05	-8.681966e-12	-1.211610e-04	-1.224279e-04	
-7.191994e-02	-8.597335e-04	3.702618e-01	-3.692450e-04	-1.395590e-01	-1.015961e-04	-6.524062e-02	-1.017734e-03	6.751379e-03	1.384291e-02	3.356477e-02	1.003739e-03	1.800698e-04	7.058771e-04	3.874423e-03	4.622557e-02	4.514202e-02	-3.221379e-04	2.268349e-04	1.547382e-04	9.408773e-04	9.060373e-03	1.953792e-03	6.774829e-03	-3.622755e-02	-1.043466e-04	-6.973639e-05	-8.681966e-12	-1.211610e-04	-1.224279e-04	
-7.209986e-02	-8.597335e-04	3.265000e-01	-3.692450e-04	-1.617240e-01	-1.015961e-04	-6.505445e-02	-1.017734e-03	-6.269126e-03	-5.192020e-02	-1.276721e-02	9.267617e-04	-2.416922e-04	6.264461e-04	-1.303089e-02	-6.575871e-02	-4.636268e-02	-7.569060e-05	-4.214496e-04	-8.034663e-05	1.186540e-02	1.100359e-02	-9.092726e-03	1.109178e-02	4.356774e-03	-1.043466e-04	-6.973639e-05	-8.681966e-12	-1.211610e-04	-1.224279e-04	
-7.232428e-02	-8.597335e-04	1.817529e-01	-3.692450e-04	-9.896112e-02	-1.015961e-04	-6.511647e-02	-1.017734e-03	2.334252e-03	4.735586e-03	-2.084803e-03	-2.985259e-04	-8.680016e-04	4.398987e-04	8.592998e-03	5.666022e-02	1.065171e-02	-1.224002e-03	-6.259968e-04	-1.874632e-04	4.551094e-02	8.253640e-03	-1.880709e-02	-2.403099e-02	-8.251796e-04	-1.043466e-04	-6.973639e-05	-8.681966e-12	-1.211610e-04	-1.224279e-04	
-7.255484e-02	-8.597335e-04	3.105526e-02	-3.692450e-04	8.153614e-02	-1.015961e-04	-6.529894e-02	-1.017734e-03	-1.083116e-02	-3.554537e-02	-1.695726e-02	6.415332e-04	-7.949541e-04	2.100004e-04	-1.317579e-02	-4.027661e-02	-1.490316e-02	9.413439e-04	7.336018e-05	-2.308139e-04	-4.719223e-03	3.200253e-03	8.237943e-03	3.201179e-02	1.083170e-02	-1.043466e-04	-6.973639e-05	-8.681966e-12	-1.211610e-04	-1.224279e-04	
-7.278312e-02	-8.597335e-04	-7.770022e-02	-3.692450e-04	2.223005e-01	-1.015961e-04	-6.554171e-02	-1.017734e-03	6.984578e-03	3.521037e-02	-3.655574e-02	1.062290e-03	-7.842490e-04	1.571274e-04	1.780536e-02	7.076014e-02	-1.962918e-02	4.220427e-04	1.101759e-05	-5.378853e-05	1.242681e-03	-8.772078e-04	4.757989e-04	-3.818216e-03	-3.594068e-02	-1.043466e-04	-6.973639e-05	-8.681966e-12	-1.211610e-04	-1.224279e-04	
-7.301453e-02	-8.597335e-04	-1.416577e-01	-3.692450e-04	3.446746e-01	-1.015961e-04	-6.581481e-02	-1.017734e-03	-3.846529e-03	3.419612e-02	-3.651278e-02	1.254756e-03	-3.656046e-04	5.871659e-04	-1.084149e-02	-1.009835e-03	1.226465e-05	1.937516e-04	4.189569e-04	4.291228e-04	-6.554910e-02	8.476860e-03	-1.304311e-02	-1.777584e-02	-1.894594e-02	-1.043466e-04	-6.973639e-05	-8.681966e-12	-1.211610e-04	-1.224279e-04	
-7.323401e-02	-8.597335e-04	-1.726155e-01	-3.692450e-04	3.782064e-01	-1.015961e-04	-6.610695e-02	-1.017734e-03	-5.250806e-03	1.688302e-02	-1.951792e-02	1.400229e-03	-1.028063e-04	5.660357e-04	-1.414657e-03	-1.730873e-02	1.696416e-02	1.467596e-04	2.631114e-04	-2.204559e-05	-7.384577e-02	1.281829e-02	-9.577323e-03	1.527057e-02	1.756044e-02	-1.043466e-04	-6.973639e-05	-8.681966e-12	-1.211610e-04	-1.224279e-04	
-7.343990e-02	-8.597335e-04	-1.820277e-01	-3.692450e-04	3.149788e-01	-1.015961e-04	-6.643840e-02	-1.017734e-03	2.069006e-04	2.424776e-02	-3.535504e-03	4.799557e-04	-4.341038e-04	4.315918e-04	5.447326e-03	7.369144e-03	1.595172e-02	-9.189879e-04	-3.309854e-04	-1.353597e-04	-3.577940e-02	1.134595e-02	-3.378986e-03	-9.763953e-03	-2.849113e-02	-1.043466e-04	-6.973639e-05	-8.681966e-12	-1.211610e-04	-1.224279e-04	
-7.363085e-02	-8.597335e-04	-1.785007e-01	-3.692450e-04	3.218075e-01	-1.015961e-04	-6.679980e-02	-1.017734e-03	-7.765405e-03	-9.010232e-03	-1.019632e-02	1.803435e-03	6.032522e-05	5.812394e-04	-7.982686e-03	-3.325358e-02	-6.691511e-03	1.324764e-03	4.947417e-04	1.487320e-04	6.926883e-03	8.977654e-03	2.068049e-03	2.098417e-02	-5.062902e-03	-1.043466e-04	-6.973639e-05	-8.681966e-12	-1.211610e-04	-1.224279e-04	
-7.380770e-02	-8.597335e-04	-1.684755e-01	-3.692450e-04	3.293688e-01	-1.015961e-04	-6.717414e-02	-1.017734e-03	-1.368918e-03	1.874011e-02	-5.051455e-02	1.293218e-03	-3.727691e-04	4.210862e-04	6.386106e-03	2.775471e-02	-4.034894e-02	-5.089300e-04	-4.327815e-04	-1.610688e-04	-1.116977e-02	3.928530e-03	3.843165e-03	2.870046e-03	-6.168210e-03	-1.043466e-04	-6.973639e-05	-8.681966e-12	-1.211610e-04	-1.224279e-04	
-7.398454e-02	-8.597335e-04	-1.566206e-01	-3.692450e-04	3.453098e-01	-1.015961e-04	-6.754536e-02	-1.017734e-03	1.586653e-03	1.375984e-02	-3.363070e-02	1.512134e-03	-6.034269e-06	6.220790e-04	2.945190e-03	-4.975887e-03	1.685316e-02	2.202017e-04	3.670474e-04	2.000773e-04	-6.999808e-02	2.920122e-03	1.833801e-03	5.625705e-03	8.322498e-03	-1.043466e-04	-6.973639e-05	-8.681966e-12	-1.211610e-04	-1.224279e-04	
-7.417015e-02	-8.597335e-04	-1.441862e-01	-3.692450e-04	3.624256e-01	-1.015961e-04	-6.790888e-02	-1.017734e-03	-1.509755e-03	-1.805567e-02	-9.469641e-02	1.624523e-03	3.537614e-04	6.352834e-04	-3.106788e-03	-3.181111e-02	-6.109641e-02	1.136735e-04	3.601082e-04	1.228872e-05	-2.080946e-02	8.662883e-04	1.392310e-02	4.506042e-02	-1.129942e-03	-1.043466e-04	-6.973639e-05	-8.681966e-12	-1.211610e-04	-1.224279e-04	
-7.434934e-02	-8.597335e-04	-7.229576e-02	-3.692450e-04	2.709485e-01	-1.015961e-04	-6.826859e-02	-1.017734e-03	9.437387e-04	3.352965e-02	-3.443944e-02	1.373527e-03	3.163816e-04	6.355135e-04	2.443114e-03	5.158973e-02	6.022627e-02	-2.497094e-04	-3.706689e-05	-6.854332e-07	-7.085087e-03	1.648142e-02	-1.255700e-02	-3.211553e-02	-3.570184e-02	-1.043466e-04	-6.973639e-05	-8.681966e-12	-1.211610e-04	-1.224279e-04	
-7.450691e-02	-8.597335e-04	1.115566e-01	-3.692450e-04	1.111714e-01	-1.015961e-04	-6.864287e-02	-1.017734e-03	1.162731e-05	2.284643e-02	-2.257834e-02	1.904291e-03	3.747162e-04	7.126465e-04	-9.424924e-04	-1.067883e-02	1.183040e-02	5.320481e-04	5.864720e-05	7.621739e-05	-7.903692e-02	1.707990e-02	-1.464931e-02	-7.719077e-03	3.007447e-02	-1.043466e-04	-6.973639e-05	-8.681966e-12	-1.211610e-04	-1.224279e-04	
-7.302447e-02	-8.597335e-04	2.204293e-01	-3.692450e-04	-3.280285e-02	-1.015961e-04	-6.904148e-02	-1.017734e-03	-1.726946e-04	5.210432e-02	-4.365134e-02	1.812368e-03	3.561756e-04	9.159269e-04	-1.947027e-04	2.926226e-02	-2.110370e-02	-9.063751e-05	-1.822786e-05	2.023648e-04	-7.850367e-02	1.130888e-02	1.088832e-04	-6.593136e-04	-7.612033e-03	-1.043466e-04	-6.973639e-05	-8.681966e-12	-1.211610e-04	-1.224279e-04	
-9.739057e-03	-8.597335e-04	1.797011e-01	-3.692450e-04	-1.272390e-01	-1.015961e-04	-6.945019e-02	-1.017734e-03	-7.567838e-03	7.198150e-02	-3.819652e-02	1.630037e-03	3.272039e-04	8.491620e-04	-7.405524e-03	1.988156e-02	5.424128e-03	-1.810450e-04	-2.865935e-05	-6.768043e-05	-9.066046e-02	1.100051e-03	1.536384e-03	-1.426778e-02	-2.231203e-02	-1.043466e-04	-6.973639e-05	-8.681966e-12	-1.211610e-04	-1.224279e-04	
1.688102e-01	-8.597335e-04	7.417858e-02	-3.692450e-04	-1.769481e-01	-1.015961e-04	-6.985565e-02	-1.017734e-03	-2.214311e-02	2.338003e-02	-6.406207e-02	1.977130e-03	3.056915e-04	8.993959e-04	-1.458565e-02	-4.859707e-02	-2.589625e-02	3.483789e-04	-2.119965e-05	4.931828e-05	-3.674107e-02	-1.764046e-03	1.064526e-02	2.017202e-02	-4.561513e-03	-1.043466e-04	-6.973639e-05	-8.681966e-12	-1.211610e-04	-1.224279e-04	
3.249713e-01	-8.597335e-04	-2.198087e-02	-3.692450e-04	-1.964353e-01	-1.015961e-04	-7.025503e-02	-1.017735e-03	-7.094048e-03	7.554386e-02	-4.774104e-02	1.491941e-03	2.737909e-04	7.705617e-04	1.503868e-02	5.216823e-02	1.629033e-02	-4.839037e-04	-3.158816e-05	-1.297498e-04	-2.212145e-02	5.715271e-03	-8.346023e-03	-1.810011e-02	-1.010036e-04	-1.043466e-04	-6.973639e-05	-8.681966e-12	-1.211610e-04	-1.224279e-04	
4.544505e-01	-8.597335e-04	-8.723927e-02	-3.692450e-04	-1.977085e-01	-1.015961e-04	-7.065111e-02	-1.019498e-03	-1.445968e-02	3.363268e-02	-7.699385e-02	2.491910e-03	1.003837e-04	8.839135e-04	-7.376016e-03	-4.190680e-02	-2.928351e-02	1.001254e-03	-1.730946e-04	1.124362e-04	-5.381637e-03	2.409184e-04	7.700775e-03	1.395455e-02	2.628173e-02	-1.043466e-04	-6.973639e-05	-8.681966e-12	-1.211610e-04	-1.224279e-04	
4.671099e-01	-8.597335e-04	-1.207373e-01	-3.692450e-04	-1.890496e-01	-1.015961e-04	-7.104722e-02	-1.037835e-03	-2.160425e-03	8.017182e-02	-9.685571e-02	2.277144e-03	2.741168e-04	1.051468e-03	1.228888e-02	4.654355e-02	-1.989256e-02	-2.134793e-04	1.740456e-04	1.666388e-04	-3.954038e-02	4.561290e-04	6.704765e-03	8.593789e-05	-2.617059e-02	-1.043466e-04	-6.973639e-05	-8.681966e-12	-1.211610e-04	-1.224279e-04	
3.388329e-01	-8.597335e-04	-5.005492e-02	-3.692450e-04	-1.762442e-01	-1.015961e-04	-7.144577e-02	-1.080742e-03	1.632071e-03	9.675408e-02	-5.042272e-02	2.000395e-03	2.652586e-04	9.787291e-04	3.782115e-03	1.658663e-02	4.640230e-02	-2.754641e-04	-8.545268e-06	-7.365441e-05	-5.325927e-02	-4.890432e-04	-1.267414e-02	-5.069917e-02	6.123878e-03	-1.043466e-04	-6.973639e-05	-8.681966e-12	-1.211610e-04	-1.224279e-04	
1.680647e-01	-8.597335e-04	1.236629e-01	-3.692450e-04	-1.631581e-01	-1.015961e-04	-7.184833e-02	-1.137000e-03	-1.418141e-02	6.247304e-02	-8.597205e-02	2.550937e-03	1.025560e-05	4.382649e-04	-1.582386e-02	-3.427665e-02	-3.558003e-02	5.518279e-04	-2.546907e-04	-5.413797e-04	4.822488e-03	-1.070464e-02	9.049480e-03	7.900417e-03	4.040628e-02	-1.043466e-04	-6.973639e-05	-8.681966e-12	-1.211610e-04	-1.224279e-04	
2.948270e-02	-8.597335e-04	1.983498e-01	-3.692450e-04	-1.370491e-01	-1.015961e-04	-7.225586e-02	-1.208596e-03	-4.786562e-03	1.082349e-01	-7.918088e-02	1.284128e-03	-1.575007e-05	4.651291e-04	9.384464e-03	4.576623e-02	6.760465e-03	-1.265524e-03	-2.569290e-05	2.594854e-05	-1.434767e-02	-1.049134e-02	8.360454e-03	1.290088e-03	-9.279595e-03	-1.043466e-04	-6.973639e-05	-8.681966e-12	-1.211610e-04	-1.224279e-04	
-5.939405e-02	-8.597335e-04	1.396278e-01	-3.693081e-04	-9.460343e-04	-1.015961e-04	-7.266752e-02	-1.291268e-03	-4.865746e-03	2.445726e-01	-1.070075e-01	4.187690e-03	2.597726e-04	4.642188e-04	-8.956571e-05	1.363420e-01	-2.785735e-02	2.904847e-03	2.758355e-04	-1.825892e-06	1.766454e-01	-5.858089e-03	1.750777e-02	1.947811e-02	-4.155493e-03	-1.043466e-04	-6.973639e-05	-8.681966e-12	-1.211610e-04	-1.224279e-04	
-1.076495e-01	-8.597335e-04	3.723372e-02	-3.752402e-04	1.738444e-01	-1.015961e-04	-6.140605e-02	-1.369070e-03	-2.069279e-03	2.031240e-01	-1.200416e-01	2.083674e-03	-3.068723e-04	4.202361e-04	2.786086e-03	-4.144415e-02	-1.306480e-02	-2.102730e-03	-5.663324e-04	-4.489831e-05	4.344284e-02	1.994035e-03	-1.670679e-02	-3.576806e-02	-1.897709e-02	-1.043466e-04	-6.973639e-05	-8.681966e-12	-1.211610e-04	-1.224279e-04	
-1.281008e-01	-8.597335e-04	-4.792606e-02	-4.041311e-04	2.085077e-01	-1.015961e-04	5.670196e-02	-1.433485e-03	-3.959478e-03	1.625096e-01	-1.219340e-01	2.667162e-03	1.718031e-04	4.612810e-04	-1.900580e-03	-4.061003e-02	-1.923017e-03	5.847748e-04	4.789880e-04	4.012921e-05	-4.630180e-02	-1.200684e-03	-5.178623e-03	-2.337907e-03	4.070158e-02	-1.043466e-04	-6.973639e-05	-8.681966e-12	-1.211610e-04	-1.224279e-04	
-1.309689e-01	-8.598706e-04	-1.029972e-01	-4.529313e-04	1.254839e-01	-1.015961e-04	2.346186e-01	-1.485712e-03	-4.271628e-03	2.037038e-01	-1.366265e-01	2.737903e-03	3.071789e-04	4.662342e-04	-3.225311e-04	4.119856e-02	-1.472321e-02	7.202654e-05	1.356882e-04	4.037634e-06	-8.320066e-02	-4.187486e-03	6.566065e-03	-5.711327e-03	-1.387606e-02	-1.043466e-04	-6.973639e-05	-8.681966e-12	-1.211610e-04	-1.224279e-04	
-1.239958e-01	-8.673822e-04	-1.341638e-01	-5.032538e-04	1.905995e-02	-1.015961e-04	3.658391e-01	-1.530548e-03	-9.641599e-03	2.340201e-01	-8.124391e-02	3.112113e-03	5.762908e-04	4.436737e-04	-5.380351e-03	3.032069e-02	5.535186e-02	3.754953e-04	2.694245e-04	-2.347613e-05	-1.731822e-02	-2.180792e-03	-5.041538e-03	-5.060191e-02	-1.218919e-02	-1.043466e-04	-6.973639e-05	-8.681966e-12	-1.211610e-04	-1.224279e-04	
-1.116810e-01	-8.988871e-04	-1.489882e-01	-5.444654e-04	-6.276591e-02	-1.015961e-04	4.651804e-01	-1.572492e-03	-6.875165e-03	2.257199e-01	-9.055053e-02	4.353993e-03	6.736559e-04	1.399672e-04	2.756052e-03	-8.295720e-03	-9.337325e-03	1.243165e-03	9.767775e-05	-3.046219e-04	-4.714112e-02	-7.925551e-03	1.201264e-02	1.019414e-02	4.933095e-02	-1.043466e-04	-6.973639e-05	-8.681966e-12	-1.211610e-04	-1.224279e-04	
-4.124254e-02	-9.486532e-04	-1.528885e-01	-5.758688e-04	-1.141986e-01	-1.019866e-04	4.296215e-01	-1.614808e-03	-6.047977e-03	2.789732e-01	-8.196662e-02	3.676033e-03	5.238898e-04	1.957367e-05	8.168093e-04	5.325762e-02	8.553221e-03	-6.766743e-04	-1.494534e-04	-1.213093e-04	-3.358432e-02	-9.115810e-03	1.482009e-02	-7.952457e-03	7.477739e-03	-1.043466e-04	-6.973639e-05	-8.681966e-12	-1.211610e-04	-1.224279e-04	
1.444979e-01	-9.983380e-04	-1.500531e-01	-6.005259e-04	-1.426401e-01	-1.126087e-04	2.800428e-01	-1.659699e-03	-6.857194e-03	2.328611e-01	-9.081130e-02	4.197957e-03	5.124604e-04	1.156752e-04	-8.195987e-04	-4.610771e-02	-8.875385e-03	5.232109e-04	-1.111704e-05	9.518618e-05	-6.742690e-02	-4.306825e-03	2.871170e-02	1.498152e-02	-5.160489e-03	-1.043466e-04	-6.973639e-05	-8.681966e-12	-1.211610e-04	-1.224279e-04	
2.612917e-01	-1.038491e-03	-1.439807e-01	-6.215284e-04	-1.549711e-01	-1.482844e-04	1.164877e-01	-1.708572e-03	-6.643558e-03	2.313134e-01	-1.054670e-01	3.745095e-03	4.937515e-04	1.028400e-04	2.032547e-04	-1.543278e-03	-1.468635e-02	-4.515773e-04	-1.839597e-05	-1.375093e-05	-1.111865e-01	-3.655044e-03	6.166262e-03	-1.979026e-02	1.319410e-02	-1.043466e-04	-6.973639e-05	-8.681966e-12	-1.211610e-04	-1.224279e-04	
2.265553e-01	-1.069064e-03	-1.372824e-01	-6.411728e-04	-1.166365e-01	-1.996783e-04	-5.597353e-03	-1.762232e-03	-1.384411e-02	1.702454e-01	-1.347646e-01	2.066630e-03	8.178176e-05	-2.947666e-07	-7.210928e-03	-6.106362e-02	-2.932835e-02	-1.677179e-03	-4.116574e-04	-1.040504e-04	5.461353e-02	-1.569306e-02	8.050586e-03	-1.818465e-02	1.161355e-02	-1.043466e-04	-6.973639e-05	-8.681966e-12	-1.211610e-04	-1.224279e-04	
1.229650e-01	-1.093229e-03	-1.314874e-01	-6.611068e-04	5.274314e-02	-2.594139e-04	-8.000079e-02	-1.821055e-03	-1.169175e-02	6.809188e-02	-1.824153e-01	1.082292e-03	1.883907e-05	-3.685706e-04	2.141976e-03	-1.021491e-01	-4.768142e-02	-9.830527e-04	-6.263003e-05	-3.691914e-04	7.034153e-02	-2.362794e-02	1.095373e-02	-2.744287e-03	1.367588e-02	-1.043466e-04	-6.973639e-05	-8.681966e-12	-1.211610e-04	-1.224279e-04	
2.661958e-02	-1.114004e-03	-1.271662e-01	-6.825678e-04	1.930634e-01	-3.342888e-04	-1.182463e-01	-1.885162e-03	-1.057307e-02	1.457952e-01	-1.536936e-01	-5.323581e-04	3.480846e-04	-3.971266e-04	1.108297e-03	7.770766e-02	2.869104e-02	-1.613364e-03	3.295584e-04	-2.947156e-05	6.156191e-02	-8.134979e-03	-1.529894e-02	-4.585499e-02	7.729086e-03	-1.043466e-04	-6.973639e-05	-8.681966e-12	-1.211610e-04	-1.224279e-04	
-3.934317e-02	-1.133611e-03	-1.242629e-01	-7.125488e-04	1.818941e-01	-4.146489e-04	-1.324727e-01	-1.954579e-03	-1.950065e-02	9.428313e-02	-1.958244e-01	3.383550e-05	7.983558e-05	-3.156751e-04	-8.937961e-03	-5.150762e-02	-4.216150e-02	5.674787e-04	-2.679366e-04	8.053595e-05	-9.120303e-03	-2.401124e-02	4.211693e-03	9.479982e-03	4.983105e-02	-1.043466e-04	-6.973639e-05	-8.681966e-12	-1.211610e-04	-1.224279e-04	
-7.843094e-02	-1.153645e-03	-1.224942e-01	-7.684020e-04	8.589724e-02	-4.862068e-04	-1.319828e-01	-2.029328e-03	-1.094963e-02	1.142735e-01	-2.011895e-01	-1.121620e-03	1.001167e-04	-3.666855e-04	8.540644e-03	1.999474e-02	-5.395798e-03	-1.154170e-03	2.059386e-05	-5.192608e-05	-5.994523e-02	-1.985132e-02	4.671742e-03	-1.973013e-03	-9.253412e-03	-1.043466e-04	-6.973639e-05	-8.681966e-12	-1.211610e-04	-1.224279e-04	
-9.856170e-02	-1.175213e-03	-1.215157e-01	-8.462940e-04	-1.177199e-02	-5.447096e-04	-1.237963e-01	-2.109478e-03	-1.893797e-02	8.154443e-02	-2.749655e-01	-1.496165e-03	2.297380e-04	-2.252253e-04	-7.998716e-03	-3.272467e-02	-7.380667e-02	-3.732580e-04	1.299341e-04	1.405446e-04	-8.487134e-03	-2.554718e-02	-9.893433e-03	-4.546389e-02	4.700758e-03	-1.043466e-04	-6.973639e-05	-8.681966e-12	-1.211610e-04	-1.224279e-04	
-1.058225e-01	-1.199001e-03	-1.210393e-01	-9.278275e-04	-8.075377e-02	-5.933091e-04	-1.130289e-01	-2.195161e-03	-1.909095e-02	9.414828e-02	-2.873393e-01	4.520001e-04	2.354208e-04	8.403068e-05	-1.633683e-04	1.260820e-02	-1.240454e-02	1.949450e-03	5.995087e-06	3.083404e-04	-2.271936e-02	-2.983963e-02	1.275579e-03	-2.997861e-02	5.468820e-02	-1.043466e-04	-6.973639e-05	-8.681966e-12	-1.211610e-04	-1.224279e-04	
-1.048733e-01	-1.225348e-03	-1.208594e-01	-1.002736e-03	-1.221635e-01	-6.368037e-04	-1.029029e-01	-2.286555e-03	-2.033999e-02	1.267212e-01	-1.132087e-01	-4.503534e-04	6.450764e-04	9.830578e-06	-1.259423e-03	3.257737e-02	1.741000e-01	-9.010670e-04	4.099683e-04	-7.511564e-05	1.296310e-01	6.098054e-05	-1.865498e-02	-2.628265e-02	1.401438e-02	-1.043466e-04	-6.973639e-05	-8.681966e-12	-1.211610e-04	-1.224279e-04	
-9.957529e-02	-1.254362e-03	-1.208439e-01	-1.070537e-03	-1.438232e-01	-6.790917e-04	-9.493963e-02	-2.383880e-03	-1.370048e-02	9.872713e-02	6.644151e-02	-1.441303e-04	1.185400e-03	-3.518580e-04	6.629132e-03	-2.798970e-02	1.796195e-01	3.075085e-04	5.406361e-04	-3.626042e-04	1.291903e-01	1.926955e-02	-7.481324e-03	5.203536e-02	9.013153e-03	-1.043466e-04	-6.973639e-05	-8.681966e-12	-1.211610e-04	-1.224279e-04	
-9.293325e-02	-1.286039e-03	-1.198849e-01	-1.134362e-03	-1.520376e-01	-7.228721e-04	-8.944158e-02	-2.487379e-03	-8.745262e-03	1.738657e-01	-5.243640e-03	1.732046e-05	1.785679e-03	5.678638e-04	4.944837e-03	7.514291e-02	-7.171585e-02	1.627365e-04	6.005915e-04	9.188061e-04	7.332254e-02	5.029255e-03	-1.250825e-03	1.312815e-03	-4.178489e-02	-1.043466e-04	-6.973639e-05	-8.681966e-12	-1.211610e-04	-1.224279e-04	
-8.681599e-02	-1.320350e-03	-6.475868e-02	-1.197344e-03	-1.515103e-01	-7.699255e-04	-8.605489e-02	-2.597311e-03	-2.221682e-03	1.001022e-01	9.419385e-03	3.065269e-04	3.478565e-04	-3.282631e-04	6.513199e-03	-7.375905e-02	1.463233e-02	2.904918e-04	-1.437510e-03	-8.970423e-04	7.921665e-02	5.824818e-03	-2.019831e-02	-3.668551e-02	4.774708e-03	-1.043466e-04	-6.973639e-05	-8.681966e-12	-1.211610e-04	-1.224279e-04	
-8.204512e-02	-1.357292e-03	1.098675e-01	-1.261869e-03	-1.461563e-01	-8.213540e-04	-8.420946e-02	-2.713944e-03	-9.491889e-03	9.051059e-02	3.750419e-02	1.255563e-03	8.469512e-04	-4.677439e-04	-7.280588e-03	-9.587234e-03	2.805411e-02	9.503217e-04	4.994071e-04	-1.403964e-04	-2.258314e-02	1.574813e-02	1.904478e-03	3.689340e-02	3.599076e-02	-1.043466e-04	-6.973639e-05	-8.681966e-12	-1.211610e-04	-1.224279e-04	
-7.872429e-02	-1.396895e-03	2.324398e-01	-1.334206e-03	-1.390848e-01	-8.777530e-04	-8.337019e-02	-2.837553e-03	-6.741148e-03	1.663711e-01	4.345895e-02	7.038948e-04	4.941284e-04	-5.464506e-04	2.740361e-03	7.586496e-02	5.924065e-03	-5.503838e-04	-3.525101e-04	-7.962221e-05	-1.608499e-02	5.053735e-03	-4.585144e-03	-5.775443e-03	1.169795e-03	-1.043466e-04	-6.973639e-05	-8.681966e-12	-1.211610e-04	-1.224279e-04	
-7.659803e-02	-1.439227e-03	3.014803e-01	-1.432723e-03	-1.323261e-01	-9.393783e-04	-8.313309e-02	-2.968412e-03	-1.226961e-02	2.050536e-01	5.679482e-02	1.051167e-03	8.333914e-04	-4.119910e-04	-5.538845e-03	3.868690e-02	1.330517e-02	3.485578e-04	3.395758e-04	1.335439e-04	-5.651264e-02	1.404072e-02	1.283669e-02	4.230943e-02	-1.424045e-03	-1.043466e-04	-6.973639e-05	-8.681966e-12	-1.211610e-04	-1.224279e-04	
-7.531603e-02	-1.484384e-03	3.738891e-01	-1.558002e-03	-1.268447e-01	-1.006332e-03	-8.323119e-02	-3.106798e-03	-9.379288e-03	2.634095e-01	7.568361e-02	1.814860e-03	1.669534e-03	-2.335704e-04	2.879943e-03	5.836020e-02	1.885808e-02	7.649802e-04	8.364551e-04	1.775049e-04	1.412259e-02	1.321830e-02	5.513301e-03	1.642794e-02	-2.681050e-02	-1.043466e-04	-6.973639e-05	-8.681966e-12	-1.211610e-04	-1.224279e-04	
-7.457010e-02	-1.532478e-03	3.322886e-01	-1.692368e-03	-1.170608e-01	-1.083164e-03	-8.350191e-02	-3.252986e-03	-1.337341e-02	2.199219e-01	1.781476e-02	1.948241e-04	1.241329e-03	-4.901552e-04	-4.004506e-03	-4.348318e-02	-5.789954e-02	-1.618751e-03	-4.278926e-04	-2.575004e-04	6.502285e-02	8.923034e-03	-5.912912e-03	-3.449762e-03	6.629980e-03	-1.043466e-04	-6.973639e-05	-8.681966e-12	-1.211610e-04	-1.224279e-04	
-7.413771e-02	-1.583633e-03	1.912270e-01	-1.824265e-03	-1.928633e-02	-1.187028e-03	-8.385433e-02	-3.407250e-03	-8.907565e-03	2.536363e-01	7.768790e-03	1.783252e-03	1.575998e-03	1.019483e-04	4.455468e-03	3.371884e-02	-1.007667e-02	1.589714e-03	3.349821e-04	5.911878e-04	8.366418e-03	2.244761e-03	-1.783623e-03	7.587023e-04	1.057229e-02	-1.043466e-04	-6.973639e-05	-8.681966e-12	-1.211610e-04	-1.224279e-04	
-7.387706e-02	-1.637982e-03	4.160620e-02	-1.952414e-03	1.627024e-01	-1.317762e-03	-8.322683e-02	-3.570074e-03	-1.521499e-02	2.756599e-01	1.411911e-02	1.297106e-03	1.850194e-03	3.390195e-04	-6.317808e-03	2.202788e-02	6.319622e-03	-4.848604e-04	2.745086e-04	2.361557e-04	-6.918127e-02	4.441284e-03	-1.436066e-02	4.248796e-04	-2.163155e-02	-1.043466e-04	-6.973639e-05	-8.681966e-12	-1.211610e-04	-1.224279e-04	
-7.370573e-02	-1.695659e-03	-6.764853e-02	-2.079843e-03	2.321510e-01	-1.457354e-03	-2.840654e-02	-3.749980e-03	-1.479700e-02	2.612183e-01	-9.663631e-04	2.131842e-03	1.843127e-03	1.747878e-04	4.076085e-04	-1.443711e-02	-1.511616e-02	8.360200e-04	-6.754680e-06	-1.651473e-04	-7.761291e-02	-5.603708e-03	2.354069e-04	2.263957e-02	-1.179373e-03	-1.043466e-04	-6.973639e-05	-8.681966e-12	-1.211610e-04	-1.224279e-04	
-7.357913e-02	-1.756813e-03	-1.324694e-01	-2.209839e-03	1.659177e-01	-1.594190e-03	1.458950e-01	-3.963276e-03	-1.797621e-02	2.760330e-01	3.551098e-02	2.586244e-03	1.306584e-03	1.267100e-04	-3.189588e-03	1.481906e-02	3.644665e-02	4.556878e-04	-5.362305e-04	-4.899340e-05	-4.840191e-02	1.488201e-02	-1.206970e-02	-5.612180e-03	1.488524e-03	-1.043466e-04	-6.973639e-05	-8.681966e-12	-1.211610e-04	-1.224279e-04	
-7.311450e-02	-1.825351e-03	-1.643694e-01	-2.344945e-03	5.756033e-02	-1.727083e-03	2.603938e-01	-4.202782e-03	-2.567032e-02	2.838572e-01	2.899981e-02	2.155092e-03	1.961728e-03	-1.557627e-04	-7.704492e-03	7.828650e-03	-6.541878e-03	-4.298668e-04	6.554569e-04	-2.833883e-04	-7.151434e-02	3.547892e-03	-1.722360e-02	-2.025269e-02	1.371564e-03	-1.043466e-04	-6.973639e-05	-8.681966e-12	-1.211610e-04	-1.224279e-04	
-3.248596e-02	-1.918291e-03	-1.749057e-01	-2.487064e-03	-3.197545e-02	-1.859204e-03	2.247212e-01	-4.450562e-03	-2.138621e-02	1.950006e-01	-4.201664e-02	2.664542e-03	1.854303e-03	-3.889938e-04	4.273735e-03	-8.885225e-02	-7.104713e-02	5.107356e-04	-1.071121e-04	-2.341467e-04	4.886118e-02	-2.085435e-02	8.315710e-03	1.639427e-02	2.054793e-02	-1.043466e-04	-6.973639e-05	-8.681966e-12	-1.211610e-04	-1.224279e-04	
1.329554e-01	-2.038428e-03	-1.726925e-01	-2.637624e-03	-9.013513e-02	-1.993972e-03	1.186401e-01	-4.698177e-03	-1.178315e-02	2.650495e-01	1.977710e-02	2.117167e-03	1.918446e-03	-2.873328e-04	9.592677e-03	7.005331e-02	6.176303e-02	-5.460883e-04	6.445478e-05	1.007454e-04	2.301832e-02	-1.242600e-02	-8.865184e-03	-3.470799e-02	6.290183e-03	-1.043466e-04	-6.973639e-05	-8.681966e-12	-1.211610e-04	-1.224279e-04	
2.666239e-01	-2.181015e-03	-1.640500e-01	-2.797633e-03	-1.232389e-01	-2.134031e-03	2.068214e-02	-4.946197e-03	-2.179882e-02	1.816562e-01	-4.000643e-02	2.613445e-03	1.703635e-03	-9.561218e-05	-1.002606e-02	-8.338898e-02	-5.981422e-02	4.975640e-04	-2.144974e-04	1.908050e-04	3.778695e-02	-3.025140e-02	2.301430e-02	4.684784e-02	4.878950e-02	-1.043466e-04	-6.973639e-05	-8.681966e-12	-1.211610e-04	-1.224279e-04	
2.485411e-01	-2.344747e-03	-1.534640e-01	-2.967742e-03	-1.390380e-01	-2.281361e-03	1.162894e-02	-5.198052e-03	-5.191798e-03	2.507192e-01	-3.205387e-02	2.933493e-03	1.492856e-03	-3.720471e-04	1.659665e-02	6.906746e-02	7.921865e-03	3.213338e-04	-2.104668e-04	-2.773506e-04	-2.092788e-02	-3.377526e-02	2.433659e-02	2.039398e-03	-1.605369e-02	-1.043466e-04	-6.973639e-05	-8.681966e-12	-1.211610e-04	-1.224279e-04	
1.466849e-01	-2.514054e-03	-1.436862e-01	-3.148348e-03	-1.432138e-01	-2.437437e-03	1.473056e-01	-5.459137e-03	-6.051821e-03	2.653160e-01	2.191095e-03	3.023228e-03	1.517820e-03	-2.066891e-04	-8.704043e-04	1.460117e-02	3.421427e-02	9.102021e-05	2.527624e-05	1.644424e-04	-9.411781e-02	-5.245201e-03	2.589803e-03	1.218873e-02	-1.892613e-02	-1.043466e-04	-6.973639e-05	-8.681966e-12	-1.211610e-04	-1.224279e-04	
4.522968e-02	-2.675508e-03	-1.359818e-01	-3.339716e-03	-1.402168e-01	-2.603301e-03	2.359599e-01	-5.747376e-03	-2.203417e-02	1.802355e-01	-3.421824e-02	3.565417e-03	1.224991e-03	-2.962445e-04	-1.599273e-02	-8.507609e-02	-3.644005e-02	5.434750e-04	-2.925162e-04	-9.047096e-05	2.586168e-02	-3.646238e-02	-1.221539e-02	-1.798254e-02	-1.566581e-04	-1.043466e-04	-6.973639e-05	-8.681966e-12	-1.211610e-04	-1.224279e-04	
2.075818e-02	-2.827094e-03	-1.305610e-01	-3.542622e-03	-1.337340e-01	-2.779625e-03	1.885268e-01	-6.070712e-03	4.921534e-02	-3.272555e-01	-1.891682e-01	-6.206666e-03	7.880610e-04	3.743556e-04	7.123913e-02	-5.074866e-01	-1.549806e-01	-9.770798e-03	-4.366176e-04	6.696845e-04	1.121003e+00	-8.021425e-02	-1.914847e-03	-2.266904e-02	3.415016e-03	-1.043466e-04	-6.973639e-05	-8.681966e-12	-1.211610e-04	-1.224279e-04	
1.478132e-01	-2.973129e-03	-1.270634e-01	-3.768208e-03	-1.264693e-01	-2.966825e-03	8.241327e-02	-6.413836e-03	6.955564e-02	-3.149678e-01	2.503919e-01	-8.777566e-03	4.173532e-04	3.447894e-04	2.032991e-02	1.229213e-02	4.395294e-01	-2.569615e-03	-3.703952e-04	-3.048184e-05	4.685739e-01	7.180092e-02	-1.256195e-02	5.475175e-02	-6.922163e-02	-1.043466e-04	-6.973639e-05	-8.681966e-12	-1.211610e-04	-1.224279e-04	
2.492450e-01	-3.118788e-03	-1.249482e-01	-4.030502e-03	-1.200077e-01	-3.165180e-03	7.965223e-03	-6.763087e-03	5.985065e-02	-3.463682e-01	2.792635e-01	-8.763731e-03	-4.669524e-04	-1.518540e-04	-9.715365e-03	-3.139600e-02	2.884088e-02	1.512027e-05	-8.839929e-04	-4.975589e-04	-6.890015e-03	3.367782e-02	3.527366e-02	4.118204e-02	-7.174157e-02	-1.043466e-04	-6.973639e-05	-8.681966e-12	-1.211610e-04	-1.224279e-04	
2.131315e-01	-3.270375e-03	-1.237145e-01	-4.318546e-03	-1.149650e-01	-3.374921e-03	8.368363e-02	-7.115499e-03	5.038552e-02	-2.449768e-01	2.408409e-01	-7.287981e-03	-9.053962e-04	-3.757580e-04	-9.475509e-03	1.013958e-01	-3.845332e-02	1.477037e-03	-4.381310e-04	-2.248196e-04	9.183155e-02	2.945254e-02	1.650564e-02	3.699749e-02	-3.877081e-02	-1.043466e-04	-6.973639e-05	-8.681966e-12	-1.211610e-04	-1.224279e-04	
1.089355e-01	-3.446330e-03	-1.225025e-01	-4.615287e-03	-1.113233e-01	-3.596293e-03	2.132891e-01	-7.473649e-03	3.595199e-02	-2.036192e-01	2.092028e-01	-5.512586e-03	-1.117422e-03	-3.067382e-04	-1.444392e-02	4.136199e-02	-3.166879e-02	1.776680e-03	-2.117128e-04	6.810422e-05	2.409204e-02	1.598035e-02	1.119654e-02	2.870485e-02	-3.788177e-02	-1.043466e-04	-6.973639e-05	-8.681966e-12	-1.211610e-04	-1.224279e-04	
1.313295e-02	-3.654808e-03	-7.803072e-02	-4.914271e-03	-1.087783e-01	-3.829566e-03	2.177365e-01	-7.842832e-03	3.696785e-02	-1.893476e-01	1.973245e-01	-5.656030e-03	-1.525217e-03	-8.310351e-04	1.005485e-03	1.427594e-02	-1.190895e-02	-1.421586e-04	-4.074830e-04	-5.252125e-04	-8.004470e-02	2.024255e-02	1.483577e-03	9.504523e-03	-3.989105e-03	-1.043466e-04	-6.973639e-05	-8.681966e-12	-1.211610e-04	-1.224279e-04	
-5.033970e-02	-3.880480e-03	9.075749e-02	-5.217022e-03	-1.069743e-01	-4.075036e-03	1.236376e-01	-8.240799e-03	3.065302e-02	-2.274940e-01	1.771019e-01	-4.353773e-03	-8.945704e-04	-5.522945e-04	-6.325210e-03	-3.814196e-02	-2.025337e-02	1.303542e-03	6.309594e-04	2.778249e-04	1.687202e-02	1.266120e-02	1.397082e-02	3.232460e-02	-2.723387e-03	-1.043466e-04	-6.973639e-05	-8.681966e-12	-1.211610e-04	-1.224279e-04	
-8.602747e-02	-4.109552e-03	2.607038e-01	-5.527151e-03	-1.056055e-01	-4.333021e-03	1.909034e-02	-8.676478e-03	3.005491e-02	-2.037371e-01	1.863830e-01	-4.124190e-03	-8.032056e-04	-5.686668e-04	-6.084992e-04	2.376123e-02	9.250456e-03	2.308695e-04	9.167732e-05	-1.728782e-05	-1.041271e-01	2.571932e-02	3.202376e-03	1.237320e-02	-3.299220e-02	-1.043466e-04	-6.973639e-05	-8.681966e-12	-1.211610e-04	-1.224279e-04	
-1.030709e-01	-4.338932e-03	4.037623e-01	-5.847794e-03	-1.044427e-01	-4.604398e-03	-5.549663e-02	-9.135008e-03	2.269293e-02	-2.467836e-01	2.080557e-01	-2.904084e-03	-5.278169e-04	-3.992153e-04	-7.372358e-03	-4.304207e-02	2.164199e-02	1.221391e-03	2.757015e-04	1.685359e-04	6.522476e-03	4.207127e-02	-1.137421e-02	7.758406e-03	-2.303560e-02	-1.043466e-04	-6.973639e-05	-8.681966e-12	-1.211610e-04	-1.224279e-04	
-1.080786e-01	-4.571134e-03	4.346617e-01	-6.181288e-03	-8.249790e-02	-4.900397e-03	-9.892924e-02	-9.602455e-03	1.631737e-02	-1.813360e-01	1.601191e-01	-3.113759e-03	-9.967537e-04	-7.670966e-04	-6.385937e-03	6.545203e-02	-4.796724e-02	-2.083902e-04	-4.686240e-04	-3.687970e-04	1.178710e-02	4.140782e-02	-2.738816e-02	-2.418179e-02	1.122718e-02	-1.043466e-04	-6.973639e-05	-8.681966e-12	-1.211610e-04	-1.224279e-04	
-1.056365e-01	-4.809483e-03	3.154934e-01	-6.529370e-03	5.905434e-02	-5.235097e-03	-1.206356e-01	-1.007559e-02	1.242909e-02	-2.470647e-01	1.601858e-01	-1.741604e-03	-9.836726e-04	-5.873925e-04	-3.898662e-03	-6.572440e-02	3.597954e-05	1.373441e-03	1.339369e-05	1.787886e-04	-2.776988e-04	2.390292e-02	3.911848e-03	1.418845e-02	5.890146e-03	-1.043466e-04	-6.973639e-05	-8.681966e-12	-1.211610e-04	-1.224279e-04	
-9.937451e-02	-5.056610e-03	1.429107e-01	-6.893292e-03	2.220040e-01	-5.597814e-03	-1.284434e-01	-1.055688e-02	1.384745e-02	-1.605736e-01	1.249044e-01	-1.336226e-03	-4.639606e-04	-9.496562e-04	1.407982e-03	8.649556e-02	-3.531209e-02	4.066635e-04	5.200246e-04	-3.631794e-04	2.603384e-02	2.033896e-02	2.318998e-04	-1.811034e-02	-2.301676e-02	-1.043466e-04	-6.973639e-05	-8.681966e-12	-1.211610e-04	-1.224279e-04	
-9.206845e-02	-5.314472e-03	-1.523113e-03	-7.273872e-03	3.016995e-01	-5.980247e-03	-1.275860e-01	-1.104958e-02	2.711708e-03	-1.528712e-01	1.388803e-01	-7.760051e-04	-6.065983e-04	-4.398768e-04	-1.114612e-02	7.706804e-03	1.394522e-02	5.615075e-04	-1.423252e-04	5.088639e-04	-6.080706e-02	1.247583e-03	3.994377e-03	-1.316182e-02	2.891398e-02	-1.043466e-04	-6.973639e-05	-8.681966e-12	-1.211610e-04	-1.224279e-04	
-8.547072e-02	-5.584543e-03	-9.573239e-02	-7.671581e-03	3.889559e-01	-6.391576e-03	-1.219864e-01	-1.155615e-02	1.308736e-02	-1.434312e-01	1.374378e-01	-6.153435e-04	-6.231501e-04	-2.895303e-04	1.036527e-02	9.444310e-03	-1.473221e-03	1.619470e-04	-1.623910e-05	1.494309e-04	-1.186995e-01	2.632849e-03	3.372287e-02	3.198704e-02	-1.010233e-02	-1.043466e-04	-6.973639e-05	-8.681966e-12	-1.211610e-04	-1.224279e-04	
-8.036530e-02	-5.867877e-03	-1.418708e-01	-8.088425e-03	3.881989e-01	-6.825002e-03	-1.146963e-01	-1.207830e-02	7.462778e-03	-1.300143e-01	1.081588e-01	-1.277286e-03	-2.654137e-04	-3.200614e-04	-5.634958e-03	1.342129e-02	-2.930975e-02	-6.606572e-04	3.580489e-04	-3.144666e-05	-5.821743e-02	-3.524371e-03	8.949322e-03	-1.517222e-02	-2.441650e-02	-1.043466e-04	-6.973639e-05	-8.681966e-12	-1.211610e-04	-1.224279e-04	
-7.683304e-02	-6.165159e-03	-6.948572e-02	-8.539341e-03	2.663880e-01	-7.265982e-03	-1.077786e-01	-1.261721e-02	9.706284e-03	-1.024761e-01	9.273334e-02	-4.862515e-04	-4.578622e-04	-6.007350e-04	2.233125e-03	2.754262e-02	-1.545612e-02	7.923206e-04	-1.921358e-04	-2.815892e-04	-5.038725e-02	5.022290e-03	1.964548e-03	1.746210e-02	2.822601e-02	-1.043466e-04	-6.973639e-05	-8.681966e-12	-1.211610e-04	-1.224279e-04	
-7.459085e-02	-6.476796e-03	1.067556e-01	-9.033942e-03	1.133301e-01	-7.709256e-03	-1.022403e-01	-1.317359e-02	1.616076e-02	-5.281894e-02	7.411236e-02	-4.153426e-04	-9.139535e-04	-2.837364e-04	6.444098e-03	4.966155e-02	-1.865170e-02	7.219425e-05	-4.557786e-04	3.160830e-04	-4.288682e-02	-3.273236e-03	2.116404e-03	-1.375879e-02	-2.524627e-02	-1.043466e-04	-6.973639e-05	-8.681966e-12	-1.211610e-04	-1.224279e-04	
-7.325231e-02	-6.803026e-03	1.817774e-01	-9.570951e-03	6.212414e-02	-8.157576e-03	-9.831680e-02	-1.374775e-02	1.244177e-02	-1.403793e-01	5.153805e-02	-7.596112e-04	-7.155279e-04	-4.338639e-04	-3.729369e-03	-8.755589e-02	-2.260500e-02	-3.429826e-04	1.987379e-04	-1.510431e-04	-2.286275e-03	5.978171e-03	-7.798007e-03	-8.955809e-03	4.522777e-03	-1.043466e-04	-6.973639e-05	-8.681966e-12	-1.211610e-04	-1.224279e-04	
-7.248367e-02	-7.144021e-03	1.261457e-01	-1.014414e-02	1.660505e-01	-8.615786e-03	-9.580170e-02	-1.433973e-02	1.451561e-02	-9.248711e-02	9.059699e-02	-1.487528e-03	-7.299359e-04	-9.869776e-04	2.063452e-03	4.789653e-02	3.902824e-02	-7.266312e-04	-1.409526e-05	-5.540292e-04	5.059171e-03	7.507030e-03	3.334980e-03	3.280458e-03	-1.448869e-02	-1.043466e-04	-6.973639e-05	-8.681966e-12	-1.211610e-04	-1.224279e-04	
-7.203167e-02	-7.499946e-03	2.913220e-02	-1.073548e-02	2.723535e-01	-9.087928e-03	-9.432009e-02	-1.494933e-02	1.646916e-02	-1.034580e-01	4.297169e-02	-1.159611e-03	-9.962654e-04	-9.647694e-04	1.943170e-03	-1.096654e-02	-4.765601e-02	3.292023e-04	-2.660169e-04	2.129257e-05	-5.978246e-02	-1.162558e-02	9.273592e-03	1.549124e-02	-9.974303e-03	-1.043466e-04	-6.973639e-05	-8.681966e-12	-1.211610e-04	-1.224279e-04	
-7.175130e-02	-7.870979e-03	-5.047684e-02	-1.134527e-02	3.795949e-01	-9.576804e-03	-9.349116e-02	-1.557629e-02	5.633491e-03	-1.367130e-01	2.525052e-02	1.802873e-04	-1.645377e-04	-5.360214e-04	-1.084605e-02	-3.325058e-02	-1.775184e-02	1.341184e-03	8.320402e-04	4.278324e-04	4.021790e-02	-3.304478e-03	5.921381e-06	9.073233e-03	1.482710e-03	-1.043466e-04	-6.973639e-05	-8.681966e-12	-1.211610e-04	-1.224279e-04	
-7.156965e-02	-8.257320e-03	-6.719343e-02	-1.198294e-02	3.917156e-01	-1.008428e-02	-9.304166e-02	-1.622029e-02	1.812679e-02	-7.069322e-02	5.080689e-02	-5.499080e-04	-2.797433e-04	-7.831758e-04	1.248291e-02	6.602418e-02	2.552566e-02	-7.289097e-04	-1.148926e-04	-2.480700e-04	1.098622e-02	1.135194e-03	-1.517143e-02	-2.280315e-02	2.012704e-02	-1.043466e-04	-6.973639e-05	-8.681966e-12	-1.211610e-04	-1.224279e-04	
-7.143935e-02	-8.659176e-03	6.398713e-02	-1.263890e-02	2.739967e-01	-1.061641e-02	-9.279427e-02	-1.688103e-02	1.001963e-02	-1.255842e-01	5.675976e-02	4.315599e-04	2.141588e-04	-8.324379e-04	-8.117539e-03	-5.488662e-02	5.922192e-03	9.827546e-04	4.942148e-04	-5.017781e-05	3.005645e-03	-5.982316e-04	7.980381e-03	2.019350e-02	3.773641e-02	-1.043466e-04	-6.973639e-05	-8.681966e-12	-1.211610e-04	-1.224279e-04	
-7.131112e-02	-9.076756e-03	1.936939e-01	-1.330226e-02	1.170914e-01	-1.119092e-02	-9.265206e-02	-1.755818e-02	7.171800e-03	-9.643757e-02	4.902730e-02	-3.192215e-04	-2.540460e-04	-4.771601e-04	-2.858208e-03	2.915103e-02	-7.763165e-03	-7.494970e-04	-4.678922e-04	3.543623e-04	-3.680945e-02	6.241681e-04	-1.757814e-03	-1.632228e-02	-6.158921e-03	-1.043466e-04	-6.973639e-05	-8.681966e-12	-1.211610e-04	-1.224279e-04	
-7.117722e-02	-9.510256e-03	2.137226e-01	-1.397192e-02	-8.359866e-03	-1.180677e-02	-9.255649e-02	-1.825245e-02	6.135460e-03	-9.832761e-02	3.963981e-02	-8.092080e-04	-2.542933e-04	-6.675787e-04	-1.046720e-03	-1.885636e-03	-9.418196e-03	-4.887007e-04	6.485526e-08	-1.913342e-04	-1.009888e-01	-3.555779e-03	-1.076069e-02	-3.022181e-02	2.908665e-02	-1.043466e-04	-6.973639e-05	-8.681966e-12	-1.211610e-04	-1.224279e-04	
-7.104216e-02	-9.959856e-03	2.744595e-01	-1.465246e-02	-8.645377e-02	-1.244565e-02	-9.245465e-02	-1.897648e-02	-6.007208e-03	-6.157630e-02	2.844174e-02	-3.788223e-05	-7.515930e-05	-9.230620e-04	-1.215305e-02	3.675570e-02	-1.122877e-02	7.726119e-04	1.794467e-04	-2.563989e-04	-3.294573e-02	-1.478241e-02	1.793231e-02	1.731767e-02	3.010006e-02	-1.043466e-04	-6.973639e-05	-8.681966e-12	-1.211610e-04	-1.224279e-04	
-7.090976e-02	-1.042571e-02	3.243806e-01	-1.534943e-02	-1.216785e-01	-1.309597e-02	-9.232368e-02	-1.974102e-02	-3.352933e-03	-3.194468e-02	-2.053807e-02	-1.206077e-03	-2.356113e-04	-5.467984e-04	2.643894e-03	2.963603e-02	-4.901050e-02	-1.166910e-03	-1.601392e-04	3.753480e-04	1.319005e-02	-2.285030e-02	9.066740e-04	-2.052541e-02	-2.845468e-02	-1.043466e-04	-6.973639e-05	-8.681966e-12	-1.211610e-04	-1.224279e-04	
-7.077903e-02	-1.090796e-02	2.537779e-01	-1.607733e-02	-4.610140e-02	-1.375635e-02	-9.217807e-02	-2.053190e-02	-6.077154e-03	-9.454311e-02	-1.874122e-02	-8.768138e-04	-2.200329e-04	-3.394203e-04	-2.734602e-03	-6.259405e-02	1.766157e-03	3.305491e-04	1.589116e-05	2.064625e-04	-4.659688e-02	-7.995366e-03	-1.270795e-02	-1.253593e-02	2.086593e-02	-1.043466e-04	-6.973639e-05	-8.681966e-12	-1.211610e-04	-1.224279e-04	
-7.064390e-02	-1.140670e-02	1.180194e-01	-1.685217e-02	1.355871e-01	-1.442956e-02	-9.201561e-02	-2.133231e-02	-1.555531e-03	-6.855083e-02	1.871597e-02	-1.351936e-03	4.901317e-05	-3.262328e-04	4.511243e-03	2.599666e-02	3.742649e-02	-4.738366e-04	2.693584e-04	1.227193e-05	-4.107922e-02	3.930839e-03	-1.546024e-02	-8.532189e-03	9.059658e-03	-1.043466e-04	-6.973639e-05	-8.681966e-12	-1.211610e-04	-1.224279e-04	
-7.049856e-02	-1.192200e-02	3.908610e-02	-1.766396e-02	2.188023e-01	-1.512165e-02	-9.183609e-02	-2.213642e-02	4.680366e-03	-8.025750e-02	3.293224e-02	-1.311832e-03	1.884161e-04	-4.314681e-04	6.225517e-03	-1.170227e-02	1.418558e-02	4.138948e-05	1.397158e-04	-1.061509e-04	-9.287203e-02	3.579809e-03	-6.771341e-03	-5.298963e-03	-1.437267e-02	-1.043466e-04	-6.973639e-05	-8.681966e-12	-1.211610e-04	-1.224279e-04	
-7.033218e-02	-1.245390e-02	1.260684e-01	-1.849591e-02	1.677402e-01	-1.585123e-02	-9.163377e-02	-2.294545e-02	-7.213312e-03	-8.543336e-02	3.270565e-02	-4.875522e-04	1.657476e-04	-2.550244e-04	-1.190406e-02	-5.171475e-03	-2.572969e-04	8.255657e-04	-2.235593e-05	1.755282e-04	-7.121810e-02	6.299667e-03	-1.289451e-02	-1.579062e-02	1.739838e-02	-1.043466e-04	-6.973639e-05	-8.681966e-12	-1.211610e-04	-1.224279e-04	
-5.338229e-02	-1.300240e-02	2.115812e-01	-1.934167e-02	7.156251e-02	-1.662325e-02	-9.140304e-02	-2.376216e-02	-4.662893e-03	-4.393816e-02	2.763556e-02	-1.136279e-03	-8.660331e-04	-2.998217e-04	2.540038e-03	4.149960e-02	-5.100774e-03	-6.474409e-04	-1.031468e-03	-4.571296e-05	-1.407124e-02	-4.102041e-03	-6.215174e-03	-2.160063e-02	1.256072e-02	-1.043466e-04	-6.973639e-05	-8.681966e-12	-1.211610e-04	-1.224279e-04	
7.887120e-02	-1.356748e-02	1.710766e-01	-2.021154e-02	-8.821367e-03	-1.742119e-02	-9.113936e-02	-2.458865e-02	-3.973379e-03	-9.738825e-02	2.083714e-02	-2.331707e-04	-7.163706e-04	-3.165558e-06	6.791343e-04	-5.344570e-02	-6.829123e-03	9.043937e-04	1.499748e-04	2.957405e-04	-1.611328e-02	-1.193741e-02	2.366972e-03	1.566303e-02	1.617543e-02	-1.043466e-04	-6.973639e-05	-8.681966e-12	-1.211610e-04	-1.224279e-04	
2.453797e-01	-1.414906e-02	6.612166e-02	-2.112369e-02	-6.031267e-02	-1.823218e-02	-7.917400e-02	-2.542623e-02	2.208123e-03	-5.264766e-02	6.097339e-03	-7.454958e-04	-7.076733e-04	6.752123e-05	6.171121e-03	4.474499e-02	-1.477051e-02	-5.110399e-04	9.010020e-06	6.977122e-05	-5.484540e-02	-2.053431e-02	-2.281485e-03	-1.980781e-02	-1.599462e-02	-1.043466e-04	-6.973639e-05	-8.681966e-12	-1.211610e-04	-1.224279e-04	
2.712167e-01	-1.474704e-02	-2.815615e-02	-2.207235e-02	-8.878192e-02	-1.905375e-02	3.965930e-02	-2.627562e-02	-5.859685e-03	-6.216086e-02	-1.366280e-02	-9.713448e-04	-5.093009e-04	-9.853292e-05	-8.078188e-03	-9.508817e-03	-1.979084e-02	-2.245631e-04	1.986849e-04	-1.669698e-04	-7.741090e-02	-1.593722e-02	-1.066767e-02	-1.857354e-02	1.851214e-02	-1.043466e-04	-6.973639e-05	-8.681966e-12	-1.211610e-04	-1.224279e-04	
1.838764e-01	-1.536125e-02	-8.614977e-02	-2.305366e-02	-1.014580e-01	-1.988831e-02	2.134162e-01	-2.713702e-02	-6.733580e-03	-6.794574e-02	-2.956170e-02	-7.631602e-04	-2.643947e-04	1.327996e-04	-8.842758e-04	-5.780475e-03	-1.592959e-02	2.094693e-04	2.452190e-04	2.304169e-04	-8.621629e-02	-1.119767e-02	-4.496752e-03	6.193876e-03	3.304908e-02	-1.043466e-04	-6.973639e-05	-8.681966e-12	-1.211610e-04	-1.224279e-04	
7.656970e-02	-1.599151e-02	-4.960996e-02	-2.407258e-02	-1.035166e-01	-2.073869e-02	2.551712e-01	-2.801021e-02	-3.904323e-03	1.843190e-03	1.078816e-02	-1.161796e-03	-9.449415e-06	3.711782e-04	2.818876e-03	6.979329e-02	4.031917e-02	-3.973493e-04	2.552581e-04	2.374631e-04	1.400994e-02	-7.220914e-03	-9.402630e-03	-2.050220e-02	-2.896117e-02	-1.043466e-04	-6.973639e-05	-8.681966e-12	-1.211610e-04	-1.224279e-04	
-4.914023e-03	-1.663758e-02	1.170320e-01	-2.511716e-02	-9.897452e-02	-2.161218e-02	1.755932e-01	-2.889462e-02	-7.188900e-03	-5.058936e-02	-9.407502e-03	-1.049048e-03	4.809024e-06	3.991839e-04	-3.294958e-03	-5.242814e-02	-2.022635e-02	1.140335e-04	1.457113e-05	2.708998e-05	-5.828439e-02	-4.679670e-03	-1.589165e-02	-2.015368e-02	2.027009e-02	-1.043466e-04	-6.973639e-05	-8.681966e-12	-1.211610e-04	-1.224279e-04	
-5.587134e-02	-1.729917e-02	2.160593e-01	-2.617415e-02	-9.125729e-02	-2.252714e-02	1.188176e-01	-2.978946e-02	-7.312152e-03	1.810546e-02	1.272385e-02	-6.074213e-04	-4.669654e-06	2.309597e-04	-1.336318e-04	6.869923e-02	2.210065e-02	4.429117e-04	-9.166104e-06	-1.691397e-04	-1.714987e-02	-6.580555e-03	-5.398937e-03	-1.074541e-02	1.091155e-02	-1.043466e-04	-6.973639e-05	-8.681966e-12	-1.211610e-04	-1.224279e-04	
-8.397910e-02	-1.797595e-02	1.750941e-01	-2.724054e-02	-8.294685e-02	-2.348212e-02	2.071066e-01	-3.069400e-02	6.375304e-03	2.939983e-03	6.717768e-02	-9.456035e-04	2.821972e-04	2.618089e-04	1.367707e-02	-1.516110e-02	5.442312e-02	-3.368967e-04	2.871793e-04	2.993364e-05	-2.268462e-02	2.753709e-03	-4.006492e-03	3.033112e-03	-2.099621e-02	-1.043466e-04	-6.973639e-05	-8.681966e-12	-1.211610e-04	-1.224279e-04	
-9.639751e-02	-1.866755e-02	7.678147e-02	-2.831960e-02	-7.554612e-02	-2.445896e-02	2.733928e-01	-3.161506e-02	-7.381713e-03	-5.941127e-02	-1.388247e-01	-3.983783e-05	-1.202475e-04	5.629322e-05	-1.376740e-02	-6.234686e-02	-2.060331e-01	9.070514e-04	-4.021320e-04	-2.064313e-04	2.187298e-01	-3.320321e-02	-9.192018e-03	-9.553757e-03	3.092017e-02	-1.043466e-04	-6.973639e-05	-8.681966e-12	-1.211610e-04	-1.224279e-04	
-7.279413e-02	-1.937364e-02	-9.522044e-03	-2.941558e-02	-6.963658e-02	-2.544645e-02	2.124732e-01	-3.256804e-02	-5.841645e-03	-2.654669e-03	-7.491168e-02	-1.086809e-03	-4.805359e-04	1.094413e-04	1.529688e-03	5.676100e-02	6.388235e-02	-1.045685e-03	-3.599756e-04	5.223243e-05	5.440003e-02	-1.431515e-02	-2.781037e-02	-6.478194e-02	6.971619e-03	-1.043466e-04	-6.973639e-05	-8.681966e-12	-1.211610e-04	-1.224279e-04	
7.979432e-02	-2.010050e-02	-6.552013e-02	-3.053160e-02	-6.515894e-02	-2.644315e-02	9.408322e-02	-3.354543e-02	7.644444e-04	-5.085365e-02	-1.116825e-02	-1.060567e-03	-2.189177e-04	-2.370255e-05	6.595708e-03	-4.819458e-02	6.371275e-02	2.752799e-05	2.619306e-04	-1.340594e-04	4.673497e-03	-6.440782e-03	-1.042000e-02	1.320809e-02	5.541233e-02	-1.043466e-04	-6.973639e-05	-8.681966e-12	-1.211610e-04	-1.224279e-04	
2.401191e-01	-2.086442e-02	-9.647151e-02	-3.166961e-02	-6.181279e-02	-2.745138e-02	-8.237587e-03	-3.452803e-02	6.465247e-03	1.284049e-03	3.584133e-03	-2.805096e-04	2.228951e-04	1.764063e-04	5.690422e-03	5.214207e-02	1.472168e-02	7.813427e-04	4.421256e-04	1.991933e-04	5.697198e-03	-9.835936e-03	7.751985e-03	-4.210200e-03	-1.255580e-02	-1.043466e-04	-6.973639e-05	-8.681966e-12	-1.211610e-04	-1.224279e-04	
2.524007e-01	-2.165998e-02	-1.104204e-01	-3.283165e-02	-5.922973e-02	-2.847347e-02	-4.761954e-02	-3.550586e-02	6.561518e-03	1.619888e-02	4.084703e-03	-7.882431e-04	-2.007227e-04	6.276667e-05	8.588997e-05	1.491921e-02	4.698655e-04	-5.064478e-04	-4.233051e-04	-1.145552e-04	-7.151093e-02	-1.534312e-02	-5.618716e-03	-1.804269e-02	-2.657605e-02	-1.043466e-04	-6.973639e-05	-8.681966e-12	-1.211610e-04	-1.224279e-04	
1.632197e-01	-2.246815e-02	-1.131089e-01	-3.403104e-02	-5.710163e-02	-2.951091e-02	6.665004e-02	-3.647813e-02	-2.652418e-03	-2.968262e-02	1.793318e-03	-6.880873e-04	-1.855637e-04	2.768082e-04	-9.224316e-03	-4.587708e-02	-2.322080e-03	1.014415e-04	1.547138e-05	2.131260e-04	-6.439731e-02	-1.285989e-02	-3.744132e-03	-4.254740e-04	1.463180e-02	-1.043466e-04	-6.973639e-05	-8.681966e-12	-1.211610e-04	-1.224279e-04	
6.206623e-02	-2.327842e-02	-1.087617e-01	-3.527873e-02	-5.523447e-02	-3.056452e-02	2.061080e-01	-3.744709e-02	4.533493e-03	1.674279e-02	2.904733e-02	-1.205571e-03	2.859288e-04	4.899153e-04	7.175530e-03	4.642978e-02	2.722331e-02	-5.161983e-04	4.718052e-04	2.121914e-04	1.134428e-03	-2.279731e-03	-1.415643e-02	-7.958634e-03	1.334652e-03	-1.043466e-04	-6.973639e-05	-8.681966e-12	-1.211610e-04	-1.224279e-04	
-1.231732e-02	-2.408981e-02	-1.008682e-01	-3.656039e-02	-5.350743e-02	-3.163462e-02	2.228799e-01	-3.841478e-02	1.189508e-03	-4.255307e-02	9.462737e-03	-7.943135e-04	1.250783e-04	2.487467e-04	-3.354365e-03	-5.929146e-02	-1.961529e-02	4.125429e-04	-1.605382e-04	-2.420842e-04	-1.351157e-02	-5.335684e-03	2.163845e-03	2.000639e-02	5.356903e-03	-1.043466e-04	-6.973639e-05	-8.681966e-12	-1.211610e-04	-1.224279e-04	
-5.794915e-02	-2.490466e-02	-9.212278e-02	-3.785892e-02	-5.186197e-02	-3.272107e-02	2.562435e-01	-3.938241e-02	6.335160e-03	-6.175051e-03	6.088603e-03	-1.082692e-03	1.925563e-04	6.562981e-05	5.135271e-03	3.638242e-02	-3.404835e-03	-2.870929e-04	6.779093e-05	-1.840324e-04	-7.040630e-02	-5.571885e-04	-3.283690e-03	-1.467620e-02	-3.323138e-03	-1.043466e-04	-6.973639e-05	-8.681966e-12	-1.211610e-04	-1.224279e-04	
-8.248671e-02	-2.572518e-02	-8.417144e-02	-3.916813e-02	-5.027308e-02	-3.382336e-02	3.305158e-01	-4.035054e-02	8.352616e-04	3.062178e-03	4.313387e-02	-1.094931e-03	5.435430e-04	-4.838841e-05	-5.510279e-03	9.241593e-03	3.701459e-02	-1.095316e-05	3.512991e-04	-1.149338e-04	-6.070768e-02	2.469527e-03	-1.038251e-02	-2.487995e-03	7.650079e-03	-1.043466e-04	-6.973639e-05	-8.681966e-12	-1.211610e-04	-1.224279e-04	
-8.092370e-02	-2.655275e-02	-7.768315e-02	-4.048895e-02	-4.870553e-02	-3.494068e-02	2.981785e-01	-4.131928e-02	-5.420356e-03	-5.325558e-02	-2.348867e-02	-1.222992e-03	-2.252633e-04	-4.322460e-04	-6.265998e-03	-5.631335e-02	-6.665325e-02	-1.267757e-04	-7.684937e-04	-3.847732e-04	5.421303e-02	-1.153031e-02	1.451703e-02	4.825095e-02	1.789438e-02	-1.043466e-04	-6.973639e-05	-8.681966e-12	-1.211610e-04	-1.224279e-04	
3.700210e-02	-2.738805e-02	-7.267950e-02	-4.182383e-02	-4.717121e-02	-3.607209e-02	1.752195e-01	-4.228827e-02	-6.291796e-03	2.818548e-02	-3.020537e-04	-1.110530e-03	-5.096964e-06	-3.333323e-05	-8.818210e-04	8.144543e-02	2.315594e-02	1.137473e-04	2.204791e-04	3.979972e-04	7.303839e-03	-8.322490e-05	-4.394996e-03	-2.267324e-02	-3.892393e-02	-1.043466e-04	-6.973639e-05	-8.681966e-12	-1.211610e-04	-1.224279e-04	
2.153009e-01	-2.823121e-02	-6.886300e-02	-4.317468e-02	-4.565264e-02	-3.721656e-02	4.717731e-02	-4.325681e-02	-7.450787e-03	-1.415244e-02	1.155813e-02	-7.005014e-04	-4.257384e-05	5.289752e-04	-1.169371e-03	-4.233351e-02	1.182947e-02	4.113146e-04	-3.716439e-05	5.613927e-04	-2.652006e-02	9.313854e-03	-2.055890e-02	-1.200864e-02	-8.853227e-03	-1.043466e-04	-6.973639e-05	-8.681966e-12	-1.211610e-04	-1.224279e-04	
2.637663e-01	-2.908191e-02	-6.588498e-02	-4.454265e-02	-4.414951e-02	-3.837302e-02	-2.841127e-02	-4.422395e-02	-1.227958e-02	8.481090e-03	-2.736250e-02	-6.905114e-04	8.522860e-05	6.295976e-05	-4.839178e-03	2.263792e-02	-3.895133e-02	1.127549e-05	1.281151e-04	-4.669310e-04	-4.014612e-02	3.384825e-03	-1.486714e-02	-1.929033e-02	3.566486e-02	-1.043466e-04	-6.973639e-05	-8.681966e-12	-1.211610e-04	-1.224279e-04	
1.900309e-01	-2.993941e-02	-6.342835e-02	-4.592830e-02	-4.267650e-02	-3.954045e-02	4.793558e-02	-4.518864e-02	-7.320337e-03	8.316098e-02	-4.322857e-03	-6.781209e-04	2.442632e-04	1.837547e-04	4.948867e-03	7.468426e-02	2.300894e-02	1.367640e-05	1.593474e-04	1.198793e-04	-1.667288e-02	2.521493e-04	-9.088561e-03	-1.264173e-02	-4.884735e-03	-1.043466e-04	-6.973639e-05	-8.681966e-12	-1.211610e-04	-1.224279e-04	
8.737665e-02	-3.080274e-02	-6.125810e-02	-4.733171e-02	-4.124219e-02	-4.071779e-02	1.936178e-01	-4.614981e-02	-7.172973e-03	-2.231529e-02	-2.391156e-02	-4.969215e-04	1.474614e-04	1.497681e-04	1.369829e-04	-1.054719e-01	-1.961938e-02	1.824845e-04	-9.648931e-05	-3.490215e-05	6.346122e-03	-7.227730e-03	-7.627163e-03	-1.083826e-02	1.104400e-02	-1.043466e-04	-6.973639e-05	-8.681966e-12	-1.211610e-04	-1.224279e-04	
2.362888e-02	-3.167070e-02	-5.925010e-02	-4.875255e-02	-3.984421e-02	-4.190400e-02	2.189132e-01	-4.710637e-02	-4.761300e-03	2.866223e-02	5.537998e-03	-1.500104e-03	-1.906908e-04	-5.827172e-04	2.401292e-03	5.098193e-02	2.941887e-02	-1.001896e-03	-3.378397e-04	-7.334009e-04	4.998995e-02	4.035266e-03	-1.438915e-02	-1.010288e-02	2.062263e-02	-1.043466e-04	-6.973639e-05	-8.681966e-12	-1.211610e-04	-1.224279e-04	
1.048536e-01	-3.254209e-02	-5.734614e-02	-5.019015e-02	-3.847633e-02	-4.309802e-02	1.382723e-01	-4.805731e-02	-1.897392e-03	-5.164380e-02	1.164948e-03	-7.542888e-04	6.585755e-05	-3.690576e-04	2.853528e-03	-8.030165e-02	-4.403769e-03	7.471001e-04	2.568611e-04	2.127441e-04	1.350673e-02	-9.764230e-03	2.474128e-02	4.859781e-02	2.277505e-02	-1.043466e-04	-6.973639e-05	-8.681966e-12	-1.211610e-04	-1.224279e-04	
2.430538e-01	-3.341566e-02	-5.551258e-02	-5.164361e-02	-3.713348e-02	-4.429877e-02	4.012916e-02	-4.900019e-02	6.568605e-03	-1.556433e-02	2.722893e-02	-1.512632e-03	4.341808e-04	-2.424596e-04	8.455615e-03	3.608387e-02	2.603329e-02	-7.570572e-04	3.686359e-04	1.256823e-04	-3.644070e-03	-4.375936e-03	1.062295e-02	1.122124e-02	-4.230225e-02	-1.043466e-04	-6.973639e-05	-8.681966e-12	-1.211610e-04	-1.224279e-04	
2.561958e-01	-3.429016e-02	-5.372008e-02	-5.311193e-02	-3.581283e-02	-4.550515e-02	-3.160572e-02	-3.671048e-02	4.433937e-03	-7.780329e-02	-9.759461e-03	-1.293822e-03	2.499100e-04	-3.672485e-04	-2.145048e-03	-6.223459e-02	-3.701909e-02	2.200952e-04	-1.839579e-04	-1.257044e-04	-5.956517e-03	-3.813612e-03	-2.463939e-03	1.393025e-02	2.112126e-02	-1.043466e-04	-6.973639e-05	-8.681966e-12	-1.211610e-04	-1.224279e-04	
1.666073e-01	-3.516436e-02	-5.197169e-02	-5.459407e-02	-3.451329e-02	-4.671605e-02	-7.365748e-02	8.545842e-02	5.045842e-03	-5.473912e-02	3.852287e-02	-7.688734e-04	3.361027e-04	-2.602320e-04	6.015244e-04	2.306858e-02	4.825164e-02	5.262342e-04	8.650537e-05	1.061009e-04	-2.465110e-02	5.566651e-03	2.159103e-02	3.006635e-02	1.206733e-03	-1.043466e-04	-6.973639e-05	-8.681966e-12	-1.211610e-04	-1.224279e-04	
6.332260e-02	-3.603700e-02	-5.025053e-02	-5.608899e-02	-3.323491e-02	-4.793034e-02	-9.458172e-02	2.559888e-01	7.493251e-03	-3.458717e-02	6.113154e-02	-4.685908e-04	8.694145e-04	4.205868e-05	2.437028e-03	2.015634e-02	2.257798e-02	3.015675e-04	5.336241e-04	3.013751e-04	-3.034882e-02	1.657576e-02	3.448589e-03	-3.810750e-03	-3.085742e-02	-1.043466e-04	-6.973639e-05	-8.681966e-12	-1.211610e-04	-1.224279e-04	
-1.133989e-02	-3.690685e-02	-4.854131e-02	-5.759566e-02	-3.197842e-02	-4.914686e-02	-1.017831e-01	3.252511e-01	3.895693e-04	-1.064567e-01	4.502163e-02	-1.927357e-04	7.132812e-04	-3.058367e-04	-7.114062e-03	-7.186520e-02	-1.614060e-02	2.771407e-04	-1.558204e-04	-3.488110e-04	6.915658e-04	6.011122e-03	1.564728e-02	3.332921e-02	-5.438332e-03	-1.043466e-04	-6.973639e-05	-8.681966e-12	-1.211610e-04	-1.224279e-04	
-5.515802e-02	-3.777263e-02	-4.683401e-02	-5.911306e-02	-3.074500e-02	-5.036445e-02	-1.002062e-01	4.004056e-01	5.918297e-03	-5.190537e-02	7.250156e-02	-2.362470e-04	4.404451e-04	-1.324903e-04	5.518347e-03	5.455575e-02	2.744922e-02	-4.222442e-05	-2.725237e-04	1.724308e-04	-2.350589e-02	2.111368e-02	-2.319231e-03	-1.251595e-02	-1.304734e-02	-1.043466e-04	-6.973639e-05	-8.681966e-12	-1.211610e-04	-1.224279e-04	
-7.716561e-02	-3.863307e-02	-4.514417e-02	-6.016690e-02	-2.953416e-02	-5.158190e-02	-9.363031e-02	4.333203e-01	-5.790088e-03	-8.461392e-02	5.283358e-02	-3.299079e-04	1.159347e-03	2.007895e-04	-1.171877e-02	-3.270414e-02	-1.969868e-02	-9.237597e-05	7.192152e-04	3.323642e-04	-1.649947e-02	1.196984e-02	-2.704851e-03	8.982620e-03	1.658881e-02	-1.043466e-04	-6.973639e-05	-8.681966e-12	-1.211610e-04	-1.224279e-04	
-8.503329e-02	-3.948689e-02	-4.349018e-02	-1.771721e-02	-2.833364e-02	-5.279803e-02	-8.510957e-02	3.395060e-01	-2.921721e-03	-8.950443e-02	6.734288e-02	3.576424e-04	7.080931e-04	1.111258e-04	2.857986e-03	-4.886126e-03	1.447861e-02	6.888359e-04	-4.509419e-04	-9.057935e-05	-4.788517e-02	3.943057e-03	2.763886e-02	1.866904e-02	-9.857547e-03	-1.043466e-04	-6.973639e-05	-8.681966e-12	-1.211610e-04	-1.224279e-04	
-8.392332e-02	-4.033278e-02	-4.187799e-02	1.488068e-01	-2.714091e-02	-5.401163e-02	-7.677467e-02	1.860562e-01	-2.057106e-03	-4.441816e-02	1.108263e-01	3.679265e-04	1.089558e-03	6.206381e-05	8.542336e-04	4.509066e-02	4.345277e-02	1.156924e-05	3.817775e-04	-4.997756e-05	-2.028737e-02	1.375923e-02	1.172394e-02	-1.128775e-02	-3.934187e-02	-1.043466e-04	-6.973639e-05	-8.681966e-12	-1.211610e-04	-1.224279e-04	
-7.775073e-02	-4.014049e-02	-4.030557e-02	2.763618e-01	-2.597543e-02	-5.522147e-02	-6.972158e-02	5.186086e-02	-9.484084e-03	-1.064530e-01	6.270336e-02	5.325381e-04	9.640061e-04	-6.020007e-05	-7.437359e-03	-6.203043e-02	-4.815368e-02	1.658982e-04	-1.252391e-04	-1.231795e-04	5.109802e-03	-8.836611e-04	1.995151e-02	3.082249e-02	2.550131e-02	-1.043466e-04	-6.973639e-05	-8.681966e-12	-1.211610e-04	-1.224279e-04	
-6.963561e-02	1.425920e-02	-3.876953e-02	2.522149e-01	-2.485219e-02	-5.642632e-02	-6.424402e-02	-3.694142e-02	-6.232431e-03	-2.849497e-02	6.479543e-02	9.830560e-04	8.467460e-04	-2.274594e-04	3.241273e-03	7.796241e-02	2.061361e-03	4.518036e-04	-1.169477e-04	-1.681750e-04	-1.106060e-02	1.190473e-03	2.869909e-02	2.147627e-02	-2.712023e-02	-1.043466e-04	-6.973639e-05	-8.681966e-12	-1.211610e-04	-1.224279e-04	
-6.172286e-02	1.881662e-01	-3.726755e-02	1.476455e-01	-2.377338e-02	-5.762494e-02	-6.016849e-02	-8.600853e-02	-2.345078e-03	-3.868239e-02	1.043410e-01	1.496321e-03	4.390823e-04	-5.309220e-04	3.876972e-03	-1.018302e-02	3.951487e-02	5.145499e-04	-4.073507e-04	-3.043782e-04	-1.696740e-02	1.968877e-02	1.112526e-02	-1.987613e-03	-3.052818e-02	-1.043466e-04	-6.973639e-05	-8.681966e-12	-1.211610e-04	-1.224279e-04	
-5.511549e-02	3.022795e-01	-3.579837e-02	4.471381e-02	-2.273507e-02	-5.588612e-02	-5.712685e-02	-1.077598e-01	-7.294938e-03	-7.094778e-02	2.220169e-02	1.020857e-03	2.841119e-04	-7.123856e-04	-4.960241e-03	-3.226100e-02	-8.217000e-02	-4.741783e-04	-1.546580e-04	-1.823792e-04	2.266707e-02	9.563788e-03	1.080016e-02	9.483133e-03	3.284916e-02	-1.043466e-04	-6.973639e-05	-8.681966e-12	-1.211610e-04	-1.224279e-04	
-5.008786e-02	2.662297e-01	-3.436152e-02	-2.791824e-02	-2.173294e-02	1.941402e-02	-5.478155e-02	-1.124198e-01	-4.694842e-03	-1.768605e-02	6.652755e-02	2.925741e-04	-5.368626e-04	-7.914308e-04	2.589716e-03	5.326612e-02	4.429517e-02	-7.269972e-04	-8.206619e-04	-7.996077e-05	4.635695e-02	1.087219e-02	5.416988e-03	-1.237158e-02	-1.992485e-02	-1.043466e-04	-6.973639e-05	-8.681966e-12	-1.211610e-04	-1.224279e-04	
-4.643507e-02	1.597805e-01	-3.295704e-02	-7.222193e-02	-2.076384e-02	1.987308e-01	-5.288519e-02	-1.074369e-01	-5.853082e-03	-3.554044e-02	9.619445e-02	1.092822e-03	-3.893079e-04	-6.943598e-04	-1.168621e-03	-1.785000e-02	2.963620e-02	8.015337e-04	1.478675e-04	9.615535e-05	-3.132325e-02	1.930059e-02	1.710531e-02	3.863159e-02	-1.723695e-02	-1.043466e-04	-6.973639e-05	-8.681966e-12	-1.211610e-04	-1.224279e-04	
-4.380207e-02	6.016804e-02	-3.158538e-02	-9.635521e-02	-1.982571e-02	2.905030e-01	-5.124279e-02	-9.824757e-02	-1.873433e-03	-1.065546e-02	5.085463e-02	9.801931e-04	-5.370266e-04	-1.081564e-03	3.969268e-03	2.488936e-02	-4.537050e-02	-1.113430e-04	-1.474062e-04	-3.881203e-04	-2.971413e-02	9.858862e-03	7.016257e-03	-9.875050e-03	-2.598548e-02	-1.043466e-04	-6.973639e-05	-8.681966e-12	-1.211610e-04	-1.224279e-04	
-4.185319e-02	-8.481208e-03	-3.024720e-02	-1.068002e-01	-1.891238e-02	3.161812e-01	-4.973965e-02	-8.853649e-02	-5.091155e-03	9.220449e-03	9.662339e-02	8.152489e-04	-5.192721e-04	-7.467456e-04	-3.228103e-03	1.988032e-02	4.573806e-02	-1.636600e-04	1.806691e-05	3.339034e-04	-4.055866e-02	2.059013e-02	-2.575420e-03	-1.018370e-02	3.219232e-03	-1.043466e-04	-6.973639e-05	-8.681966e-12	-1.211610e-04	-1.224279e-04	
-4.033957e-02	-4.956151e-02	-2.894328e-02	-1.077734e-01	-1.800837e-02	3.874315e-01	-4.830899e-02	-8.034603e-02	-7.831051e-03	-3.902237e-02	8.719438e-02	2.008972e-03	4.739590e-07	-4.410079e-04	-2.750277e-03	-4.823843e-02	-9.459711e-03	1.195010e-03	5.200590e-04	3.048221e-04	2.794201e-02	1.197413e-02	1.369584e-02	2.975208e-02	1.139319e-02	-1.043466e-04	-6.973639e-05	-8.681966e-12	-1.211610e-04	-1.224279e-04	
-3.906565e-02	-7.120831e-02	-2.767434e-02	-5.693642e-02	-1.711897e-02	3.761789e-01	-4.691231e-02	-7.439997e-02	-7.044714e-03	-4.966958e-03	9.590714e-02	1.109198e-03	-1.760651e-04	-3.833246e-04	7.759561e-04	3.405979e-02	8.682046e-03	-8.984885e-04	-1.762266e-04	5.676774e-05	-3.458527e-02	4.575064e-03	1.196926e-02	-1.464849e-02	-3.518400e-02	-1.043466e-04	-6.973639e-05	-8.681966e-12	-1.211610e-04	-1.224279e-04	
-3.792039e-02	-7.970846e-02	-2.644096e-02	1.185538e-01	-1.626387e-02	2.546371e-01	-4.553299e-02	-7.059407e-02	-1.688388e-02	-8.760471e-02	-6.261278e-03	5.158783e-04	-1.000817e-03	-7.355768e-04	-9.849546e-03	-8.263337e-02	-1.021991e-01	-5.920348e-04	-8.244390e-04	-3.531679e-04	1.455907e-01	-8.494104e-03	8.588656e-03	-1.336428e-03	3.855671e-02	-1.043466e-04	-6.973639e-05	-8.681966e-12	-1.211610e-04	-1.224279e-04	
-3.684098e-02	-7.979254e-02	-2.524358e-02	2.476700e-01	-1.545286e-02	1.082400e-01	-4.417446e-02	-6.845711e-02	-3.590219e-03	-2.211466e-03	2.175152e-02	1.255301e-03	-9.896994e-04	-8.087317e-04	1.328328e-02	8.539765e-02	2.798211e-02	7.407096e-04	1.143005e-05	-7.407045e-05	3.623280e-02	-1.096157e-02	2.408802e-02	5.155257e-03	-1.008939e-02	-1.043466e-04	-6.973639e-05	-8.681966e-12	-1.211610e-04	-1.224279e-04	
-3.579133e-02	-7.537082e-02	-2.408250e-02	2.240952e-01	-1.468466e-02	-4.476315e-03	-4.282220e-02	-6.746744e-02	-9.117933e-03	6.118138e-03	4.824536e-02	1.811625e-03	-6.808116e-04	-5.618050e-04	-5.538096e-03	8.333999e-03	2.646313e-02	5.576081e-04	3.092004e-04	2.460110e-04	-3.529681e-02	2.716158e-03	6.736278e-03	-1.143308e-02	-1.959239e-02	-1.043466e-04	-6.973639e-05	-8.681966e-12	-1.211610e-04	-1.224279e-04	
-3.475744e-02	-6.947342e-02	-2.295788e-02	1.219937e-01	-1.395432e-02	-7.341345e-02	-4.147773e-02	-6.720451e-02	-6.197721e-03	6.216714e-03	4.579212e-02	1.863920e-03	-5.197741e-04	-5.565888e-04	2.909832e-03	1.029518e-04	-2.483924e-03	5.358023e-05	1.613503e-04	4.300673e-06	-1.156848e-01	2.049355e-03	7.739923e-03	5.369583e-03	8.769928e-03	-1.043466e-04	-6.973639e-05	-8.681966e-12	-1.211610e-04	-1.224279e-04	
-3.374181e-02	-6.401616e-02	-2.186974e-02	2.209813e-02	-1.325737e-02	-1.087141e-01	-4.014293e-02	-6.735570e-02	-8.509777e-03	2.967551e-02	7.922432e-02	1.294362e-03	-5.850671e-04	-5.860474e-04	-2.322437e-03	2.346319e-02	3.340149e-02	-5.682718e-04	-6.498054e-05	-3.037424e-05	-4.291882e-02	5.818092e-03	5.235790e-03	-1.560279e-02	-3.130355e-02	-1.043466e-04	-6.973639e-05	-8.681966e-12	-1.211610e-04	-1.224279e-04	
-3.273068e-02	-5.986457e-02	-2.081804e-02	-4.812748e-02	-1.259059e-02	-1.220984e-01	-3.881979e-02	-6.770720e-02	-1.175042e-02	-1.258340e-02	4.276281e-02	1.676272e-03	-5.843069e-04	-6.684634e-04	-3.251021e-03	-4.225450e-02	-3.649221e-02	3.831963e-04	1.072720e-06	-8.333151e-05	-2.882673e-02	5.373067e-03	9.015846e-03	7.526400e-03	1.250050e-02	-1.043466e-04	-6.973639e-05	-8.681966e-12	-1.211610e-04	-1.224279e-04	
-3.172526e-02	-5.715911e-02	-1.980248e-02	-9.083719e-02	-1.195173e-02	-1.223050e-01	-3.751023e-02	-6.813767e-02	-9.543626e-03	3.387302e-02	7.360737e-02	9.373836e-04	-5.137930e-04	-5.201187e-04	2.196412e-03	4.646080e-02	3.081388e-02	-7.376022e-04	7.082664e-05	1.474290e-04	-7.890260e-03	5.377053e-03	1.633019e-02	1.545706e-02	-2.338692e-02	-1.043466e-04	-6.973639e-05	-8.681966e-12	-1.211610e-04	-1.224279e-04	
-3.072692e-02	-5.565020e-02	-1.881627e-02	-1.137660e-01	-1.133922e-02	-1.156063e-01	-3.621602e-02	-6.859938e-02	-6.704798e-03	-4.525493e-02	3.926778e-02	1.276297e-03	-1.086229e-04	-2.905179e-04	2.828447e-03	-7.912356e-02	-3.437030e-02	3.401996e-04	4.054827e-04	2.286853e-04	3.095298e-02	4.566141e-03	1.867499e-02	3.362450e-02	-1.730270e-02	-1.043466e-04	-6.973639e-05	-8.681966e-12	-1.211610e-04	-1.224279e-04	
-2.973709e-02	-5.496993e-02	-1.784512e-02	-8.942658e-02	-1.075202e-02	-1.064857e-01	-3.493877e-02	-6.905119e-02	-4.626283e-03	6.093027e-03	4.702068e-02	3.593723e-04	1.474845e-04	-2.027582e-04	2.068135e-03	5.135234e-02	7.722215e-03	-9.156397e-04	2.564201e-04	8.684409e-05	-1.106619e-02	1.449422e-02	-8.000283e-03	-8.186541e-03	-9.597398e-04	-1.043466e-04	-6.973639e-05	-8.681966e-12	-1.211610e-04	-1.224279e-04	
-2.875715e-02	-5.479659e-02	-1.689682e-02	6.867599e-02	-1.018950e-02	-9.780674e-02	-3.367992e-02	-6.950875e-02	2.489104e-04	-3.541141e-02	4.990470e-02	1.668998e-03	-9.126308e-05	-3.435004e-05	4.864812e-03	-4.150005e-02	2.853313e-03	1.310910e-03	-2.384352e-04	1.674925e-04	1.581156e-03	7.072641e-03	1.256803e-02	3.250011e-02	-8.283673e-04	-1.043466e-04	-6.973639e-05	-8.681966e-12	-1.211610e-04	-1.224279e-04	
-2.778837e-02	-5.490356e-02	-1.597857e-02	2.143317e-01	-9.651236e-03	-9.079144e-02	-3.244079e-02	-6.996759e-02	2.339887e-03	-2.629048e-02	3.939459e-02	7.074620e-04	-9.755070e-05	-2.115501e-04	2.080596e-03	9.125342e-03	-1.054081e-02	-9.602511e-04	-5.974787e-06	-1.781156e-04	-5.710648e-02	9.807028e-03	-1.054182e-02	-1.990728e-02	-1.121480e-02	-1.043466e-04	-6.973639e-05	-8.681966e-12	-1.211610e-04	-1.224279e-04	
-2.683191e-02	-5.515581e-02	-1.508992e-02	2.104767e-01	-9.136890e-03	-5.202298e-02	-3.122254e-02	-7.040130e-02	1.462901e-03	-2.957903e-02	5.021878e-02	-3.530022e-05	-2.233677e-04	-1.144929e-04	-8.873663e-04	-3.284178e-03	1.079350e-02	-7.414753e-04	-1.255044e-04	9.614162e-05	-7.386702e-02	1.258392e-02	-2.245364e-03	5.338606e-03	3.628923e-03	-1.043466e-04	-6.973639e-05	-8.681966e-12	-1.211610e-04	-1.224279e-04	
-2.588882e-02	-5.548848e-02	-1.424466e-02	1.157768e-01	-8.645398e-03	1.099866e-01	-3.002627e-02	-7.079875e-02	4.778984e-03	-5.094380e-02	1.225498e-02	6.620759e-04	-5.628722e-04	-1.030607e-04	3.305703e-03	-2.136037e-02	-3.799450e-02	6.986620e-04	-3.391921e-04	1.051659e-05	-1.937272e-02	-3.319219e-03	2.390708e-02	4.031055e-02	-9.403527e-03	-1.043466e-04	-6.973639e-05	-8.681966e-12	-1.211610e-04	-1.224279e-04	
-2.496008e-02	-5.585269e-02	-1.345353e-02	1.564995e-02	-8.165520e-03	2.534551e-01	-2.885298e-02	-6.954449e-02	1.519668e-03	-1.039313e-02	-8.304053e-03	1.801897e-04	-1.554451e-04	-2.077154e-05	-3.269698e-03	4.055506e-02	-2.058974e-02	-4.806013e-04	4.077400e-04	8.137350e-05	-2.294237e-02	-2.100002e-03	-5.233543e-03	-8.227262e-03	3.068522e-03	-1.043466e-04	-6.973639e-05	-8.681966e-12	-1.211610e-04	-1.224279e-04	
-2.404656e-02	-5.620135e-02	-1.271513e-02	-5.656794e-02	-7.687387e-03	2.448807e-01	-2.770342e-02	-6.473753e-03	1.017925e-03	-2.514213e-02	-5.826148e-03	1.325879e-04	-5.635151e-04	-2.124472e-04	-5.121229e-04	-1.474461e-02	2.447211e-03	-4.631585e-05	-4.077577e-04	-1.925912e-04	-8.770497e-02	-3.016151e-03	5.463121e-03	1.350969e-02	-1.335067e-03	-1.043466e-04	-6.973639e-05	-8.681966e-12	-1.211610e-04	-1.224279e-04	
-2.314908e-02	-5.644039e-02	-1.202212e-02	-1.009467e-01	-7.225880e-03	1.452943e-01	-2.657183e-02	1.710845e-01	-1.191808e-03	-2.382168e-02	2.175784e-02	9.095098e-04	-5.568212e-04	-1.181326e-04	-2.220114e-03	1.324854e-03	2.755329e-02	7.782070e-04	7.006718e-06	9.339897e-05	-5.767849e-02	1.444000e-02	-5.444573e-03	-2.199966e-03	3.203040e-03	-1.043466e-04	-6.973639e-05	-8.681966e-12	-1.211610e-04	-1.224279e-04	
-2.226840e-02	-2.838641e-02	-1.136720e-02	-1.252391e-01	-6.797344e-03	4.127552e-02	-2.544498e-02	2.757600e-01	-9.467343e-04	2.261568e-02	3.052276e-02	6.235323e-06	-5.557423e-04	-8.991925e-05	2.346928e-04	4.644174e-02	8.734231e-03	-9.019894e-04	1.391518e-06	2.729779e-05	-3.340115e-02	9.358861e-03	-9.409436e-03	-1.572753e-02	-7.058705e-03	-1.043466e-04	-6.973639e-05	-8.681966e-12	-1.211610e-04	-1.224279e-04	
-2.140516e-02	1.236781e-01	-1.074501e-02	-1.358139e-01	-6.405234e-03	-3.351629e-02	-2.433261e-02	2.323368e-01	1.011741e-03	-1.445558e-02	5.780808e-02	1.620115e-03	-2.153721e-04	2.973435e-05	1.948095e-03	-3.706685e-02	2.725461e-02	1.615167e-03	3.406828e-04	1.187380e-04	3.504241e-02	1.268762e-02	1.686062e-03	1.184908e-02	3.382066e-03	-1.043466e-04	-6.973639e-05	-8.681966e-12	-1.211610e-04	-1.224279e-04	
-2.055508e-02	2.812165e-01	-1.015196e-02	-1.373886e-01	-6.045206e-03	-7.930998e-02	-2.325459e-02	1.250762e-01	7.674511e-04	3.850877e-02	4.524296e-02	8.909397e-04	-2.404604e-04	2.857597e-04	-2.546711e-04	5.296872e-02	-1.259580e-02	-7.278908e-04	-2.477592e-05	2.551097e-04	-1.960062e-02	2.698835e-03	-1.480184e-02	-1.450406e-02	1.422128e-02	-1.043466e-04	-6.973639e-05	-8.681966e-12	-1.211610e-04	-1.224279e-04	
-1.970396e-02	3.859443e-01	-9.585742e-03	-1.338924e-01	-5.711688e-03	-1.041677e-01	-2.221935e-02	2.777719e-02	-9.987131e-03	-1.686939e-01	-2.878031e-01	-1.721205e-03	-1.641237e-03	4.655592e-04	-1.076496e-02	-2.071982e-01	-3.330768e-01	-2.610860e-03	-1.400464e-03	1.788838e-04	6.227149e-01	-7.241406e-02	4.379551e-03	-1.522439e-02	6.991981e-02	-1.043466e-04	-6.973639e-05	-8.681966e-12	-1.211610e-04	-1.224279e-04	
-1.885790e-02	4.673566e-01	-9.044926e-03	-1.284830e-01	-5.400290e-03	-1.147599e-01	-2.122496e-02	-3.825774e-02	1.713900e-03	-7.018366e-02	-2.348654e-01	-1.566077e-03	-1.375397e-03	5.901608e-04	1.169065e-02	9.851461e-02	5.290707e-02	1.564141e-04	2.661528e-04	1.236861e-04	5.701792e-02	-3.990255e-02	-1.739667e-02	-5.166812e-02	-1.886172e-02	-1.043466e-04	-6.973639e-05	-8.681966e-12	-1.211610e-04	-1.224279e-04	
-1.803706e-02	4.196363e-01	-8.528671e-03	-1.232619e-01	-5.107886e-03	-1.160569e-01	-2.025975e-02	-6.047858e-02	4.643752e-03	-3.636906e-02	-1.270214e-01	-2.326951e-03	-1.347885e-03	4.241207e-04	2.919472e-03	3.381897e-02	1.078133e-01	-7.595880e-04	2.782430e-05	-1.669557e-04	5.634923e-02	-3.210801e-03	-3.254638e-02	-1.629949e-02	-2.308081e-02	-1.043466e-04	-6.973639e-05	-8.681966e-12	-1.211610e-04	-1.224279e-04	
-1.725156e-02	2.700972e-01	-8.036469e-03	-1.192481e-01	-4.832252e-03	-1.121366e-01	-1.930624e-02	5.155054e-02	-5.492689e-04	-8.611232e-03	-1.304240e-01	-1.283307e-03	-9.084129e-04	5.397751e-04	-5.203402e-03	2.776222e-02	-3.433368e-03	1.044931e-03	4.397851e-04	1.147388e-04	-1.794852e-02	-1.034699e-02	-2.123768e-02	-1.345772e-02	3.398290e-02	-1.043466e-04	-6.973639e-05	-8.681966e-12	-1.211610e-04	-1.224279e-04	
-1.650036e-02	1.140065e-01	-7.567924e-03	-1.125078e-01	-4.571845e-03	-1.062338e-01	-1.837176e-02	2.106425e-01	3.994770e-03	-7.136876e-04	-7.443161e-02	-2.162271e-03	-7.613882e-04	5.910284e-04	4.533659e-03	7.901976e-03	5.596170e-02	-8.776789e-04	1.473371e-04	5.033765e-05	-1.328621e-02	2.897747e-03	-2.005494e-02	-1.495399e-02	-2.637085e-02	-1.043466e-04	-6.973639e-05	-8.681966e-12	-1.211610e-04	-1.224279e-04	
-1.577312e-02	3.655968e-04	-7.122621e-03	-2.555976e-02	-4.325655e-03	-1.004780e-01	-1.747381e-02	2.371984e-01	1.335006e-03	-3.886172e-02	-1.077287e-01	-1.441060e-03	-7.117719e-04	2.595587e-04	-2.670145e-03	-3.814368e-02	-3.332781e-02	7.224962e-04	4.992904e-05	-3.323852e-04	-7.432927e-03	-8.385109e-03	-2.337133e-02	-2.273003e-02	2.386647e-02	-1.043466e-04	-6.973639e-05	-8.681966e-12	-1.211610e-04	-1.224279e-04	
-1.505131e-02	-6.733876e-02	-6.700063e-03	1.557020e-01	-4.093040e-03	-9.590869e-02	-1.661887e-02	1.548310e-01	-2.794776e-04	-6.862281e-03	-5.562941e-02	-1.848766e-03	-3.042883e-04	3.986657e-04	-1.624865e-03	3.200385e-02	5.206862e-02	-4.064203e-04	4.077961e-04	1.381914e-04	-2.133679e-03	-1.070339e-03	-2.351704e-02	1.000003e-02	1.495113e-02	-1.043466e-04	-6.973639e-05	-8.681966e-12	-1.211610e-04	-1.224279e-04	
-1.433954e-02	-8.416914e-02	-6.299652e-03	2.343776e-01	-3.873559e-03	-9.277147e-02	-1.580179e-02	5.377704e-02	4.654923e-03	-1.415217e-02	-6.659724e-02	-1.790444e-03	-5.227379e-04	1.365037e-04	4.924021e-03	-7.285494e-03	-1.099851e-02	5.960702e-05	-2.181369e-04	-2.630776e-04	-8.664346e-02	-6.771875e-03	-9.833132e-03	4.283474e-03	-2.259777e-02	-1.043466e-04	-6.973639e-05	-8.681966e-12	-1.211610e-04	-1.224279e-04	
-1.365560e-02	3.663236e-02	-5.920715e-03	1.729887e-01	-3.666838e-03	-9.088445e-02	-1.500338e-02	-2.201336e-02	-5.332724e-03	-6.348247e-02	-1.095118e-01	-4.404405e-04	2.155538e-04	4.859701e-04	-9.998028e-03	-4.932594e-02	-4.294528e-02	1.351290e-03	7.386043e-04	3.485508e-04	8.748326e-02	-8.470643e-03	-1.421521e-02	6.247672e-03	3.949908e-03	-1.043466e-04	-6.973639e-05	-8.681966e-12	-1.211610e-04	-1.224279e-04	
-1.300725e-02	2.051308e-01	-5.562462e-03	6.348592e-02	-3.472489e-03	-8.989759e-02	-1.421774e-02	-5.371528e-02	7.001838e-03	5.508126e-03	-5.954231e-02	-7.553630e-04	-7.749237e-05	2.436359e-04	1.232418e-02	6.899502e-02	4.993881e-02	-3.136375e-04	-2.927335e-04	-2.432499e-04	3.800273e-02	2.338331e-03	-3.747266e-02	-3.129915e-02	1.444053e-02	-1.043466e-04	-6.973639e-05	-8.681966e-12	-1.211610e-04	-1.224279e-04	
-1.239222e-02	2.397665e-01	-5.218837e-03	-2.941667e-02	-3.290080e-03	-8.946957e-02	-1.346125e-02	4.868015e-02	6.382591e-03	-1.953914e-02	-2.951880e-02	4.338388e-04	3.872005e-06	2.953989e-04	-6.296280e-04	-2.504290e-02	2.999281e-02	1.190488e-03	8.167724e-05	5.084744e-05	-1.478768e-02	3.369762e-03	-8.927281e-03	2.814849e-02	2.901810e-02	-1.043466e-04	-6.973639e-05	-8.681966e-12	-1.211610e-04	-1.224279e-04	
-1.180544e-02	1.632778e-01	-4.874373e-03	-9.086281e-02	-3.119136e-03	-8.934934e-02	-1.274556e-02	2.067958e-01	6.564222e-03	-1.990517e-02	-9.446917e-03	3.589824e-04	1.194724e-04	3.080512e-04	1.712505e-04	-3.616175e-04	2.004120e-02	-7.357202e-05	1.159128e-04	1.173667e-05	-1.054295e-01	-7.686527e-04	-1.037836e-02	-2.204552e-02	-9.490371e-03	-1.043466e-04	-6.973639e-05	-8.681966e-12	-1.211610e-04	-1.224279e-04	
-1.124280e-02	6.594950e-02	-4.529893e-03	-1.266603e-01	-2.959149e-03	-8.520630e-02	-1.207048e-02	2.363505e-01	3.619289e-03	-2.383712e-02	-6.613482e-03	-3.822120e-04	-3.085610e-04	1.372752e-04	-2.955313e-03	-3.927575e-03	2.802721e-03	-7.399080e-04	-4.277209e-04	-1.716915e-04	-6.064780e-02	-3.059429e-03	-6.131813e-03	1.386898e-02	2.269056e-02	-1.043466e-04	-6.973639e-05	-8.681966e-12	-1.211610e-04	-1.224279e-04	
-1.070159e-02	-7.752557e-03	-4.189518e-03	-1.446555e-01	-2.809598e-03	3.312523e-04	-1.143085e-02	1.552217e-01	8.291040e-03	-2.666315e-02	-4.804823e-02	3.732257e-04	-4.080394e-04	-1.409293e-04	4.661371e-03	-2.821644e-03	-4.146545e-02	7.567240e-04	-9.916557e-05	-2.791202e-04	-3.194935e-02	-2.369967e-02	1.686040e-02	2.022776e-02	-1.342103e-02	-1.043466e-04	-6.973639e-05	-8.681966e-12	-1.211610e-04	-1.224279e-04	
-1.018009e-02	-5.332801e-02	-3.867350e-03	-1.506468e-01	-2.667412e-03	1.810789e-01	-1.082172e-02	5.389439e-02	2.435591e-03	1.352645e-02	-5.642513e-03	4.228974e-04	-3.095765e-04	1.292329e-04	-5.865830e-03	4.019399e-02	4.237502e-02	5.095602e-05	9.877528e-05	2.692467e-04	-2.643904e-02	-5.588043e-03	-6.722034e-03	-2.313090e-03	-3.935139e-02	-1.043466e-04	-6.973639e-05	-8.681966e-12	-1.211610e-04	-1.224279e-04	
-9.677241e-03	-7.807450e-02	-3.580831e-03	-1.491424e-01	-2.517724e-03	2.618174e-01	-1.023964e-02	-2.226833e-02	3.325226e-03	3.236931e-03	-3.991947e-02	1.010355e-03	-3.143246e-04	1.298394e-05	8.792542e-04	-1.028515e-02	-3.430765e-02	5.887440e-04	-4.435459e-06	-1.171646e-04	-5.683939e-02	-1.425276e-04	-1.592598e-02	1.790012e-02	3.586684e-02	-1.043466e-04	-6.973639e-05	-8.681966e-12	-1.211610e-04	-1.224279e-04	
-9.192470e-03	-8.866712e-02	-3.334055e-03	-1.438932e-01	-2.358896e-03	2.684898e-01	-9.682348e-03	-6.890436e-02	7.161263e-03	8.074974e-02	-6.105309e-02	9.633874e-04	-2.108458e-04	2.410616e-04	3.825657e-03	7.751722e-02	-2.116433e-02	-4.568183e-05	1.037915e-04	2.271621e-04	-1.435535e-02	2.337522e-04	-1.121752e-02	3.257443e-03	-1.530222e-02	-1.043466e-04	-6.973639e-05	-8.681966e-12	-1.211610e-04	-1.224279e-04	
-8.725533e-03	-8.986622e-02	-3.120756e-03	-1.376932e-01	-2.202163e-03	3.385657e-01	-9.148328e-03	-9.392101e-02	4.262523e-03	6.582786e-02	-6.038791e-02	1.433061e-03	2.836906e-04	5.374802e-04	-2.909120e-03	-1.491748e-02	6.344844e-04	4.709593e-04	4.948489e-04	2.955029e-04	-5.596410e-02	1.378749e-02	-3.318764e-02	-3.222490e-02	-1.222879e-02	-1.043466e-04	-6.973639e-05	-8.681966e-12	-1.211610e-04	-1.224279e-04	
-8.276372e-03	-8.552784e-02	-2.932464e-03	-1.189827e-01	-2.046708e-03	3.461560e-01	-8.636606e-03	-1.044516e-01	-1.496415e-03	5.297681e-02	-7.660782e-02	2.145109e-03	-1.830388e-05	3.658893e-04	-5.769319e-03	-1.284667e-02	-1.625059e-02	7.133338e-04	-3.016815e-04	-1.725065e-04	-4.400821e-02	-9.150924e-04	-1.401226e-02	6.635244e-03	4.920020e-02	-1.043466e-04	-6.973639e-05	-8.681966e-12	-1.211610e-04	-1.224279e-04	
-7.844972e-03	-7.885386e-02	-2.761648e-03	8.217562e-03	-1.903401e-03	2.384702e-01	-8.146594e-03	-1.054860e-01	-2.320181e-03	9.484075e-02	-6.720492e-02	1.645996e-03	1.003681e-04	4.429391e-04	-8.341463e-04	4.186834e-02	9.372205e-03	-4.978283e-04	1.189843e-04	7.613420e-05	-4.868669e-02	-5.540979e-03	-2.567574e-03	-3.489437e-02	-1.009065e-02	-1.043466e-04	-6.973639e-05	-8.681966e-12	-1.211610e-04	-1.224279e-04	
-7.431277e-03	-7.210708e-02	-2.592813e-03	1.938765e-01	-1.786169e-03	9.585063e-02	-7.677937e-03	-1.009521e-01	-1.959376e-03	8.162615e-02	-8.105204e-02	1.313075e-03	-3.087154e-04	3.614294e-04	3.504243e-04	-1.321022e-02	-1.387783e-02	-3.316356e-04	-4.087709e-04	-8.242531e-05	-6.785488e-02	-1.145830e-02	-1.585731e-02	-2.224719e-03	-9.158835e-03	-1.043466e-04	-6.973639e-05	-8.681966e-12	-1.211610e-04	-1.224279e-04	
-7.035142e-03	-6.650458e-02	-2.413561e-03	3.500915e-01	-1.696759e-03	-1.757981e-02	-7.230360e-03	-9.407793e-02	-8.214596e-03	6.093848e-02	-5.638799e-02	2.254484e-03	8.148678e-05	2.829298e-04	-6.265601e-03	-2.068326e-02	2.463336e-02	9.426933e-04	3.905149e-04	-7.941508e-05	-1.564510e-02	-1.195587e-02	-1.298089e-02	-2.073354e-02	1.403854e-02	-1.043466e-04	-6.973639e-05	-8.681966e-12	-1.211610e-04	-1.224279e-04	
-6.656338e-03	-6.240333e-02	-2.237523e-03	4.412248e-01	-1.620525e-03	-8.772872e-02	-6.803576e-03	-8.714417e-02	-1.944472e-03	9.982064e-02	-2.117246e-02	1.439582e-03	1.335511e-04	6.092830e-04	6.259743e-03	3.888651e-02	3.518485e-02	-8.136153e-04	5.237676e-05	3.254375e-04	4.747869e-03	8.236877e-03	-1.344459e-02	6.223349e-03	1.618966e-02	-1.043466e-04	-6.973639e-05	-8.681966e-12	-1.211610e-04	-1.224279e-04	
-6.294562e-03	-5.964427e-02	-2.080707e-03	3.837379e-01	-1.537575e-03	-1.236846e-01	-6.397223e-03	-8.137476e-02	-7.576206e-04	6.091077e-02	-6.653636e-02	2.084685e-03	-9.396809e-05	6.781417e-04	1.176471e-03	-3.890546e-02	-4.539460e-02	6.463897e-04	-2.272065e-04	6.794313e-05	-6.027101e-03	-9.432570e-03	2.101602e-03	1.417688e-02	3.192634e-03	-1.043466e-04	-6.973639e-05	-8.681966e-12	-1.211610e-04	-1.224279e-04	
-5.949454e-03	-5.790923e-02	-1.946829e-03	3.284428e-01	-1.448335e-03	-1.372271e-01	-6.010859e-03	-7.714549e-02	2.007153e-03	1.221964e-01	-1.127108e-02	1.477998e-03	2.824324e-05	5.685090e-04	2.754393e-03	6.129000e-02	5.523458e-02	-6.054025e-04	1.225240e-04	-1.105483e-04	2.640323e-02	8.043323e-03	-1.675312e-02	-2.888008e-02	-6.807108e-03	-1.043466e-04	-6.973639e-05	-8.681966e-12	-1.211610e-04	-1.224279e-04	
-5.620617e-03	-5.684539e-02	-1.832085e-03	3.438260e-01	-1.353364e-03	-1.369528e-01	-5.643970e-03	-7.430148e-02	-6.522393e-03	4.208524e-02	-2.372009e-02	1.893823e-03	3.039006e-05	2.442984e-04	-8.539927e-03	-8.010677e-02	-1.247972e-02	4.171107e-04	2.459678e-06	-3.251262e-04	-1.963950e-05	7.184840e-03	-3.568108e-03	-3.943190e-03	3.614938e-02	-1.043466e-04	-6.973639e-05	-8.681966e-12	-1.211610e-04	-1.224279e-04	
-5.307621e-03	-5.620458e-02	-1.727424e-03	2.813284e-01	-1.264867e-03	-9.242479e-02	-5.295991e-03	-7.248379e-02	3.076447e-03	1.108146e-01	-2.697985e-02	1.905603e-03	1.766571e-04	3.946887e-04	9.588460e-03	6.873374e-02	-3.290459e-03	1.306700e-05	1.465794e-04	1.494747e-04	-3.948933e-02	-7.009814e-03	4.825166e-03	-6.311402e-03	-1.864992e-02	-1.043466e-04	-6.973639e-05	-8.681966e-12	-1.211610e-04	-1.224279e-04	
-5.010021e-03	-5.581968e-02	-1.614205e-03	1.380738e-01	-1.198203e-03	8.003008e-02	-4.966321e-03	-7.134593e-02	-4.103006e-03	7.017162e-02	-2.494308e-02	2.753304e-03	6.273229e-04	7.463397e-04	-7.189834e-03	-4.063855e-02	2.006068e-03	8.489862e-04	4.509784e-04	3.507353e-04	-6.042271e-03	-3.596147e-03	-9.369214e-04	-1.901134e-02	1.413474e-02	-1.043466e-04	-6.973639e-05	-8.681966e-12	-1.211610e-04	-1.224279e-04	
-4.727354e-03	-5.556918e-02	-1.493576e-03	-4.079822e-03	-1.156340e-03	2.278076e-01	-4.654336e-03	-6.284171e-02	-3.641651e-03	1.005328e-01	-3.137805e-02	2.197772e-03	5.161786e-04	5.619568e-04	4.509743e-04	3.036561e-02	-6.465647e-03	-5.542467e-04	-1.108317e-04	-1.852985e-04	-5.500951e-02	4.539308e-03	4.089360e-03	1.506103e-02	8.199470e-03	-1.043466e-04	-6.973639e-05	-8.681966e-12	-1.211610e-04	-1.224279e-04	
-4.459152e-03	-5.537860e-02	-1.379756e-03	-1.017262e-01	-1.133358e-03	2.223221e-01	-4.359404e-03	4.206812e-02	-5.472010e-03	9.924867e-02	-9.379156e-03	1.772713e-03	2.894182e-04	4.193728e-04	-1.840740e-03	-1.279754e-03	2.196818e-02	-4.237736e-04	-2.264476e-04	-1.434996e-04	-6.937807e-02	4.833559e-04	-2.999478e-03	-1.015056e-02	-1.415880e-02	-1.043466e-04	-6.973639e-05	-8.681966e-12	-1.211610e-04	-1.224279e-04	
-4.204938e-03	-5.521172e-02	-1.267398e-03	-1.503117e-01	-1.121896e-03	1.275916e-01	-4.080884e-03	2.206234e-01	-2.971630e-03	4.758676e-02	-5.744087e-02	2.360214e-03	9.968273e-04	6.186674e-04	2.489999e-03	-5.165753e-02	-4.809240e-02	5.887861e-04	7.077216e-04	1.983790e-04	3.829128e-02	4.849420e-03	-6.662960e-03	3.445827e-02	1.868404e-03	-1.043466e-04	-6.973639e-05	-8.681966e-12	-1.211610e-04	-1.224279e-04	
-3.964230e-03	-5.507284e-02	-1.157879e-03	-8.634784e-02	-1.115760e-03	2.881573e-02	-3.818136e-03	2.782957e-01	-4.160744e-03	1.206915e-01	-3.344204e-02	1.998562e-03	8.222313e-04	4.393680e-04	-1.199495e-03	7.310917e-02	2.396813e-02	-3.603657e-04	-1.742836e-04	-1.802150e-04	-2.594633e-04	1.133259e-02	-3.261213e-02	-6.668525e-02	1.608222e-02	-1.043466e-04	-6.973639e-05	-8.681966e-12	-1.211610e-04	-1.224279e-04	
-3.736543e-03	-5.497646e-02	-1.065799e-03	9.145214e-02	-1.101016e-03	-4.164194e-02	-3.570525e-03	2.055592e-01	-1.450202e-02	9.959291e-02	-4.026106e-02	2.176855e-03	4.137229e-04	2.222086e-04	-1.035166e-02	-2.109426e-02	-6.849710e-03	1.795795e-04	-4.081956e-04	-2.180749e-04	-5.987266e-02	1.495626e-02	-3.478987e-03	2.669491e-02	3.243238e-02	-1.043466e-04	-6.973639e-05	-8.681966e-12	-1.211610e-04	-1.224279e-04	
-3.521394e-03	-5.489584e-02	-9.977283e-04	1.773519e-01	-1.065510e-03	-6.102495e-02	-3.337418e-03	9.672413e-02	-1.211074e-03	1.533796e-01	-4.122527e-02	2.052894e-03	2.231530e-04	2.162782e-04	1.328057e-02	5.379112e-02	-9.949156e-04	-1.226761e-04	-1.902574e-04	-6.845961e-06	-5.000421e-02	-7.455459e-03	-1.078096e-02	-5.826161e-02	-3.208596e-02	-1.043466e-04	-6.973639e-05	-8.681966e-12	-1.211610e-04	-1.224279e-04	
-3.318298e-03	-5.481872e-02	-9.447857e-04	1.279242e-01	-1.023070e-03	6.112717e-02	-3.118191e-03	8.830827e-03	1.111639e-02	9.376124e-02	1.017965e-01	1.106633e-03	1.140419e-03	3.002545e-05	1.231708e-02	-5.961397e-02	1.429911e-01	-9.449768e-04	9.175789e-04	-1.871684e-04	1.849235e-01	1.306825e-02	1.876862e-02	5.793011e-02	-1.379644e-02	-1.043466e-04	-6.973639e-05	-8.681966e-12	-1.211610e-04	-1.224279e-04	
-3.126776e-03	-5.474333e-02	-8.855522e-04	3.362098e-02	-9.906877e-04	2.094847e-01	-2.912228e-03	-4.777890e-02	-6.231545e-03	1.059970e-01	-1.475006e-01	4.932411e-03	1.669314e-03	8.234291e-04	-1.735831e-02	1.224007e-02	-2.493279e-01	3.827064e-03	5.292075e-04	7.924881e-04	3.964725e-01	-7.956202e-02	1.077790e-01	-2.806727e-02	2.237750e-02	-1.043466e-04	-6.973639e-05	-8.681966e-12	-1.211610e-04	-1.224279e-04	
-2.944307e-03	-5.467363e-02	-8.208397e-04	2.407587e-02	-9.730183e-04	2.200273e-01	-2.718924e-03	-7.989279e-02	-1.540584e-02	5.477466e-02	-1.631107e-01	3.779000e-03	1.285544e-03	7.460361e-04	-9.184672e-03	-5.121791e-02	-1.564081e-02	-1.152124e-03	-3.834568e-04	-7.830853e-05	2.440147e-02	-6.096524e-02	4.108242e-02	-6.805023e-02	1.899563e-02	-1.043466e-04	-6.973639e-05	-8.681966e-12	-1.211610e-04	-1.224279e-04	
-2.756562e-03	-5.461419e-02	-7.665536e-04	1.515005e-01	-9.668840e-04	1.318951e-01	-2.537684e-03	-9.514616e-02	-1.003593e-02	1.861444e-02	2.354030e-02	4.288040e-03	1.280488e-03	6.381845e-04	5.359529e-03	-3.615583e-02	1.866203e-01	5.103250e-04	-4.743597e-06	-1.087673e-04	1.212530e-01	-1.033249e-02	3.326740e-02	9.702771e-02	9.610503e-03	-1.043466e-04	-6.973639e-05	-8.681966e-12	-1.211610e-04	-1.224279e-04	
-2.560296e-03	-5.456853e-02	-7.297135e-04	2.236901e-01	-9.677730e-04	3.281571e-02	-2.366508e-03	-9.912776e-02	-3.554575e-04	7.653438e-02	1.155495e-01	3.194639e-03	1.001609e-03	5.314712e-04	9.670089e-03	5.792435e-02	9.197847e-02	-1.092116e-03	-2.785671e-04	-1.076289e-04	1.003164e-01	3.502308e-03	2.313665e-03	-2.371410e-02	-3.776443e-02	-1.043466e-04	-6.973639e-05	-8.681966e-12	-1.211610e-04	-1.224279e-04	
-2.373829e-03	-5.453918e-02	-7.075651e-04	2.594559e-01	-9.722709e-04	-3.891896e-02	-2.191944e-03	-9.625842e-02	3.252464e-03	4.226651e-02	1.618848e-01	3.877016e-03	8.046197e-04	7.465745e-04	3.597541e-03	-3.426351e-02	4.630466e-02	6.836637e-04	-1.966762e-04	2.141877e-04	-5.638718e-05	7.853923e-03	1.840196e-02	4.417659e-02	2.418403e-02	-1.043466e-04	-6.973639e-05	-8.681966e-12	-1.211610e-04	-1.224279e-04	
-2.210513e-03	-5.452799e-02	-6.944565e-04	3.280458e-01	-9.781359e-04	-8.161550e-02	-2.008005e-03	-9.016833e-02	-3.754581e-03	7.484868e-02	2.006090e-01	4.176232e-03	5.556334e-04	4.750872e-04	-7.017425e-03	3.258660e-02	3.869350e-02	3.005007e-04	-2.486735e-04	-2.724029e-04	-2.039254e-02	1.171238e-02	2.807733e-02	2.577097e-02	-2.496435e-02	-1.043466e-04	-6.973639e-05	-8.681966e-12	-1.211610e-04	-1.224279e-04	
-2.071155e-03	-5.453627e-02	-6.781198e-04	2.995167e-01	-9.839518e-04	-6.358271e-02	-1.831969e-03	-8.350061e-02	3.499236e-03	1.172253e-01	1.982315e-01	4.414435e-03	1.181865e-04	5.049841e-04	7.243436e-03	4.238096e-02	-2.408220e-03	2.394889e-04	-4.371346e-04	2.898124e-05	-5.330334e-02	5.790275e-03	2.209727e-02	3.377287e-02	-3.667906e-02	-1.043466e-04	-6.973639e-05	-8.681966e-12	-1.211610e-04	-1.224279e-04	
-1.950873e-03	-5.456626e-02	-6.430169e-04	1.726639e-01	-9.889154e-04	9.302987e-02	-1.678287e-03	-7.776094e-02	-2.841953e-03	1.098476e-01	2.432587e-01	6.584689e-03	5.267055e-05	5.878471e-04	-6.351570e-03	-7.373269e-03	4.499655e-02	2.171540e-03	-6.520328e-05	8.194737e-05	3.566216e-02	2.033147e-02	1.050678e-02	-3.782629e-03	-2.292896e-03	-1.043466e-04	-6.973639e-05	-8.681966e-12	-1.211610e-04	-1.224279e-04	
-1.844598e-03	-5.463243e-02	-5.990437e-04	3.391155e-02	-9.927098e-04	2.268529e-01	-1.542571e-03	-7.218277e-02	-7.998036e-03	1.627268e-01	2.446555e-01	6.266897e-03	9.145648e-05	1.102647e-03	-5.166465e-03	5.288353e-02	1.366135e-03	-3.165056e-04	3.909843e-05	5.138842e-04	-3.022406e-02	2.881645e-02	1.015649e-02	1.025589e-03	9.313089e-04	-1.043466e-04	-6.973639e-05	-8.681966e-12	-1.211610e-04	-1.224279e-04	
-1.748609e-03	-5.474472e-02	-5.640601e-04	-6.730330e-02	-9.953594e-04	2.140531e-01	-1.405884e-03	-1.004545e-02	-6.337424e-03	1.525400e-01	2.469952e-01	6.504463e-03	3.568138e-04	8.705896e-04	1.650233e-03	-1.018240e-02	2.308938e-03	2.388519e-04	2.656702e-04	-2.329729e-04	-8.627579e-02	1.294839e-02	1.727831e-02	-3.418317e-03	-1.846216e-02	-1.043466e-04	-6.973639e-05	-8.681966e-12	-1.211610e-04	-1.224279e-04	
-1.660353e-03	-5.408734e-02	-5.443069e-04	-1.261813e-01	-9.970701e-04	1.194758e-01	-1.271258e-03	1.681817e-01	-1.550705e-02	1.377043e-01	2.200202e-01	7.314422e-03	2.230744e-04	8.493401e-04	-9.180012e-03	-1.483124e-02	-2.700567e-02	8.112446e-04	-1.334270e-04	-2.216510e-05	-3.797651e-02	1.929025e-02	1.540236e-02	4.397560e-03	-1.026394e-03	-1.043466e-04	-6.973639e-05	-8.681966e-12	-1.211610e-04	-1.224279e-04	
-1.574998e-03	-2.938042e-03	-5.370240e-04	-1.538607e-01	-9.981025e-04	2.452569e-02	-1.154250e-03	2.792182e-01	-1.547476e-02	2.130242e-01	2.238367e-01	6.735949e-03	3.183389e-04	9.743045e-04	2.190961e-05	7.532432e-02	3.785790e-03	-5.771879e-04	9.557713e-05	1.240488e-04	-1.363556e-02	1.561575e-02	8.606702e-03	-1.225453e-02	5.969539e-03	-1.043466e-04	-6.973639e-05	-8.681966e-12	-1.211610e-04	-1.224279e-04	
-1.476798e-03	1.696009e-01	-5.374493e-04	-1.615536e-01	-9.986886e-04	-4.164889e-02	-1.060551e-03	2.405442e-01	-1.691793e-02	1.571964e-01	2.245006e-01	7.719648e-03	5.682429e-04	9.664731e-04	-1.453544e-03	-5.582343e-02	6.332615e-04	9.849848e-04	2.502164e-04	-8.747057e-06	-1.687714e-02	1.991695e-02	1.387335e-02	1.502154e-02	3.180076e-03	-1.043466e-04	-6.973639e-05	-8.681966e-12	-1.211610e-04	-1.224279e-04	
-1.366129e-03	2.891241e-01	-5.418641e-04	-1.496814e-01	-9.990039e-04	-8.076555e-02	-9.863696e-04	1.344650e-01	-7.686494e-03	1.920073e-01	2.298048e-01	6.688684e-03	4.028321e-04	9.141431e-04	9.221054e-03	3.481525e-02	5.273399e-03	-1.029679e-03	-1.650978e-04	-5.324549e-05	-1.990801e-02	2.209539e-02	1.273869e-04	-2.056277e-02	-6.646656e-03	-1.043466e-04	-6.973639e-05	-8.681966e-12	-1.211610e-04	-1.224279e-04	
-1.262300e-03	2.577366e-01	-5.478461e-04	-3.525460e-02	-9.991657e-04	-1.007868e-01	-9.225071e-04	3.661629e-02	-1.315065e-02	1.236909e-01	1.882492e-01	7.075293e-03	-1.081284e-04	3.688822e-04	-5.474535e-03	-6.831200e-02	-4.158623e-02	3.878951e-04	-5.106481e-04	-5.461765e-04	5.079027e-02	5.190887e-03	2.412657e-02	9.265130e-03	1.721041e-02	-1.043466e-04	-6.973639e-05	-8.681966e-12	-1.211610e-04	-1.224279e-04	
-1.177260e-03	1.526045e-01	-5.538805e-04	1.546499e-01	-9.992454e-04	-1.079386e-01	-8.494951e-04	-3.023717e-02	1.156296e-02	1.364433e-01	1.243532e-01	5.211839e-03	1.314279e-04	2.244382e-04	2.470322e-02	1.275677e-02	-6.392667e-02	-1.862167e-03	2.398691e-04	-1.453596e-04	8.374241e-02	-3.142938e-03	1.155065e-02	-1.642030e-02	-3.579819e-02	-1.043466e-04	-6.973639e-05	-8.681966e-12	-1.211610e-04	-1.224279e-04	
-1.110999e-03	5.261821e-02	-5.590993e-04	2.228196e-01	-9.992829e-04	-1.067750e-01	-7.651902e-04	-6.986070e-02	8.936017e-03	1.572841e-02	8.962816e-02	4.725241e-03	-4.962503e-05	-2.369394e-04	-2.637319e-03	-1.207105e-01	-3.475579e-02	-4.853142e-04	-1.807405e-04	-4.622932e-04	8.683327e-02	-5.863966e-03	5.597355e-03	9.885855e-03	4.317055e-02	-1.043466e-04	-6.973639e-05	-8.681966e-12	-1.211610e-04	-1.224279e-04	
-1.058763e-03	-1.662466e-02	-5.631361e-04	1.584947e-01	-9.992998e-04	-1.010526e-01	-6.856410e-04	-9.033598e-02	1.044805e-02	6.299326e-02	1.006420e-01	3.328202e-03	-6.584489e-05	-8.468566e-05	1.501653e-03	4.726928e-02	1.098318e-02	-1.395752e-03	-1.590735e-05	1.513381e-04	5.393492e-03	-2.345882e-03	2.373575e-02	1.462227e-02	-2.965654e-02	-1.043466e-04	-6.973639e-05	-8.681966e-12	-1.211610e-04	-1.224279e-04	
-1.015948e-03	-5.807499e-02	-5.659861e-04	5.579027e-02	-9.993073e-04	-9.376305e-02	-6.085344e-04	-9.788724e-02	9.700103e-03	3.246792e-02	7.350857e-02	2.755026e-03	5.838191e-06	-3.723800e-04	-7.583282e-04	-3.052098e-02	-2.716417e-02	-5.718924e-04	7.199591e-05	-2.886100e-04	-2.130236e-02	3.194140e-03	4.200116e-03	-1.202722e-02	-7.762992e-03	-1.043466e-04	-6.973639e-05	-8.681966e-12	-1.211610e-04	-1.224279e-04	
-9.792660e-04	-7.988168e-02	-5.678464e-04	-2.787891e-02	-9.993104e-04	-8.686965e-02	-5.287855e-04	-9.721503e-02	9.935841e-03	1.793220e-02	1.172632e-02	9.345575e-04	-3.954704e-04	-2.131520e-04	2.253576e-04	-1.453131e-02	-6.181294e-02	-1.819182e-03	-4.009961e-04	1.583124e-04	6.694458e-02	4.403145e-03	1.015542e-02	1.365092e-02	-2.885457e-04	-1.043466e-04	-6.973639e-05	-8.681966e-12	-1.211610e-04	-1.224279e-04	
-9.450921e-04	-8.838651e-02	-5.689798e-04	-8.167440e-02	-9.993106e-04	-8.130205e-02	-4.597064e-04	-9.221582e-02	7.427488e-03	3.542055e-03	7.826536e-03	-7.860508e-04	3.225025e-05	-3.287672e-04	-2.518734e-03	-1.438576e-02	-3.930472e-03	-1.719323e-03	4.280335e-04	-1.165308e-04	8.235961e-03	1.152653e-02	-1.320877e-02	-3.167298e-02	-3.155654e-02	-1.043466e-04	-6.973639e-05	-8.681966e-12	-1.211610e-04	-1.224279e-04	
-8.991154e-04	-8.835885e-02	-5.696294e-04	-1.118837e-01	-9.993106e-04	-7.722835e-02	-4.114943e-04	-8.588121e-02	-4.167638e-03	-8.168784e-03	-4.736084e-02	-5.807707e-04	-6.013706e-04	-3.306274e-04	-1.160551e-02	-1.170644e-02	-5.521807e-02	2.065659e-04	-6.333085e-04	-2.775737e-06	-1.522265e-02	1.144224e-03	-8.413482e-03	2.669824e-02	2.614595e-02	-1.043466e-04	-6.973639e-05	-8.681966e-12	-1.211610e-04	-1.224279e-04	
-8.350854e-04	-8.375325e-02	-5.699812e-04	-1.257770e-01	-9.993106e-04	-7.442529e-02	-3.830246e-04	-8.008476e-02	2.685349e-03	-6.505553e-03	-2.196215e-02	-1.479150e-03	-2.407929e-04	-3.799668e-04	6.842606e-03	1.667641e-03	2.536799e-02	-8.970937e-04	3.608906e-04	-5.025498e-05	-3.018683e-02	8.227724e-03	-1.571216e-02	-2.007282e-03	-3.027909e-02	-1.043466e-04	-6.973639e-05	-8.681966e-12	-1.211610e-04	-1.224279e-04	
-7.704623e-04	-7.764542e-02	-5.701627e-04	-1.286937e-01	-9.993106e-04	-7.254691e-02	-3.662429e-04	-7.565602e-02	3.060807e-03	-8.691520e-02	-6.225034e-02	-2.214823e-03	-6.282525e-04	-3.994997e-04	3.650778e-04	-8.040525e-02	-4.031887e-02	-7.343878e-04	-3.871473e-04	-2.044852e-05	5.196971e-02	3.806601e-03	-1.825112e-03	3.052707e-02	2.016535e-02	-1.043466e-04	-6.973639e-05	-8.681966e-12	-1.211610e-04	-1.224279e-04	
-7.202607e-04	-7.199046e-02	-5.702525e-04	-1.248913e-01	-9.993106e-04	-7.126284e-02	-3.416645e-04	-7.270211e-02	-2.130273e-03	-7.945607e-02	-4.753944e-02	-3.043762e-03	-6.354334e-04	-2.280792e-04	-5.201462e-03	7.463497e-03	1.468019e-02	-8.276526e-04	-6.867838e-06	1.705049e-04	-5.385919e-02	5.100240e-03	-4.418273e-03	1.588035e-04	-3.900731e-02	-1.043466e-04	-6.973639e-05	-8.681966e-12	-1.211610e-04	-1.224279e-04	
-6.868193e-04	-6.767658e-02	-5.702952e-04	-1.179482e-01	-9.993106e-04	-7.033731e-02	-3.015523e-04	-7.097021e-02	-7.602154e-04	-1.030845e-01	-7.876804e-02	-2.902798e-03	-9.800307e-04	-5.825435e-04	1.359677e-03	-2.362398e-02	-3.125931e-02	1.422502e-04	-3.442849e-04	-3.553799e-04	-3.740177e-02	-3.404779e-03	-7.980105e-03	9.328407e-03	2.078247e-02	-1.043466e-04	-6.973639e-05	-8.681966e-12	-1.211610e-04	-1.224279e-04	
-6.639967e-04	-6.484249e-02	-5.703146e-04	-1.104587e-01	-9.993106e-04	-6.961743e-02	-2.619513e-04	-7.011170e-02	8.397326e-03	-1.034135e-01	-6.395454e-02	-3.195393e-03	-1.107598e-03	-3.205564e-04	9.147161e-03	-3.246427e-04	1.478283e-02	-2.913096e-04	-1.272543e-04	2.610715e-04	-7.054746e-02	-5.956180e-04	6.841927e-03	1.367498e-02	-2.635928e-02	-1.043466e-04	-6.973639e-05	-8.681966e-12	-1.211610e-04	-1.224279e-04	
-6.332555e-04	-6.324573e-02	-5.703232e-04	-1.039033e-01	-9.993106e-04	-6.901310e-02	-2.357552e-04	-6.981929e-02	1.162630e-02	-6.740001e-02	-4.163336e-02	-3.509814e-03	-1.115632e-03	-5.108990e-04	3.218591e-03	3.601787e-02	2.229045e-02	-3.131365e-04	-7.722233e-06	-1.912582e-04	-4.257720e-02	2.265186e-03	-1.184474e-02	-2.175809e-04	2.674875e-03	-1.043466e-04	-6.973639e-05	-8.681966e-12	-1.211610e-04	-1.224279e-04	
-5.883825e-04	-6.253552e-02	-5.703268e-04	-9.885369e-02	-9.993106e-04	-6.847508e-02	-2.239597e-04	-6.987081e-02	1.186808e-02	-7.784019e-02	-6.167596e-02	-2.668312e-03	-1.006594e-03	-5.803955e-04	2.314009e-04	-1.043579e-02	-2.007329e-02	8.427886e-04	1.093505e-04	-7.041210e-05	-5.224174e-02	-3.891500e-03	1.486178e-02	3.458738e-02	-1.330604e-02	-1.043466e-04	-6.973639e-05	-8.681966e-12	-1.211610e-04	-1.224279e-04	
-5.458759e-04	-6.239748e-02	-5.703273e-04	-9.524402e-02	-9.993106e-04	-6.797258e-02	-2.221136e-04	-7.012301e-02	1.283615e-02	-4.106331e-02	-5.100974e-02	-3.716799e-03	-1.147870e-03	-4.439252e-04	9.576929e-04	3.678127e-02	1.063554e-02	-1.047202e-03	-1.409632e-04	1.355547e-04	-1.729448e-02	5.013413e-03	-1.857640e-02	-9.188891e-03	3.052890e-03	-1.043466e-04	-6.973639e-05	-8.681966e-12	-1.211610e-04	-1.224279e-04	
-5.180822e-04	-6.260194e-02	-5.703273e-04	-9.274787e-02	-9.993106e-04	-6.750441e-02	-2.257429e-04	-7.048751e-02	1.029014e-02	-7.685805e-02	-1.019604e-01	-3.214914e-03	-1.337021e-03	-4.671334e-04	-2.556396e-03	-3.579035e-02	-5.098141e-02	5.031703e-04	-1.888377e-04	-2.412379e-05	-9.781350e-03	-1.535006e-03	-4.800896e-03	3.575103e-02	2.894445e-03	-1.043466e-04	-6.973639e-05	-8.681966e-12	-1.211610e-04	-1.224279e-04	
-5.054208e-04	-6.300107e-02	-5.703273e-04	-9.100690e-02	-9.993106e-04	-6.706291e-02	-2.317975e-04	-7.093087e-02	1.432002e-02	-7.005998e-02	-8.096704e-02	-3.497119e-03	-1.350226e-03	-3.702420e-04	4.019498e-03	6.802433e-03	2.096271e-02	-2.809185e-04	-1.289269e-05	9.597586e-05	-8.036287e-02	1.321084e-02	-3.100844e-02	-2.434768e-02	1.893376e-03	-1.043466e-04	-6.973639e-05	-8.681966e-12	-1.211610e-04	-1.224279e-04	
-5.031052e-04	-6.350990e-02	-5.703273e-04	-8.973820e-02	-9.993106e-04	-6.664025e-02	-2.383913e-04	-7.143046e-02	1.439219e-02	-7.910418e-02	-7.940610e-02	-3.314469e-03	-1.511782e-03	-1.740860e-04	6.178737e-05	-9.039777e-03	1.530234e-03	1.839349e-04	-1.612435e-04	1.952404e-04	-1.005560e-01	1.215138e-02	-1.684890e-02	1.863908e-02	-6.954688e-03	-1.043466e-04	-6.973639e-05	-8.681966e-12	-1.211610e-04	-1.224279e-04	
-5.064825e-04	-6.409582e-02	-5.703273e-04	-8.875158e-02	-9.993106e-04	-6.623665e-02	-2.444031e-04	-7.197117e-02	1.525485e-02	-9.751486e-02	-8.206385e-02	-3.509413e-03	-1.379947e-03	-2.420254e-04	8.522841e-04	-1.840632e-02	-2.688453e-03	-1.936581e-04	1.321474e-04	-6.885497e-05	-8.208302e-02	1.564768e-02	-2.442453e-02	-1.450138e-02	8.242190e-04	-1.043466e-04	-6.973639e-05	-8.681966e-12	-1.211610e-04	-1.224279e-04	
-5.123980e-04	-6.473469e-02	-5.703273e-04	-8.793169e-02	-9.993106e-04	-6.585222e-02	-2.492700e-04	-7.253654e-02	1.366418e-02	-4.763554e-02	-6.057931e-02	-3.731642e-03	-1.402808e-03	-3.792147e-04	-1.601046e-03	4.988373e-02	2.145386e-02	-2.209443e-04	-2.254767e-05	-1.381049e-04	-3.753150e-02	1.086912e-02	-2.199652e-02	-1.434789e-02	-2.164393e-03	-1.043466e-04	-6.973639e-05	-8.681966e-12	-1.211610e-04	-1.224279e-04	
-5.189033e-04	-6.541116e-02	-5.703273e-04	-8.720878e-02	-9.993106e-04	-6.548704e-02	-2.528509e-04	-7.314311e-02	1.058899e-02	-1.038962e-01	-8.820089e-02	-3.042629e-03	-1.421642e-03	-4.064380e-04	-3.085576e-03	-5.625625e-02	-2.765228e-02	6.902995e-04	-1.852135e-05	-2.813889e-05	-1.064911e-02	-5.337550e-03	-1.030398e-02	-1.523925e-02	1.081559e-02	-1.043466e-04	-6.973639e-05	-8.681966e-12	-1.211610e-04	-1.224279e-04	
-5.248476e-04	-6.609858e-02	-5.703273e-04	-8.653364e-02	-9.993106e-04	-6.514109e-02	-2.552779e-04	-7.381616e-02	1.487313e-02	-3.408912e-02	-5.129173e-02	-3.500333e-03	-1.439475e-03	-3.557054e-04	4.273761e-03	6.981145e-02	3.687847e-02	-4.564186e-04	-1.752052e-05	4.981701e-05	5.304618e-03	-4.271118e-03	-9.166811e-03	-1.725609e-02	4.840932e-03	-1.043466e-04	-6.973639e-05	-8.681966e-12	-1.211610e-04	-1.224279e-04	
-5.296577e-04	-6.678578e-02	-5.703273e-04	-8.589230e-02	-9.993106e-04	-6.481424e-02	-2.568074e-04	-7.454887e-02	1.399578e-02	-1.478935e-01	-7.618124e-02	-3.549633e-03	-1.576567e-03	-2.567586e-04	-8.877311e-04	-1.138000e-01	-2.492021e-02	-4.801484e-05	-1.367794e-04	9.803118e-05	2.692754e-02	-1.688815e-02	-4.246317e-04	4.903513e-03	1.099923e-02	-1.043466e-04	-6.973639e-05	-8.681966e-12	-1.211610e-04	-1.224279e-04	
-5.331918e-04	-6.746739e-02	-5.703273e-04	-8.532673e-02	-9.993106e-04	-6.450629e-02	-2.577113e-04	-7.531722e-02	1.268935e-02	-8.506835e-02	-5.912620e-02	-4.063643e-03	-1.761539e-03	-5.052699e-04	-1.316807e-03	6.282950e-02	1.702433e-02	-5.127246e-04	-1.846599e-04	-2.494269e-04	-1.056441e-03	-1.442428e-02	1.215940e-03	2.442643e-03	8.832871e-03	-1.043466e-04	-6.973639e-05	-8.681966e-12	-1.211610e-04	-1.224279e-04	
-5.355827e-04	-6.813161e-02	-5.703273e-04	-8.484149e-02	-9.993106e-04	-6.421697e-02	-2.582160e-04	-7.610638e-02	1.462207e-02	-1.184679e-01	-9.706188e-02	-3.228012e-03	-1.892986e-03	-5.787198e-04	1.922336e-03	-3.339515e-02	-3.796637e-02	8.369169e-04	-1.311337e-04	-7.436549e-05	-9.451378e-03	-1.769572e-02	5.803866e-03	7.688966e-03	-3.433879e-03	-1.043466e-04	-6.973639e-05	-8.681966e-12	-1.211610e-04	-1.224279e-04	
-5.370873e-04	-6.878898e-02	-5.703273e-04	-8.442308e-02	-9.993106e-04	-6.394555e-02	-2.584834e-04	-7.691832e-02	2.512256e-02	-8.575577e-02	-9.170305e-02	-4.076159e-03	-1.736526e-03	-5.214814e-04	1.049011e-02	3.271652e-02	5.328156e-03	-8.468617e-04	1.567726e-04	5.632274e-05	-2.852701e-02	-5.331525e-03	-1.706245e-02	-1.331864e-02	1.557188e-02	-1.043466e-04	-6.973639e-05	-8.681966e-12	-1.211610e-04	-1.224279e-04	
-5.379754e-04	-6.945954e-02	-5.703273e-04	-8.404952e-02	-9.993106e-04	-6.368209e-02	-2.586179e-04	-7.777078e-02	2.449155e-02	-1.139107e-01	-6.566942e-02	-3.921218e-03	-1.544576e-03	-2.803979e-04	-6.413930e-04	-2.815061e-02	2.600291e-02	1.562271e-04	1.922620e-04	2.401680e-04	-5.156264e-02	4.351596e-03	-8.604990e-03	2.399065e-03	-1.681159e-02	-1.043466e-04	-6.973639e-05	-8.681966e-12	-1.211610e-04	-1.224279e-04	
-5.384704e-04	-7.015193e-02	-5.703273e-04	-8.370996e-02	-9.993106e-04	-5.174809e-02	-2.586832e-04	-7.866196e-02	1.729063e-02	-1.146511e-01	-6.846830e-02	-4.004721e-03	-1.282252e-03	3.191357e-05	-7.211301e-03	-7.359329e-04	-2.829554e-03	-8.221668e-05	2.626370e-04	3.113958e-04	-8.133937e-02	9.126258e-03	-1.171262e-02	4.767775e-03	2.549922e-03	-1.043466e-04	-6.973639e-05	-8.681966e-12	-1.211610e-04	-1.224279e-04	
-5.387321e-04	-7.087459e-02	-5.703273e-04	-8.340254e-02	-9.993106e-04	6.700913e-02	-2.587137e-04	-7.957438e-02	2.374218e-02	-5.520365e-02	-5.754475e-02	-3.932958e-03	-1.193523e-03	1.894352e-05	6.441175e-03	5.945183e-02	1.089284e-02	7.304743e-05	8.904202e-05	-1.388564e-05	-4.994096e-02	-1.948202e-03	-6.966657e-03	-1.370449e-02	-1.429453e-02	-1.043466e-04	-6.973639e-05	-8.681966e-12	-1.211610e-04	-1.224279e-04	
-5.388634e-04	-7.116241e-02	-5.703273e-04	-8.312827e-02	-9.993106e-04	2.406360e-01	-2.587274e-04	-8.049799e-02	1.805381e-02	-1.306372e-01	-6.590274e-02	-4.224901e-03	-1.532413e-03	-2.628846e-04	-5.698754e-03	-7.542916e-02	-8.388684e-03	-2.906568e-04	-3.385775e-04	-2.827437e-04	9.648923e-03	-2.068293e-03	2.340448e-03	3.460392e-02	-2.227808e-02	-1.043466e-04	-6.973639e-05	-8.681966e-12	-1.211610e-04	-1.224279e-04	
-5.389272e-04	-2.796015e-02	-5.703273e-04	-8.288816e-02	-9.993106e-04	2.822130e-01	-2.587333e-04	-8.143485e-02	1.590705e-02	-5.817498e-02	-5.331301e-02	-3.102188e-03	-1.147158e-03	1.506100e-04	-2.157141e-03	7.246662e-02	1.255904e-02	1.123999e-03	3.855674e-04	4.125790e-04	4.532452e-02	-1.352226e-02	-1.552743e-02	-2.170146e-02	1.396983e-02	-1.043466e-04	-6.973639e-05	-8.681966e-12	-1.211610e-04	-1.224279e-04	
-5.389569e-04	1.393232e-01	-5.703273e-04	-8.267730e-02	-9.993106e-04	2.015928e-01	-2.587353e-04	-8.240379e-02	1.420203e-02	-6.913930e-02	-6.993607e-03	-5.059031e-04	-1.150186e-03	7.299904e-04	-1.715399e-03	-1.095996e-02	4.628870e-02	2.597571e-03	-2.715944e-06	5.784648e-04	8.202480e-02	-1.162953e-02	3.934497e-03	2.615451e-02	3.268120e-02	-1.043466e-04	-6.973639e-05	-8.681966e-12	-1.211610e-04	-1.224279e-04	
-5.389702e-04	2.676530e-01	-5.703273e-04	-8.248172e-02	-9.993106e-04	9.317483e-02	-2.587353e-04	-8.238374e-02	2.312557e-02	-8.321808e-02	-3.396088e-03	-1.294134e-03	-4.369666e-04	8.273714e-04	8.913153e-03	-1.407437e-02	3.566802e-03	-7.869455e-04	7.135326e-04	9.646534e-05	-2.181700e-02	-5.779201e-03	5.230402e-03	2.752172e-02	-1.839422e-02	-1.043466e-04	-6.973639e-05	-8.681966e-12	-1.211610e-04	-1.224279e-04	
-5.389760e-04	2.442961e-01	-5.703273e-04	-8.230964e-02	-9.993106e-04	8.329052e-03	-2.587353e-04	-2.819129e-02	2.243873e-02	-5.316556e-02	8.324760e-03	-1.931858e-03	-4.697518e-04	6.918282e-04	-6.972229e-04	3.005693e-02	1.169016e-02	-6.364388e-04	-3.247268e-05	-1.364588e-04	-4.754632e-02	-4.393550e-03	-1.129463e-02	-3.588118e-02	-3.455050e-02	-1.043466e-04	-6.973639e-05	-8.681966e-12	-1.211610e-04	-1.224279e-04	
-5.389779e-04	1.405292e-01	-5.703273e-04	-8.219179e-02	-9.993106e-04	-4.558346e-02	-2.587353e-04	1.454857e-01	1.911793e-02	-5.829596e-03	1.248819e-02	-2.169538e-04	-5.036612e-04	4.241501e-04	-3.331171e-03	4.734034e-02	4.132751e-03	1.716190e-03	-3.359690e-05	-2.685937e-04	1.751268e-02	2.245845e-03	-7.222036e-03	1.344066e-02	4.380901e-02	-1.043466e-04	-6.973639e-05	-8.681966e-12	-1.211610e-04	-1.224279e-04	
-5.389779e-04	3.876320e-02	-5.703273e-04	-8.214944e-02	-9.993106e-04	-7.585514e-02	-2.587353e-04	2.593481e-01	1.953756e-02	1.316548e-02	3.346741e-02	-4.469040e-04	-4.558961e-04	5.069880e-04	4.092391e-04	1.899946e-02	2.094851e-02	-2.286643e-04	4.807757e-05	8.192228e-05	-7.230461e-02	4.130715e-03	-6.067387e-03	-2.213551e-02	-2.335552e-02	-1.043466e-04	-6.973639e-05	-8.681966e-12	-1.211610e-04	-1.224279e-04	
-5.389779e-04	7.487652e-03	-5.703273e-04	-8.216780e-02	-9.993106e-04	-8.991196e-02	-2.587353e-04	2.230232e-01	2.387085e-02	-5.606566e-02	1.775436e-02	-2.216969e-03	-8.962617e-04	5.260681e-04	4.322911e-03	-6.922676e-02	-1.574375e-02	-1.768779e-03	-4.400527e-04	1.816448e-05	7.118783e-02	-4.734711e-03	-1.754690e-02	-2.927853e-02	3.383071e-02	-1.043466e-04	-6.973639e-05	-8.681966e-12	-1.211610e-04	-1.224279e-04	
-5.389779e-04	1.293660e-01	-5.703273e-04	-8.222345e-02	-9.993106e-04	-9.316318e-02	-2.587353e-04	1.162650e-01	5.483401e-03	2.371220e-02	2.456390e-02	-1.952904e-04	-7.018761e-04	3.698629e-04	-1.839782e-02	7.978226e-02	6.778858e-03	2.022963e-03	1.946982e-04	-1.571207e-04	8.835500e-02	-1.005148e-02	8.511681e-03	4.304002e-03	1.371121e-02	-1.043466e-04	-6.973639e-05	-8.681966e-12	-1.211610e-04	-1.224279e-04	
-5.389779e-04	2.396481e-01	-5.703273e-04	-8.230425e-02	-9.993106e-04	-8.993280e-02	-2.587353e-04	1.647526e-02	1.315319e-02	2.194052e-02	3.178842e-02	-3.906773e-04	-7.213188e-04	6.858310e-04	7.659404e-03	-1.767306e-03	7.193793e-03	-1.941012e-04	-1.913040e-05	3.150525e-04	-8.842277e-02	1.332873e-03	6.321652e-04	-1.083084e-02	-2.603444e-02	-1.043466e-04	-6.973639e-05	-8.681966e-12	-1.211610e-04	-1.224279e-04	
-5.389779e-04	2.118727e-01	-5.703273e-04	-8.240701e-02	-9.993106e-04	-8.377165e-02	-2.587353e-04	-1.847144e-02	1.271501e-02	-5.876997e-02	1.198687e-02	-2.293256e-03	-7.759315e-04	2.947660e-05	-4.485564e-04	-8.070608e-02	-1.983223e-02	-1.901294e-03	-5.429978e-05	-6.572700e-04	1.042470e-01	-4.750264e-03	-3.010746e-03	-4.779974e-03	2.253461e-02	-1.043466e-04	-6.973639e-05	-8.681966e-12	-1.211610e-04	-1.224279e-04	
-5.389779e-04	1.091777e-01	-5.703273e-04	-8.252735e-02	-9.993106e-04	-7.721028e-02	-2.587353e-04	9.925627e-02	1.025325e-02	3.918055e-02	3.464589e-02	-1.836919e-03	-3.399916e-04	4.430114e-04	-2.472146e-03	9.795493e-02	2.262833e-02	4.576230e-04	4.362526e-04	4.126192e-04	5.121946e-02	-2.148021e-03	3.352689e-03	-3.964116e-03	-7.714106e-03	-1.043466e-04	-6.973639e-05	-8.681966e-12	-1.211610e-04	-1.224279e-04	
-5.389779e-04	1.191736e-02	-5.703273e-04	-8.265030e-02	-9.993106e-04	-7.164242e-02	-2.587353e-04	2.192575e-01	6.215239e-03	-1.883873e-02	1.867459e-02	-6.052251e-05	-1.788604e-04	5.247802e-04	-4.048386e-03	-5.801491e-02	-1.600200e-02	1.777682e-03	1.614438e-04	8.085321e-05	4.565618e-02	8.384683e-05	-3.673840e-03	5.944110e-03	2.900782e-03	-1.043466e-04	-6.973639e-05	-8.681966e-12	-1.211610e-04	-1.224279e-04	
-5.389779e-04	-3.093125e-03	-5.703273e-04	-8.277929e-02	-9.993106e-04	-6.753381e-02	-2.587353e-04	2.012769e-01	8.416196e-03	-2.039619e-02	1.738616e-02	-1.828236e-03	3.127873e-05	1.754080e-04	2.190576e-03	-1.553073e-03	-1.319133e-03	-1.766427e-03	2.104514e-04	-3.502878e-04	-4.690292e-03	1.805185e-03	-2.301525e-02	-3.924251e-02	1.977543e-02	-1.043466e-04	-6.973639e-05	-8.681966e-12	-1.211610e-04	-1.224279e-04	
-5.389779e-04	1.315463e-01	-5.703273e-04	-8.293293e-02	-9.993106e-04	-6.478646e-02	-2.587353e-04	1.012357e-01	7.613785e-03	-7.092576e-02	2.146411e-02	-1.048793e-03	2.143047e-04	5.079475e-04	-8.127922e-04	-5.052518e-02	4.047245e-03	7.807288e-04	1.833386e-04	3.316239e-04	-1.586128e-02	3.389797e-03	6.448253e-03	3.486453e-02	3.452062e-02	-1.043466e-04	-6.973639e-05	-8.681966e-12	-1.211610e-04	-1.224279e-04	
-5.389779e-04	2.323127e-01	-5.703273e-04	-7.145495e-02	-9.993106e-04	-6.306306e-02	-2.587353e-04	1.531566e-03	9.132470e-03	-3.692422e-02	1.221608e-02	-1.523797e-03	1.693703e-04	1.548905e-04	1.508305e-03	3.400595e-02	-9.278715e-03	-4.737190e-04	-4.462175e-05	-3.539726e-04	-4.244113e-02	-1.185535e-03	-5.088104e-03	-2.487759e-02	-3.650204e-02	-1.043466e-04	-6.973639e-05	-8.681966e-12	-1.211610e-04	-1.224279e-04	
-5.389779e-04	1.945890e-01	-5.703273e-04	4.682122e-02	-9.993106e-04	-6.202370e-02	-2.587353e-04	-6.738520e-02	8.994877e-03	-1.255369e-02	3.104219e-02	-7.047978e-04	6.797412e-04	-3.374405e-04	-1.479733e-04	2.437490e-02	1.879542e-02	8.202851e-04	5.106834e-04	-4.932466e-04	-6.980532e-04	-4.512066e-03	-6.837194e-03	-4.545748e-03	3.849299e-02	-1.043466e-04	-6.973639e-05	-8.681966e-12	-1.211610e-04	-1.224279e-04	
-5.389779e-04	9.090230e-02	-5.703273e-04	2.199566e-01	-9.993106e-04	-6.141407e-02	-2.587353e-04	-1.077380e-01	2.033220e-03	2.268175e-02	5.058846e-02	3.555798e-04	9.106678e-04	-1.249067e-04	-6.972038e-03	3.523983e-02	1.951558e-02	1.061663e-03	2.312393e-04	2.116182e-04	-2.738929e-04	-1.372875e-03	8.405895e-03	-2.578699e-03	-1.961169e-03	-1.043466e-04	-6.973639e-05	-8.681966e-12	-1.211610e-04	-1.224279e-04	
-5.389779e-04	-3.531785e-03	-5.703273e-04	2.610291e-01	-9.993106e-04	-6.105800e-02	-2.587353e-04	-1.168192e-01	4.245256e-03	-1.280427e-02	6.159438e-02	-6.100754e-04	8.705031e-04	-3.041605e-04	2.201655e-03	-3.548164e-02	1.097521e-02	-9.643693e-04	-3.985182e-05	-1.801694e-04	-2.556076e-02	-1.361713e-03	-5.017831e-03	-2.988733e-02	-3.443512e-03	-1.043466e-04	-6.973639e-05	-8.681966e-12	-1.211610e-04	-1.224279e-04	
-5.389779e-04	-6.596970e-02	-5.703273e-04	1.798908e-01	-9.993106e-04	-6.084003e-02	-2.587353e-04	-6.279352e-03	-1.061371e-02	-1.272519e-02	4.903822e-02	-6.994389e-05	8.283084e-04	-5.680515e-04	-1.486935e-02	8.347648e-05	-1.258688e-02	5.414173e-04	-4.188226e-05	-2.648066e-04	-6.545936e-02	-7.838721e-03	1.578396e-02	4.953840e-03	3.226304e-02	-1.043466e-04	-6.973639e-05	-8.681966e-12	-1.211610e-04	-1.224279e-04	
-5.389779e-04	-1.011835e-01	-5.703273e-04	7.095093e-02	-9.993106e-04	-6.069030e-02	-2.587353e-04	1.672219e-01	-5.478546e-04	1.955896e-02	7.205851e-02	-9.685388e-04	8.071972e-04	-1.548114e-04	1.005548e-02	3.228856e-02	2.298960e-02	-8.973099e-04	-2.079839e-05	4.123245e-04	-3.716440e-03	-9.674280e-03	1.596133e-02	-3.832359e-03	-2.845375e-02	-1.043466e-04	-6.973639e-05	-8.681966e-12	-1.211610e-04	-1.224279e-04	
-5.389779e-04	-1.181552e-01	-5.703273e-04	-1.440024e-02	-9.993106e-04	-6.057234e-02	-2.587353e-04	2.130252e-01	-9.053063e-03	-6.806204e-02	4.489646e-02	-9.307851e-04	7.446349e-04	-1.961980e-04	-8.515589e-03	-8.761661e-02	-2.719273e-02	3.903978e-05	-6.224982e-05	-4.230214e-05	-3.924996e-03	2.711508e-04	1.251492e-02	1.493165e-02	8.699656e-03	-1.043466e-04	-6.973639e-05	-8.681966e-12	-1.211610e-04	-1.224279e-04	
-5.389779e-04	-1.233423e-01	-5.703273e-04	-6.879136e-02	-9.993106e-04	-5.945194e-02	-2.587353e-04	1.380609e-01	-9.326869e-06	-4.754404e-02	7.532977e-02	-1.913050e-03	2.024710e-04	-4.861755e-04	9.033356e-03	2.052238e-02	3.040258e-02	-9.809801e-04	-5.418512e-04	-2.908931e-04	1.535431e-02	6.502016e-03	1.183157e-02	-1.917588e-03	-1.976268e-02	-1.043466e-04	-6.973639e-05	-8.681966e-12	-1.211610e-04	-1.224279e-04	
-5.389779e-04	-1.212511e-01	-5.703273e-04	-9.951691e-02	-9.993106e-04	-4.165266e-03	-2.587353e-04	3.482145e-02	3.698329e-03	-5.287557e-02	5.109480e-02	-1.599993e-03	2.916044e-04	-8.802878e-05	3.697275e-03	-5.327139e-03	-2.426565e-02	3.143440e-04	8.944620e-05	3.972311e-04	-6.236236e-02	-1.125257e-03	3.932355e-03	6.124503e-03	-1.675418e-02	-1.043466e-04	-6.973639e-05	-8.681966e-12	-1.211610e-04	-1.224279e-04	
-5.389779e-04	-1.154743e-01	-5.703273e-04	-1.140093e-01	-9.993106e-04	1.706086e-01	-2.587353e-04	-4.622255e-02	-6.324819e-03	-9.143215e-02	6.184755e-02	-7.356177e-04	7.163647e-05	-2.264660e-04	-1.003353e-02	-3.855218e-02	1.072206e-02	8.656596e-04	-2.196556e-04	-1.393528e-04	-1.831080e-02	3.265559e-03	1.232353e-02	1.334895e-02	2.225891e-02	-1.043466e-04	-6.973639e-05	-8.681966e-12	-1.211610e-04	-1.224279e-04	
-5.389779e-04	-1.087783e-01	-5.703273e-04	-1.135128e-01	-9.993106e-04	2.855731e-01	-2.587353e-04	-9.785389e-02	-5.614835e-03	-3.335459e-02	4.590572e-02	-1.500444e-03	3.262595e-04	-8.379302e-05	6.996020e-04	5.808195e-02	-1.597254e-02	-7.635399e-04	2.549358e-04	1.417574e-04	7.867446e-04	-5.030508e-03	2.264833e-02	5.245339e-03	-2.094907e-02	-1.043466e-04	-6.973639e-05	-8.681966e-12	-1.211610e-04	-1.224279e-04	
-5.389779e-04	-1.028706e-01	-5.703273e-04	-2.508910e-02	-9.993106e-04	2.503760e-01	-2.587353e-04	-1.271215e-01	8.193100e-04	-8.954410e-02	4.967066e-02	-1.291380e-04	4.825462e-04	-5.204020e-04	6.423764e-03	-5.618512e-02	3.734242e-03	1.372591e-03	1.565991e-04	-4.375246e-04	2.738887e-02	-1.309978e-02	2.285721e-02	3.693559e-02	-1.570614e-03	-1.043466e-04	-6.973639e-05	-8.681966e-12	-1.211610e-04	-1.224279e-04	
-5.389779e-04	-9.847082e-02	-5.703273e-04	1.614783e-01	-9.993106e-04	1.464064e-01	-2.587353e-04	-1.410994e-01	-5.310087e-03	-3.226992e-02	3.161258e-02	-4.510181e-04	4.601009e-04	-6.314219e-05	-6.139776e-03	5.727855e-02	-1.808877e-02	-3.205937e-04	-2.213237e-05	4.563442e-04	-1.211169e-02	3.629169e-03	1.124195e-03	-1.015893e-02	-1.959142e-02	-1.043466e-04	-6.973639e-05	-8.681966e-12	-1.211610e-04	-1.224279e-04	
-5.389779e-04	-9.561994e-02	-5.703273e-04	2.464473e-01	-9.993106e-04	1.110629e-01	-2.587353e-04	-1.448911e-01	5.852384e-04	1.702240e-02	4.790596e-02	-4.906273e-04	4.220280e-04	4.801493e-05	5.884945e-03	4.929672e-02	1.626270e-02	-3.832374e-05	-3.776032e-05	1.102415e-04	-5.860654e-02	1.039623e-02	-1.734785e-02	-1.594835e-02	2.220846e-02	-1.043466e-04	-6.973639e-05	-8.681966e-12	-1.211610e-04	-1.224279e-04	
-5.389779e-04	-9.401885e-02	-5.703273e-04	1.906835e-01	-9.993106e-04	2.211234e-01	-2.587353e-04	-1.425682e-01	-4.477200e-03	-2.834214e-02	3.874456e-02	3.137600e-04	1.960857e-04	1.559785e-04	-5.072819e-03	-4.536014e-02	-9.192110e-03	8.056731e-04	-2.256298e-04	1.070480e-04	-2.256279e-02	1.002036e-02	4.053605e-03	3.000969e-02	1.136965e-02	-1.043466e-04	-6.973639e-05	-8.681966e-12	-1.211610e-04	-1.224279e-04	
-5.389779e-04	-9.326886e-02	-5.703273e-04	8.900020e-02	-9.993106e-04	2.858224e-01	-2.587353e-04	-1.375129e-01	-3.387503e-03	7.135840e-03	4.844862e-02	-9.381070e-04	5.610011e-04	3.801285e-04	1.079315e-03	3.548235e-02	9.673359e-03	-1.250582e-03	3.652278e-04	2.232344e-04	1.505422e-03	2.225139e-02	-1.334122e-02	-3.404371e-02	-1.580552e-02	-1.043466e-04	-6.973639e-05	-8.681966e-12	-1.211610e-04	-1.224279e-04	
-5.389779e-04	-9.304991e-02	-5.703273e-04	8.010075e-02	-9.993106e-04	2.218440e-01	-2.587353e-04	-1.321550e-01	-3.019078e-03	-1.055865e-02	1.950720e-02	1.508447e-04	4.452299e-04	6.810070e-05	3.580447e-04	-1.769007e-02	-2.897211e-02	1.090237e-03	-1.154583e-04	-3.129434e-04	-1.543590e-02	-9.668042e-04	3.290075e-03	4.565674e-04	4.920365e-02	-1.043466e-04	-6.973639e-05	-8.681966e-12	-1.211610e-04	-1.224279e-04	
-5.389779e-04	-9.314278e-02	-5.703273e-04	2.013952e-01	-9.993106e-04	1.071975e-01	-2.587353e-04	-1.278192e-01	-2.806642e-03	2.996328e-02	3.640603e-02	2.301211e-04	7.096439e-04	9.075855e-05	2.020556e-04	4.052631e-02	1.686811e-02	8.056203e-05	2.647267e-04	2.174226e-05	-6.397123e-02	-3.614555e-03	1.479868e-02	-1.100370e-02	-1.707280e-02	-1.043466e-04	-6.973639e-05	-8.681966e-12	-1.211610e-04	-1.224279e-04	
-5.389779e-04	-9.340625e-02	-5.703273e-04	2.509449e-01	-9.993106e-04	1.093214e-02	-2.587353e-04	-1.233188e-01	-3.526944e-03	-1.913295e-02	7.257239e-03	-2.726654e-04	3.463518e-04	2.932794e-04	-7.306839e-04	-4.909184e-02	-2.917948e-02	-5.015012e-04	-3.629799e-04	2.016052e-04	-4.436161e-03	-3.607794e-03	2.018600e-03	-2.086828e-02	5.743517e-03	-1.043466e-04	-6.973639e-05	-8.681966e-12	-1.211610e-04	-1.224279e-04	
-5.389779e-04	-9.376630e-02	-5.703273e-04	1.760808e-01	-9.993106e-04	-4.960415e-02	-2.587353e-04	-5.840536e-02	-4.523235e-03	2.099638e-02	2.124777e-02	-9.182046e-04	4.139830e-04	1.755855e-05	-1.006670e-03	4.013371e-02	1.395986e-02	-6.442536e-04	6.794405e-05	-2.766364e-04	-3.046514e-02	-6.506380e-03	1.775002e-02	-1.079225e-04	7.472782e-03	-1.043466e-04	-6.973639e-05	-8.681966e-12	-1.211610e-04	-1.224279e-04	
-5.389779e-04	-9.418211e-02	-5.703273e-04	6.187443e-02	-9.993106e-04	-8.166055e-02	-2.587353e-04	1.199102e-01	-9.037182e-03	3.067978e-02	-1.395258e-02	-1.172976e-03	6.609001e-04	2.313665e-04	-4.524327e-03	9.687810e-03	-3.523105e-02	-2.534853e-04	2.472297e-04	2.128924e-04	-4.896203e-02	-6.808007e-03	7.441477e-03	2.247864e-03	-1.578453e-02	-1.043466e-04	-6.973639e-05	-8.681966e-12	-1.211610e-04	-1.224279e-04	
-5.389779e-04	-7.968751e-02	-5.703273e-04	-2.957960e-02	-9.993106e-04	-9.522627e-02	-2.587353e-04	2.246131e-01	-9.046565e-03	-4.691060e-02	-1.275658e-02	-1.222769e-03	4.819815e-04	-9.669642e-05	-1.976645e-05	-7.758599e-02	1.165306e-03	-4.850810e-05	-1.786057e-04	-3.289786e-04	-3.176999e-02	3.376187e-03	1.834141e-03	1.355756e-02	2.091470e-02	-1.043466e-04	-6.973639e-05	-8.681966e-12	-1.211610e-04	-1.224279e-04	
-5.389779e-04	4.750887e-02	-5.703273e-04	-8.594752e-02	-9.993106e-04	-9.730884e-02	-2.587353e-04	1.807816e-01	2.941174e-03	1.255045e-02	3.287549e-02	-1.709746e-03	4.540783e-04	8.186702e-05	1.197736e-02	5.946542e-02	4.560135e-02	-4.856913e-04	-2.759092e-05	1.776479e-04	9.345770e-03	1.137399e-02	2.643987e-03	-1.993600e-02	-3.541028e-02	-1.043466e-04	-6.973639e-05	-8.681966e-12	-1.211610e-04	-1.224279e-04	
-5.389779e-04	2.160060e-01	-5.703273e-04	-1.113796e-01	-9.993106e-04	-9.271334e-02	-2.587353e-04	7.287787e-02	7.563559e-03	-5.846225e-02	1.147753e-02	-1.425114e-03	5.734989e-04	3.390916e-04	4.612003e-03	-7.100832e-02	-2.142867e-02	2.859179e-04	1.197332e-04	2.563090e-04	-9.555516e-03	5.559343e-03	8.901590e-03	3.861704e-03	-1.863394e-02	-1.043466e-04	-6.973639e-05	-8.681966e-12	-1.211610e-04	-1.224279e-04	
-5.389779e-04	2.464421e-01	-5.703273e-04	-3.812953e-02	-9.993106e-04	-8.507978e-02	-2.587353e-04	-2.519601e-02	3.953361e-02	-5.959157e-02	2.469192e-01	-5.437629e-04	-3.194556e-05	2.654603e-04	3.195967e-02	-1.124895e-03	2.354110e-01	8.826373e-04	-6.051317e-04	-7.454692e-05	2.019797e-01	8.778614e-03	-8.298460e-03	1.637092e-02	-3.619730e-02	-1.043466e-04	-6.973639e-05	-8.681966e-12	-1.211610e-04	-1.224279e-04	
-5.389779e-04	1.606454e-01	-5.703273e-04	1.410496e-01	-9.993106e-04	-7.703787e-02	-2.587353e-04	-9.209234e-02	3.541030e-02	-1.909903e-01	1.786998e-01	1.229606e-03	2.431154e-04	-4.399737e-04	-4.133689e-03	-1.313944e-01	-6.825013e-02	1.774653e-03	2.753735e-04	-7.063495e-04	2.044196e-01	1.335966e-03	-6.757338e-03	5.167238e-02	6.409263e-03	-1.043466e-04	-6.973639e-05	-8.681966e-12	-1.211610e-04	-1.224279e-04	
-5.389779e-04	5.235915e-02	-5.703273e-04	2.244016e-01	-9.993106e-04	-5.987075e-02	-2.587353e-04	-1.319902e-01	1.382557e-02	-1.455600e-01	1.076897e-01	4.909460e-04	-6.165153e-04	-2.569431e-04	-2.159511e-02	4.543464e-02	-7.104072e-02	-7.373741e-04	-8.593177e-04	1.821150e-04	8.734423e-02	-1.160113e-03	1.323021e-02	2.312687e-02	-6.355369e-03	-1.043466e-04	-6.973639e-05	-8.681966e-12	-1.211610e-04	-1.224279e-04	
-5.389779e-04	-3.078447e-02	-5.703273e-04	1.707048e-01	-9.993106e-04	5.921591e-02	-2.587353e-04	-1.529665e-01	1.400364e-02	3.330658e-02	2.585748e-02	9.348734e-04	-5.003510e-04	-3.053805e-04	1.676976e-04	1.788710e-01	-8.186297e-02	4.452131e-04	1.164769e-04	-4.935303e-05	1.533027e-01	-1.277151e-02	-2.205318e-02	-3.371976e-02	-1.838581e-02	-1.043466e-04	-6.973639e-05	-8.681966e-12	-1.211610e-04	-1.224279e-04	
-5.389779e-04	-8.323543e-02	-5.703273e-04	6.925519e-02	-9.993106e-04	2.380965e-01	-2.587353e-04	-1.605402e-01	-5.021922e-03	4.604251e-02	3.028099e-02	1.151359e-03	-6.533915e-05	1.182480e-04	-1.903595e-02	1.274032e-02	4.392827e-03	2.177710e-04	4.353243e-04	4.227128e-04	-5.327800e-02	9.594205e-03	-1.252722e-02	-2.397910e-02	2.642841e-02	-1.043466e-04	-6.973639e-05	-8.681966e-12	-1.211610e-04	-1.224279e-04	
-5.389779e-04	-1.125650e-01	-5.703273e-04	-1.672599e-02	-9.993106e-04	2.871265e-01	-2.587353e-04	-1.130024e-01	-3.939139e-04	5.976060e-02	3.093546e-02	5.280583e-04	-1.006689e-04	4.640728e-06	4.617626e-03	1.372248e-02	6.237533e-04	-6.220147e-04	-3.501723e-05	-1.145228e-04	-8.422066e-02	-8.137336e-04	-9.846251e-03	-4.056112e-02	-4.061686e-04	-1.043466e-04	-6.973639e-05	-8.681966e-12	-1.211610e-04	-1.224279e-04	
-5.389779e-04	-1.260809e-01	-5.703273e-04	-7.291349e-02	-9.993106e-04	2.102773e-01	-2.587353e-04	6.176739e-02	-2.948210e-03	4.802876e-02	1.250580e-02	1.211890e-03	-1.400475e-04	-2.667356e-04	-2.564678e-03	-1.172744e-02	-1.846033e-02	6.851176e-04	-3.906572e-05	-2.722919e-04	-5.946178e-02	-6.151822e-03	2.223931e-03	-1.769759e-02	5.074037e-02	-1.043466e-04	-6.973639e-05	-8.681966e-12	-1.211610e-04	-1.224279e-04	
-5.389779e-04	-1.174284e-01	-5.703273e-04	-1.050473e-01	-9.993106e-04	1.024140e-01	-2.587353e-04	1.918013e-01	-1.381441e-03	7.263716e-02	3.390393e-03	8.247900e-05	-1.696862e-04	-2.384311e-04	1.556390e-03	2.461279e-02	-9.146111e-03	-1.128126e-03	-2.932613e-05	2.738883e-05	-4.855351e-02	-1.495984e-02	1.159955e-02	-5.868193e-03	-1.161843e-02	-1.043466e-04	-6.973639e-05	-8.681966e-12	-1.211610e-04	-1.224279e-04	
-5.389779e-04	4.299377e-03	-5.703273e-04	-1.206257e-01	-9.993106e-04	1.700897e-02	-2.587353e-04	1.698736e-01	-4.332435e-04	1.695211e-02	-1.558990e-02	-3.820997e-05	-2.018227e-04	-3.021407e-04	9.378169e-04	-5.568064e-02	-1.901099e-02	-1.194038e-04	-3.182392e-05	-6.462519e-05	-5.530345e-02	-7.291230e-03	1.694710e-04	-9.764101e-03	-5.836710e-03	-1.043466e-04	-6.973639e-05	-8.681966e-12	-1.211610e-04	-1.224279e-04	
-5.389779e-04	1.836753e-01	-5.703273e-04	-1.250803e-01	-9.993106e-04	-3.747312e-02	-2.587353e-04	7.245149e-02	1.139263e-03	3.388808e-02	-2.226671e-02	-1.033669e-03	-3.481395e-04	-1.843323e-04	1.562125e-03	1.694034e-02	-6.707524e-03	-9.941733e-04	-1.460042e-04	1.168929e-04	-5.594288e-02	8.771798e-03	-1.691247e-02	1.213188e-03	1.290049e-02	-1.043466e-04	-6.973639e-05	-8.681966e-12	-1.211610e-04	-1.224279e-04	
-5.389779e-04	2.313128e-01	-5.703273e-04	-1.226137e-01	-9.993106e-04	-6.807648e-02	-2.587353e-04	5.059299e-02	-5.746041e-03	1.509826e-02	-5.103321e-02	-5.723948e-04	-4.988607e-04	-6.374303e-04	-6.895684e-03	-1.878543e-02	-2.879719e-02	4.625600e-04	-1.504086e-04	-4.540136e-04	-3.570968e-02	9.468377e-04	-4.145058e-03	-5.352634e-03	9.305960e-03	-1.043466e-04	-6.973639e-05	-8.681966e-12	-1.211610e-04	-1.224279e-04	
-5.389779e-04	1.557328e-01	-5.703273e-04	-1.167740e-01	-9.993106e-04	-8.226375e-02	-2.587353e-04	1.621422e-01	-1.633225e-02	3.745792e-02	-1.120374e-02	2.368727e-04	1.149939e-04	-6.474116e-04	-1.059659e-02	2.236407e-02	3.979878e-02	8.105531e-04	6.141672e-04	-1.089693e-05	-1.468400e-04	1.092006e-02	-5.142168e-03	-1.164917e-02	2.318747e-02	-1.043466e-04	-6.973639e-05	-8.681966e-12	-1.211610e-04	-1.224279e-04	
-5.389779e-04	6.415418e-02	-5.703273e-04	-1.101990e-01	-9.993106e-04	-8.549299e-02	-2.587353e-04	2.099184e-01	-1.411778e-02	-1.265464e-02	-5.604908e-02	-9.317030e-04	-3.330510e-04	-6.877763e-04	2.204087e-03	-5.010819e-02	-4.487603e-02	-1.167290e-03	-4.477325e-04	-4.128032e-05	3.674268e-02	-9.469409e-03	8.585229e-03	-6.920467e-03	2.095360e-03	-1.043466e-04	-6.973639e-05	-8.681966e-12	-1.211610e-04	-1.224279e-04	
-5.389779e-04	1.047264e-01	-5.703273e-04	-1.044570e-01	-9.993106e-04	-8.213342e-02	-2.587353e-04	1.335313e-01	-1.408454e-02	-2.857171e-02	-9.118135e-02	-5.458377e-04	-1.697976e-04	-6.483342e-04	2.285802e-05	-1.591267e-02	-3.516297e-02	3.871506e-04	1.635662e-04	3.852657e-05	-6.324233e-02	-1.636343e-02	8.706725e-03	2.946085e-03	-1.096536e-02	-1.043466e-04	-6.973639e-05	-8.681966e-12	-1.211610e-04	-1.224279e-04	
-5.389779e-04	2.234363e-01	-5.703273e-04	-1.000584e-01	-9.993106e-04	-7.575350e-02	-2.587353e-04	1.615107e-02	-1.469976e-02	3.973936e-02	-1.771447e-02	-6.239758e-04	6.809062e-04	-2.498360e-04	-6.255952e-04	6.831546e-02	7.343619e-02	-7.685221e-05	8.510161e-04	3.975826e-04	6.325947e-02	-5.120238e-03	1.791673e-03	-6.408726e-04	-4.042439e-03	-1.043466e-04	-6.973639e-05	-8.681966e-12	-1.211610e-04	-1.224279e-04	
-5.389779e-04	2.299468e-01	-5.703273e-04	-6.879499e-02	-9.993106e-04	-6.891465e-02	-2.587353e-04	-7.854065e-02	-1.446623e-02	2.197380e-02	-7.418336e-02	-2.565722e-04	9.506574e-04	-2.175519e-04	2.231443e-04	-1.776116e-02	-5.649959e-02	3.686888e-04	2.700636e-04	3.136845e-05	-3.709802e-02	-1.582798e-02	2.035965e-02	6.531098e-02	-1.202265e-02	-1.043466e-04	-6.973639e-05	-8.681966e-12	-1.211610e-04	-1.224279e-04	
-5.389779e-04	1.330404e-01	-5.703273e-04	8.531755e-02	-9.993106e-04	-6.304165e-02	-2.587353e-04	-1.371534e-01	-1.616848e-02	5.812478e-02	-6.150563e-02	-6.387674e-04	1.085746e-03	2.705797e-05	-1.712629e-03	3.615538e-02	1.264703e-02	-3.809094e-04	1.354022e-04	2.436943e-04	-5.784690e-02	4.452740e-03	-8.285156e-03	-1.588890e-02	-1.606336e-02	-1.043466e-04	-6.973639e-05	-8.681966e-12	-1.211610e-04	-1.224279e-04	
-5.389779e-04	2.162880e-02	-5.703273e-04	2.465618e-01	-9.993106e-04	-5.861003e-02	-2.587353e-04	-1.680067e-01	-1.643277e-02	5.542925e-02	-3.709478e-02	-4.173305e-04	9.694721e-04	7.642176e-05	-2.746716e-04	-2.691158e-03	2.438015e-02	2.227230e-04	-1.159619e-04	4.844818e-05	-1.042066e-01	1.601505e-02	-2.665783e-03	1.660150e-02	-1.023499e-03	-1.043466e-04	-6.973639e-05	-8.681966e-12	-1.211610e-04	-1.224279e-04	
-5.389779e-04	-5.901474e-02	-5.703273e-04	3.614246e-01	-9.993106e-04	-5.553878e-02	-2.587353e-04	-1.810089e-01	-1.815155e-02	2.844643e-02	-4.342484e-02	9.674524e-05	6.160151e-04	-1.759213e-04	-1.729160e-03	-2.697843e-02	-6.360753e-03	5.153606e-04	-3.531447e-04	-2.532587e-04	-5.556531e-02	8.877599e-03	5.997707e-03	1.179018e-03	-1.116208e-02	-1.043466e-04	-6.973639e-05	-8.681966e-12	-1.211610e-04	-1.224279e-04	
-5.389779e-04	-1.059641e-01	-5.703273e-04	4.403034e-01	-9.993106e-04	-5.352931e-02	-2.587353e-04	-1.788353e-01	-1.122406e-02	4.168239e-02	-4.082113e-02	-7.078060e-04	5.298023e-04	5.689525e-05	6.917113e-03	1.324035e-02	2.573016e-03	-8.032653e-04	-8.589986e-05	2.319009e-04	-7.249887e-02	1.089444e-02	-2.226034e-02	-1.303015e-03	1.612960e-02	-1.043466e-04	-6.973639e-05	-8.681966e-12	-1.211610e-04	-1.224279e-04	
-5.389779e-04	-1.291628e-01	-5.703273e-04	3.821367e-01	-9.993106e-04	-5.225079e-02	-2.587353e-04	-8.892290e-02	-1.576918e-02	9.690099e-03	-6.623700e-02	-2.011827e-04	4.465952e-04	-2.605171e-04	-4.555506e-03	-3.198789e-02	-2.544656e-02	5.079088e-04	-8.289466e-05	-3.183279e-04	-4.009498e-02	-4.010019e-03	1.647672e-02	2.165094e-02	2.194210e-03	-1.043466e-04	-6.973639e-05	-8.681966e-12	-1.211610e-04	-1.224279e-04	
-5.389779e-04	-1.373360e-01	-5.703273e-04	2.274429e-01	-9.993106e-04	-5.142870e-02	-2.587353e-04	9.893028e-02	-1.255439e-02	2.222912e-02	-6.132570e-02	-1.256561e-03	6.225423e-04	5.861078e-05	3.204410e-03	1.254343e-02	4.880579e-03	-1.054092e-03	1.762597e-04	3.182123e-04	-5.192923e-02	3.573561e-03	-8.623595e-03	-1.237910e-02	-3.736590e-02	-1.043466e-04	-6.973639e-05	-8.681966e-12	-1.211610e-04	-1.224279e-04	
-5.389779e-04	-1.363022e-01	-5.703273e-04	7.175472e-02	-9.993106e-04	-5.087120e-02	-2.587353e-04	1.981785e-01	-1.211544e-02	-3.944245e-03	-8.755490e-02	-7.478860e-04	8.824900e-04	-1.869586e-04	4.285722e-04	-2.616897e-02	-2.625989e-02	5.099602e-04	2.602600e-04	-2.464849e-04	-4.344567e-02	-1.364250e-02	-5.190418e-03	1.840054e-02	3.951862e-02	-1.043466e-04	-6.973639e-05	-8.681966e-12	-1.211610e-04	-1.224279e-04	
-5.389779e-04	-1.302510e-01	-5.703273e-04	-3.968824e-02	-9.993106e-04	-5.045956e-02	-2.587353e-04	2.663015e-01	-9.551764e-03	7.593068e-02	-7.188205e-02	6.101830e-04	6.598731e-04	-2.137233e-04	2.553295e-03	7.987928e-02	1.564216e-02	1.359354e-03	-2.223041e-04	-2.768035e-05	2.401829e-02	-1.182418e-02	1.831060e-02	4.085204e-02	-1.950726e-02	-1.043466e-04	-6.973639e-05	-8.681966e-12	-1.211610e-04	-1.224279e-04	
-5.389779e-04	-1.121445e-01	-5.703273e-04	-1.054489e-01	-9.993106e-04	-5.012186e-02	-2.587353e-04	3.329139e-01	-1.176503e-02	7.233354e-02	-2.631842e-02	9.735243e-05	1.066643e-03	-1.558266e-04	-2.223644e-03	-3.592726e-03	4.553293e-02	-5.115450e-04	4.070825e-04	5.698111e-05	-4.811620e-02	8.981586e-03	-8.983501e-03	-1.829077e-02	-2.801918e-02	-1.043466e-04	-6.973639e-05	-8.681966e-12	-1.211610e-04	-1.224279e-04	
-5.389779e-04	9.219652e-03	-5.703273e-04	-1.377040e-01	-9.993106e-04	-4.980623e-02	-2.587353e-04	2.793977e-01	-2.132657e-02	9.884971e-02	1.199414e-02	2.407178e-03	6.037442e-04	-4.571079e-04	-9.571928e-03	2.652057e-02	3.828187e-02	2.311112e-03	-4.625858e-04	-3.021969e-04	7.376045e-02	7.505848e-03	5.275561e-03	1.103741e-02	3.386862e-02	-1.043466e-04	-6.973639e-05	-8.681966e-12	-1.211610e-04	-1.224279e-04	
-5.389779e-04	1.908208e-01	-5.703273e-04	-1.480796e-01	-9.993106e-04	-4.949826e-02	-2.587353e-04	1.368979e-01	-2.184195e-02	1.415390e-01	4.732042e-03	2.338607e-03	7.758161e-04	-8.590348e-04	-5.257538e-04	4.269369e-02	-7.292821e-03	-6.728604e-05	1.723839e-04	-4.028424e-04	-6.452420e-02	3.424655e-03	2.409807e-03	-4.034038e-03	-2.143550e-02	-1.043466e-04	-6.973639e-05	-8.681966e-12	-1.211610e-04	-1.224279e-04	
-5.389779e-04	2.791348e-01	-5.703273e-04	-1.453450e-01	-9.993106e-04	-4.922594e-02	-2.587353e-04	-5.882732e-03	-1.415440e-02	8.068814e-02	-1.998365e-02	2.021900e-03	5.601388e-04	-6.751050e-04	7.677170e-03	-6.084649e-02	-2.474637e-02	-3.154213e-04	-2.153642e-04	1.830140e-04	-2.060231e-02	-7.135386e-03	-1.333675e-03	-9.740804e-04	6.727398e-03	-1.043466e-04	-6.973639e-05	-8.681966e-12	-1.211610e-04	-1.224279e-04	
-5.389779e-04	3.661350e-01	-5.703273e-04	-1.360731e-01	-9.993106e-04	-4.898189e-02	-2.587353e-04	-1.069764e-01	-2.042818e-02	1.329442e-01	-7.870813e-03	2.659756e-03	1.217744e-03	-3.295440e-04	-6.284166e-03	5.226043e-02	1.208213e-02	6.391415e-04	6.579181e-04	3.446454e-04	-3.344525e-03	-1.389022e-03	1.776833e-02	1.201948e-02	1.882363e-02	-1.043466e-04	-6.973639e-05	-8.681966e-12	-1.211610e-04	-1.224279e-04	
-5.389779e-04	3.970844e-01	-5.703273e-04	-1.249577e-01	-9.993106e-04	-4.876600e-02	-2.587353e-04	-1.566135e-01	-1.022434e-02	1.307760e-01	-3.646758e-02	1.625867e-03	5.156609e-04	-1.143352e-04	1.019346e-02	-2.163735e-03	-2.862746e-02	-1.032603e-03	-7.017708e-04	2.142931e-04	-1.169003e-02	-5.363700e-04	5.903850e-03	7.415446e-03	-3.048580e-02	-1.043466e-04	-6.973639e-05	-8.681966e-12	-1.211610e-04	-1.224279e-04	
-5.389779e-04	2.985579e-01	-5.703273e-04	-1.148467e-01	-9.993106e-04	-4.857461e-02	-2.587353e-04	-7.537691e-02	-1.382088e-02	1.333086e-01	-7.044629e-02	2.179088e-03	-1.468599e-04	-7.497477e-06	-3.606926e-03	2.536922e-03	-3.400942e-02	5.545073e-04	-6.622081e-04	1.059222e-04	-5.021083e-02	-2.250022e-03	-7.429586e-04	-2.880969e-03	3.132440e-03	-1.043466e-04	-6.973639e-05	-8.681966e-12	-1.211610e-04	-1.224279e-04	
-5.389779e-04	1.435832e-01	-5.703273e-04	-1.069895e-01	-9.993106e-04	-4.547466e-02	-2.587353e-04	9.321231e-02	-1.858316e-02	1.905481e-01	-2.945431e-02	1.582374e-03	-1.584018e-04	5.875332e-05	-4.772656e-03	5.724398e-02	4.096129e-02	-5.954288e-04	-1.122943e-05	6.533520e-05	-1.820484e-02	1.475767e-02	-1.933168e-03	-1.516557e-02	2.067595e-04	-1.043466e-04	-6.973639e-05	-8.681966e-12	-1.211610e-04	-1.224279e-04	
-5.389779e-04	1.014959e-02	-5.703273e-04	-1.015397e-01	-9.993106e-04	3.115833e-02	-2.587353e-04	1.484821e-01	-1.217807e-02	1.194057e-01	-3.897187e-02	1.169596e-03	-1.727754e-04	2.351654e-05	6.394710e-03	-7.113803e-02	-9.548264e-03	-4.114919e-04	-1.406106e-05	-3.615233e-05	-3.918748e-02	3.839256e-03	-6.559329e-04	-4.972420e-03	1.697837e-02	-1.043466e-04	-6.973639e-05	-8.681966e-12	-1.211610e-04	-1.224279e-04	
-5.389779e-04	-7.726911e-02	-5.703273e-04	-9.808727e-02	-9.993106e-04	2.117793e-01	-2.587353e-04	8.160633e-02	-9.264218e-03	1.307195e-01	-1.569018e-02	2.424062e-03	-4.468828e-05	-1.899990e-04	2.903471e-03	1.131818e-02	2.325099e-02	1.255752e-03	1.283999e-04	-2.144312e-04	-4.161277e-02	1.303255e-02	7.045403e-03	1.372341e-02	-2.821831e-03	-1.043466e-04	-6.973639e-05	-8.681966e-12	-1.211610e-04	-1.224279e-04	
-5.389779e-04	-1.249597e-01	-5.703273e-04	-9.607573e-02	-9.993106e-04	3.013175e-01	-2.587353e-04	-1.359091e-02	-2.992494e-03	9.019963e-02	-1.545775e-02	1.010240e-03	7.698097e-05	2.607078e-04	6.261345e-03	-4.051552e-02	2.017349e-04	-1.412537e-03	1.219817e-04	4.497912e-04	-4.368035e-03	4.442801e-03	-1.207876e-02	-3.652847e-02	3.669279e-03	-1.043466e-04	-6.973639e-05	-8.681966e-12	-1.211610e-04	-1.224279e-04	
-5.389779e-04	-1.453760e-01	-5.703273e-04	-9.501362e-02	-9.993106e-04	2.472360e-01	-2.587353e-04	-1.043902e-02	-1.887285e-02	5.286192e-02	-5.587313e-02	1.577660e-03	-6.793921e-05	-7.325263e-05	-1.589073e-02	-3.733332e-02	-4.044608e-02	5.687050e-04	-1.446073e-04	-3.348760e-04	-7.885383e-03	5.822775e-04	9.073681e-03	2.603565e-02	4.552465e-02	-1.043466e-04	-6.973639e-05	-8.681966e-12	-1.211610e-04	-1.224279e-04	
-5.389779e-04	-1.487079e-01	-5.703273e-04	-9.451702e-02	-9.993106e-04	1.389310e-01	-2.587353e-04	1.215785e-01	-2.342066e-03	2.871524e-04	-7.329971e-02	-9.013698e-04	-6.924618e-04	-4.127722e-04	1.652040e-02	-5.257038e-02	-1.745727e-02	-2.477744e-03	-6.242099e-04	-3.404352e-04	1.085538e-01	-6.096542e-03	1.397983e-02	5.373996e-03	-4.285651e-02	-1.043466e-04	-6.973639e-05	-8.681966e-12	-1.211610e-04	-1.224279e-04	
-5.389779e-04	-1.424439e-01	-5.703273e-04	-9.432463e-02	-9.993106e-04	4.475183e-02	-2.587353e-04	1.789470e-01	-7.527398e-04	5.305734e-02	-7.087111e-02	-1.543655e-03	-9.562569e-05	-6.260704e-04	1.578946e-03	5.277459e-02	2.397910e-03	-6.409992e-04	5.971487e-04	-2.142138e-04	-2.664415e-02	6.690537e-03	-1.257330e-03	2.197967e-02	-2.183361e-02	-1.043466e-04	-6.973639e-05	-8.681966e-12	-1.211610e-04	-1.224279e-04	
-5.389779e-04	-1.320511e-01	-5.703273e-04	-9.427974e-02	-9.993106e-04	-1.802623e-02	-2.587353e-04	1.094035e-01	-1.690840e-03	-2.823247e-02	-7.152823e-02	-2.091583e-03	-1.497686e-04	-6.044338e-04	-9.484791e-04	-8.128540e-02	-6.878304e-04	-5.466422e-04	-5.383046e-05	2.072103e-05	-3.670518e-02	7.415277e-03	-1.504300e-02	-2.779065e-03	1.318329e-02	-1.043466e-04	-6.973639e-05	-8.681966e-12	-1.211610e-04	-1.224279e-04	
-5.389779e-04	-1.212321e-01	-5.703273e-04	-9.431197e-02	-9.993106e-04	-5.465713e-02	-2.587353e-04	-1.352378e-03	3.138577e-03	3.523639e-02	-3.510753e-02	-1.782420e-03	2.661623e-04	-4.002545e-04	4.819037e-03	6.347323e-02	3.639001e-02	3.104488e-04	4.162435e-04	2.032638e-04	-1.313948e-02	2.187557e-02	-8.343535e-03	1.357895e-02	-2.592502e-02	-1.043466e-04	-6.973639e-05	-8.681966e-12	-1.211610e-04	-1.224279e-04	
-5.389779e-04	-1.120167e-01	-5.703273e-04	-9.439746e-02	-9.993106e-04	-7.308852e-02	-2.587353e-04	-9.072791e-02	-1.977374e-02	-1.230576e-01	-4.504446e-01	-2.090086e-03	1.507132e-04	7.872657e-05	-2.292271e-02	-1.582896e-01	-4.153678e-01	-3.063803e-04	-1.151363e-04	4.780654e-04	4.906707e-01	-7.167245e-02	5.565853e-04	-2.041191e-02	1.306792e-02	-1.043466e-04	-6.973639e-05	-8.681966e-12	-1.211610e-04	-1.224279e-04	
-5.389779e-04	-1.051042e-01	-5.703273e-04	-9.451848e-02	-9.993106e-04	-7.924916e-02	-2.587353e-04	-1.459530e-01	-8.054568e-03	-1.420277e-01	-2.000484e-01	-2.080268e-03	6.149881e-05	-1.889620e-04	1.170880e-02	-1.896575e-02	2.503654e-01	1.110341e-05	-8.890213e-05	-2.686041e-04	1.462651e-01	-2.814775e-02	-3.854317e-02	-2.213127e-02	2.373909e-02	-1.043466e-04	-6.973639e-05	-8.681966e-12	-1.211610e-04	-1.224279e-04	
-5.389779e-04	-1.003688e-01	-5.703273e-04	-9.467042e-02	-9.993106e-04	-7.771601e-02	-2.587353e-04	-1.749789e-01	1.978864e-02	-7.739575e-02	-8.888692e-03	-2.287042e-03	1.498674e-04	8.242487e-05	2.783283e-02	6.463638e-02	1.911291e-01	-2.054885e-04	8.868127e-05	2.704713e-04	1.524309e-01	1.710054e-02	-1.054038e-02	4.824918e-02	-3.176986e-02	-1.043466e-04	-6.973639e-05	-8.681966e-12	-1.211610e-04	-1.224279e-04	
-5.389779e-04	-9.732625e-02	-5.703273e-04	-9.479860e-02	-9.993106e-04	-7.230620e-02	-2.587353e-04	-1.870521e-01	1.708294e-02	-1.041983e-01	-4.398684e-02	-1.333171e-03	1.522661e-04	2.093429e-04	-2.716086e-03	-2.679822e-02	-3.512885e-02	9.551558e-04	2.711449e-06	1.260025e-04	-3.941417e-02	-1.144191e-02	1.734127e-02	5.092645e-02	-1.572548e-03	-1.043466e-04	-6.973639e-05	-8.681966e-12	-1.211610e-04	-1.224279e-04	
-5.389779e-04	-9.544247e-02	-5.703273e-04	-7.401905e-02	-9.993106e-04	-6.589953e-02	-2.587353e-04	-1.885112e-01	1.659022e-02	-5.601208e-02	-1.143606e-01	-1.025646e-03	-3.420675e-04	2.527797e-04	-5.030975e-04	4.819065e-02	-7.040448e-02	3.088110e-04	-4.940209e-04	4.252115e-05	-3.980254e-03	-7.874642e-03	5.394559e-03	3.497369e-02	-3.298493e-02	-1.043466e-04	-6.973639e-05	-8.681966e-12	-1.211610e-04	-1.224279e-04	
-5.389779e-04	-9.427999e-02	-5.703273e-04	6.643304e-02	-9.993106e-04	-6.021185e-02	-2.587353e-04	-1.837895e-01	1.837759e-02	1.592256e-02	-8.891932e-02	1.442101e-03	-3.556899e-04	3.391888e-04	1.776988e-03	7.193904e-02	2.541062e-02	2.469033e-03	-1.330998e-05	8.549362e-05	5.935536e-02	-9.770537e-04	-2.846344e-02	-4.579309e-02	5.890822e-03	-1.043466e-04	-6.973639e-05	-8.681966e-12	-1.211610e-04	-1.224279e-04	
-5.389779e-04	-9.353375e-02	-5.703273e-04	2.266922e-01	-9.993106e-04	-5.593681e-02	-2.587353e-04	-1.750498e-01	1.165083e-02	2.204708e-02	-5.895745e-02	1.425284e-03	2.779618e-04	8.195211e-04	-6.737142e-03	6.128921e-03	2.993117e-02	-1.553125e-05	6.339644e-04	4.794166e-04	-6.054832e-02	2.774235e-02	-1.606643e-02	1.301201e-02	8.316225e-03	-1.043466e-04	-6.973639e-05	-8.681966e-12	-1.211610e-04	-1.224279e-04	
-5.389779e-04	-9.301139e-02	-5.703273e-04	2.419058e-01	-9.993106e-04	-5.310498e-02	-2.587353e-04	-1.081195e-01	1.170305e-02	5.988020e-02	-8.181340e-03	1.169592e-03	-4.340322e-04	6.244685e-04	4.183878e-05	3.783751e-02	5.074542e-02	-2.544065e-04	-7.116812e-04	-1.959682e-04	-1.173628e-02	1.219788e-02	-2.272575e-02	-5.072359e-02	-3.931465e-02	-1.043466e-04	-6.973639e-05	-8.681966e-12	-1.211610e-04	-1.224279e-04	
-5.389779e-04	-9.260284e-02	-5.703273e-04	1.502185e-01	-9.993106e-04	-5.143722e-02	-2.587353e-04	7.484481e-02	3.985588e-03	1.037622e-01	-5.231084e-02	2.383773e-03	2.856927e-04	7.804087e-04	-7.727838e-03	4.388635e-02	-4.416019e-02	1.215466e-03	7.200372e-04	1.550246e-04	3.196529e-02	9.519632e-03	-1.250954e-02	1.938209e-02	3.693368e-02	-1.043466e-04	-6.973639e-05	-8.681966e-12	-1.211610e-04	-1.224279e-04	
-5.389779e-04	-7.736262e-02	-5.703273e-04	4.340022e-02	-9.993106e-04	-5.058609e-02	-2.587353e-04	1.897411e-01	3.861416e-03	7.514273e-02	-6.452123e-02	1.303900e-03	2.783661e-04	3.709344e-04	-1.345553e-04	-2.861504e-02	-1.224109e-02	-1.078588e-03	-7.013615e-06	-4.103899e-04	-3.375157e-02	-3.525768e-03	2.269678e-03	-1.695372e-02	-1.522501e-02	-1.043466e-04	-6.973639e-05	-8.681966e-12	-1.211610e-04	-1.224279e-04	
-5.389779e-04	5.053141e-02	-5.703273e-04	-3.639353e-02	-9.993106e-04	-5.025551e-02	-2.587353e-04	1.538718e-01	4.394710e-04	1.649932e-01	-3.305402e-02	1.762586e-03	2.903495e-04	5.023449e-04	-3.432323e-03	8.985488e-02	3.143653e-02	4.599723e-04	1.229587e-05	1.304949e-04	-1.582809e-02	-2.372153e-03	5.905723e-04	1.141003e-03	-2.024151e-02	-1.043466e-04	-6.973639e-05	-8.681966e-12	-1.211610e-04	-1.224279e-04	
-5.389779e-04	2.196645e-01	-5.703273e-04	-8.605274e-02	-9.993106e-04	-5.023544e-02	-2.587353e-04	5.052139e-02	-2.716786e-04	1.092387e-01	-3.659270e-02	2.612351e-03	2.957579e-04	3.873289e-04	-7.215313e-04	-5.575017e-02	-3.569383e-03	8.510501e-04	5.720773e-06	-1.159317e-04	-5.123892e-02	5.013474e-03	-1.386431e-02	-8.901680e-03	1.099830e-02	-1.043466e-04	-6.973639e-05	-8.681966e-12	-1.211610e-04	-1.224279e-04	
-5.389779e-04	2.506769e-01	-5.703273e-04	-1.134378e-01	-9.993106e-04	-5.039347e-02	-2.587353e-04	5.325365e-03	6.099117e-03	1.145426e-01	4.257582e-02	1.353554e-03	1.504764e-04	2.878706e-04	6.360416e-03	5.308321e-03	7.913781e-02	-1.257511e-03	-1.449686e-04	-1.003738e-04	5.688763e-03	1.696016e-02	-4.468088e-03	1.147434e-03	1.591191e-02	-1.043466e-04	-6.973639e-05	-8.681966e-12	-1.211610e-04	-1.224279e-04	
-5.389779e-04	1.654238e-01	-5.703273e-04	-1.256201e-01	-9.993106e-04	-5.065301e-02	-2.587353e-04	1.121638e-01	5.125834e-03	1.915628e-01	9.111222e-02	2.800992e-03	8.132344e-04	-2.797971e-05	-9.836660e-04	7.702462e-02	4.850570e-02	1.448724e-03	6.630708e-04	-3.167660e-04	7.659144e-02	1.561923e-02	1.443991e-02	1.216031e-02	-3.116968e-02	-1.043466e-04	-6.973639e-05	-8.681966e-12	-1.211610e-04	-1.224279e-04	
-5.389783e-04	5.766251e-02	-5.703273e-04	-1.228442e-01	-9.993106e-04	-5.097240e-02	-2.587353e-04	1.929809e-01	4.860654e-03	1.236077e-01	6.107940e-03	2.714083e-03	8.496316e-04	6.917074e-04	-2.755569e-04	-6.795070e-02	-8.503497e-02	-8.562350e-05	3.670986e-05	7.187716e-04	4.387404e-02	1.105724e-02	-5.144956e-03	-1.630011e-02	1.575235e-03	-1.043466e-04	-6.973639e-05	-8.681966e-12	-1.211610e-04	-1.224279e-04	
-5.409685e-04	-2.497183e-02	-5.703273e-04	-2.887316e-02	-9.993106e-04	-5.132249e-02	-2.587353e-04	1.419241e-01	5.560944e-03	2.222771e-01	4.879725e-02	3.119438e-03	8.536663e-04	3.876084e-04	6.899086e-04	9.867379e-02	4.265862e-02	4.066404e-04	4.346841e-06	-3.050145e-04	5.301150e-03	1.087020e-02	-1.088432e-04	-2.067386e-02	1.427738e-03	-1.043466e-04	-6.973639e-05	-8.681966e-12	-1.211610e-04	-1.224279e-04	
-5.601568e-04	-7.693260e-02	-5.703273e-04	1.578491e-01	-9.993106e-04	-5.171004e-02	-2.587353e-04	3.052306e-02	-3.336303e-03	1.545724e-01	1.443381e-02	4.235357e-03	1.420568e-03	2.952857e-04	-8.907627e-03	-6.770033e-02	-3.439413e-02	1.117204e-03	5.672148e-04	-9.323839e-05	3.789255e-02	2.289911e-04	1.571305e-02	3.592627e-02	1.415468e-02	-1.043466e-04	-6.973639e-05	-8.681966e-12	-1.211610e-04	-1.224279e-04	
-6.036543e-04	-1.057908e-01	-5.703273e-04	2.375457e-01	-9.993106e-04	-5.211805e-02	-2.587370e-04	-2.394359e-02	7.151928e-03	1.816358e-01	9.288712e-03	3.399858e-03	9.979878e-04	1.926862e-05	1.047785e-02	2.706775e-02	-5.175806e-03	-8.342128e-04	-4.222677e-04	-2.769326e-04	-4.065699e-02	1.151372e-02	2.671353e-03	-1.196270e-02	-2.313748e-02	-1.043466e-04	-6.973639e-05	-8.681966e-12	-1.211610e-04	-1.224279e-04	
-6.553098e-04	-1.188410e-01	-5.703273e-04	1.785036e-01	-9.993106e-04	-5.254215e-02	-2.612409e-04	8.081710e-02	-1.684185e-03	1.839673e-01	4.066294e-02	4.602446e-03	7.409024e-04	1.500063e-04	-8.846495e-03	2.335973e-03	3.134355e-02	1.203874e-03	-2.567731e-04	1.298221e-04	-4.513307e-02	2.078772e-02	2.020427e-03	-6.077029e-03	3.367545e-02	-1.043466e-04	-6.973639e-05	-8.681966e-12	-1.211610e-04	-1.224279e-04	
-7.003410e-04	-1.172252e-01	-5.703273e-04	7.306228e-02	-9.993106e-04	-5.298101e-02	-2.821595e-04	1.757927e-01	3.678944e-04	1.816459e-01	1.596833e-02	3.526890e-03	8.368397e-04	-3.690833e-06	2.041698e-03	-2.317075e-03	-2.472531e-02	-1.074270e-03	9.625018e-05	-1.546128e-04	-5.537177e-02	2.062382e-02	-2.509678e-05	-2.094127e-02	-2.377582e-02	-1.043466e-04	-6.973639e-05	-8.681966e-12	-1.211610e-04	-1.224279e-04	
-7.350639e-04	-2.794015e-02	-5.703273e-04	-1.588254e-02	-9.993106e-04	-5.343184e-02	-3.268235e-04	1.382359e-01	4.393777e-03	1.347973e-01	2.893756e-02	3.881796e-03	4.228598e-04	-3.326716e-04	4.015506e-03	-4.684417e-02	1.293853e-02	3.561922e-04	-4.136675e-04	-3.298965e-04	-4.374183e-02	1.569209e-02	-1.491785e-03	-2.368147e-02	-1.567144e-02	-1.043466e-04	-6.973639e-05	-8.681966e-12	-1.211610e-04	-1.224279e-04	
-7.618002e-04	1.592858e-01	-5.703273e-04	-7.435256e-02	-9.999669e-04	-5.388038e-02	-3.783720e-04	3.226860e-02	2.375402e-03	1.678712e-01	1.790630e-03	4.673173e-03	1.173507e-03	2.639118e-05	-2.028760e-03	3.307831e-02	-2.717764e-02	7.926620e-04	7.509594e-04	3.581473e-04	-1.935775e-02	3.646371e-03	-4.407338e-03	-9.060550e-03	3.202043e-02	-1.043466e-04	-6.973639e-05	-8.681966e-12	-1.211610e-04	-1.224279e-04	
-7.838353e-04	2.447590e-01	-5.703273e-04	-1.081237e-01	-1.012719e-03	-5.431978e-02	-4.227269e-04	-4.617892e-02	9.350991e-03	2.188585e-01	1.215650e-03	4.243021e-03	1.079837e-03	1.381646e-04	6.965213e-03	5.099161e-02	-6.056699e-04	-4.288670e-04	-9.335672e-05	1.108577e-04	-7.119745e-02	-5.703440e-03	-7.671325e-04	-2.255790e-02	3.239606e-03	-1.043466e-04	-6.973639e-05	-8.681966e-12	-1.211610e-04	-1.224279e-04	
-8.037579e-04	1.894201e-01	-5.703273e-04	-1.247493e-01	-1.050739e-03	-5.476642e-02	-4.568159e-04	2.671059e-02	-4.222282e-03	2.302695e-01	3.890003e-02	6.140640e-03	1.575451e-03	1.956641e-04	-1.358365e-02	1.141545e-02	3.765369e-02	1.898905e-03	4.959260e-04	5.658404e-05	6.906987e-03	2.650271e-03	9.760045e-03	1.330579e-02	1.224233e-02	-1.043466e-04	-6.973639e-05	-8.681966e-12	-1.211610e-04	-1.224279e-04	
-8.234285e-04	8.465027e-02	-5.713637e-04	-1.298066e-01	-1.102102e-03	-5.523390e-02	-4.831415e-04	1.556923e-01	-4.407729e-03	2.333731e-01	4.467915e-02	5.988337e-03	1.987221e-03	4.044167e-04	-1.958321e-04	3.107975e-03	5.748412e-03	-1.510177e-04	4.120831e-04	2.078369e-04	-1.090540e-01	3.708361e-03	-1.225091e-03	-2.940092e-02	2.785933e-02	-1.043466e-04	-6.973639e-05	-8.681966e-12	-1.211610e-04	-1.224279e-04	
-8.441725e-04	-4.810105e-03	-5.864170e-04	-1.227559e-01	-1.149671e-03	-5.572296e-02	-5.049646e-04	1.608795e-01	-7.705135e-03	2.435813e-01	3.565031e-02	5.592641e-03	2.034859e-03	6.244149e-04	-3.307784e-03	1.021260e-02	-9.059537e-03	-3.944107e-04	4.795095e-05	2.190826e-04	-1.073718e-01	3.787741e-03	1.425251e-02	-1.837182e-02	9.786184e-03	-1.043466e-04	-6.973639e-05	-8.681966e-12	-1.211610e-04	-1.224279e-04	
-8.668660e-04	-6.383211e-02	-6.266338e-04	-2.682246e-02	-1.187060e-03	-5.622787e-02	-5.248194e-04	6.806245e-02	-1.910453e-02	2.887638e-01	7.167377e-03	6.713839e-03	1.492936e-03	2.935667e-04	-1.140978e-02	4.518693e-02	-2.851363e-02	1.122484e-03	-5.416105e-04	-3.317638e-04	9.845993e-03	-1.485312e-02	7.659142e-03	-1.813166e-02	2.058293e-02	-1.043466e-04	-6.973639e-05	-8.681966e-12	-1.211610e-04	-1.224279e-04	
-8.919967e-04	-9.793396e-02	-6.782489e-04	1.602306e-01	-1.219761e-03	-5.674233e-02	-5.445257e-04	-3.503371e-02	-1.274271e-02	4.268040e-01	6.617972e-02	7.982224e-03	1.977897e-03	2.779122e-04	6.351437e-03	1.380446e-01	5.898164e-02	1.269670e-03	4.852726e-04	-1.656998e-05	1.118804e-01	-1.336918e-03	-3.559360e-03	-3.895625e-02	1.413737e-02	-1.043466e-04	-6.973639e-05	-8.681966e-12	-1.211610e-04	-1.224279e-04	
-9.197644e-04	-1.147138e-01	-7.249044e-04	2.393636e-01	-1.268102e-03	-5.726130e-02	-5.653774e-04	-1.075145e-01	-1.086447e-02	3.498453e-01	7.895926e-02	8.719391e-03	2.756538e-03	5.504825e-04	1.867861e-03	-7.695433e-02	1.274885e-02	7.384529e-04	7.789547e-04	2.716547e-04	1.367812e-02	7.150147e-03	1.016691e-02	4.083140e-04	3.851956e-02	-1.043466e-04	-6.973639e-05	-8.681966e-12	-1.211610e-04	-1.224279e-04	
-9.502119e-04	-1.197925e-01	-7.612630e-04	1.794578e-01	-1.335569e-03	-5.778097e-02	-5.882222e-04	-1.019183e-01	-1.334364e-03	2.870433e-01	4.894926e-02	6.745557e-03	2.681545e-03	-6.741081e-05	9.519727e-03	-6.279756e-02	-3.004069e-02	-1.972549e-03	-7.467961e-05	-6.188090e-04	9.063397e-02	2.758916e-03	1.130164e-02	-1.229868e-02	-3.731274e-03	-1.043466e-04	-6.973639e-05	-8.681966e-12	-1.211610e-04	-1.224279e-04	
-9.867348e-04	-1.175579e-01	-7.890920e-04	7.322302e-02	-1.406162e-03	-5.829834e-02	-6.135252e-04	4.826675e-02	-1.272485e-02	2.732994e-01	3.769537e-02	7.386200e-03	2.459992e-03	-1.780115e-04	-1.140087e-02	-1.373958e-02	-1.128458e-02	6.419288e-04	-2.212416e-04	-1.115162e-04	-7.614646e-02	4.459585e-03	1.416927e-02	-2.595929e-02	2.711848e-02	-1.043466e-04	-6.973639e-05	-8.681966e-12	-1.211610e-04	-1.224279e-04	
-1.046012e-03	-1.116992e-01	-8.117071e-04	-1.629935e-02	-1.469136e-03	-5.881109e-02	-6.414722e-04	1.661736e-01	-1.111038e-02	2.580308e-01	5.750752e-02	6.240514e-03	2.798453e-03	-1.609492e-04	1.604088e-03	-1.526419e-02	1.978144e-02	-1.144400e-03	3.387735e-04	1.614659e-05	-3.778744e-02	6.609547e-03	1.998079e-02	-6.102121e-03	1.294457e-02	-1.043466e-04	-6.973639e-05	-8.681966e-12	-1.211610e-04	-1.224279e-04	
-1.130618e-03	-1.049912e-01	-8.318348e-04	-7.511816e-02	-1.523807e-03	-5.931740e-02	-6.743266e-04	1.412109e-01	-9.585781e-03	2.018254e-01	5.144274e-02	5.974152e-03	3.074799e-03	-5.570067e-04	1.514220e-03	-5.620102e-02	-6.095479e-03	-2.650761e-04	2.766591e-04	-3.969731e-04	-3.653132e-02	1.454011e-03	1.811147e-02	-2.000076e-02	-1.256430e-03	-1.043466e-04	-6.973639e-05	-8.681966e-12	-1.211610e-04	-1.224279e-04	
-1.222938e-03	-9.845656e-02	-8.514414e-04	-1.090542e-01	-1.573620e-03	-5.981577e-02	-7.276390e-04	4.382886e-02	-7.238410e-03	1.459122e-01	1.997607e-02	4.439027e-03	3.224523e-03	-5.274737e-04	2.336988e-03	-5.590874e-02	-3.149737e-02	-1.533840e-03	1.500365e-04	2.861738e-05	2.739142e-02	-1.401247e-03	4.638890e-03	-4.145063e-05	2.158656e-02	-1.043466e-04	-6.973639e-05	-8.681966e-12	-1.211610e-04	-1.224279e-04	
-1.310087e-03	-4.640678e-02	-8.719329e-04	-1.257169e-01	-1.622015e-03	-6.030493e-02	-8.076215e-04	-4.850722e-02	-5.744138e-03	1.314078e-01	2.199915e-03	3.745582e-03	3.284510e-03	-5.055638e-04	1.483898e-03	-1.450009e-02	-1.780685e-02	-6.921578e-04	6.030042e-05	2.099429e-05	-7.512195e-02	-2.084653e-02	1.871279e-02	2.929188e-03	-1.114104e-02	-1.043466e-04	-6.973639e-05	-8.681966e-12	-1.211610e-04	-1.224279e-04	
-1.390618e-03	1.271667e-01	-8.942570e-04	-1.307296e-01	-1.671460e-03	-6.078363e-02	-8.977673e-04	-1.107330e-01	-9.780511e-03	7.268313e-02	-9.710832e-02	5.264706e-03	3.041502e-03	-6.583795e-04	-4.046755e-03	-5.872024e-02	-9.933893e-02	1.520408e-03	-2.426960e-04	-1.537311e-04	9.704299e-02	-4.818738e-02	2.089855e-02	3.088516e-02	2.595626e-02	-1.043466e-04	-6.973639e-05	-8.681966e-12	-1.211610e-04	-1.224279e-04	
-1.478822e-03	2.535786e-01	-9.189601e-04	-1.285077e-01	-1.723661e-03	-6.125063e-02	-9.836961e-04	-1.455467e-01	1.292260e-03	1.106476e-01	-6.305107e-02	4.003762e-03	3.605074e-03	-6.020080e-04	1.106239e-02	3.796890e-02	3.402656e-02	-1.259657e-03	5.638842e-04	5.545587e-05	1.302179e-02	-3.055624e-02	-5.477350e-03	-6.931036e-03	-9.809079e-03	-1.043466e-04	-6.973639e-05	-8.681966e-12	-1.211610e-04	-1.224279e-04	
-1.591213e-03	2.278072e-01	-9.462814e-04	-1.227318e-01	-1.779809e-03	-6.170469e-02	-1.062334e-03	-1.115879e-01	1.089881e-02	6.321301e-02	2.337756e-02	3.580661e-03	3.030853e-03	-1.018470e-03	9.596167e-03	-4.743021e-02	8.639792e-02	-4.218160e-04	-5.739080e-04	-4.173779e-04	7.200334e-02	-1.507309e-02	1.137640e-02	2.602008e-02	1.660717e-02	-1.043466e-04	-6.973639e-05	-8.681966e-12	-1.211610e-04	-1.224279e-04	
-1.718454e-03	1.244683e-01	-9.762756e-04	-1.161101e-01	-1.840687e-03	-6.214452e-02	-1.144457e-03	5.586408e-02	1.526675e-02	8.935390e-02	5.797680e-02	4.100167e-03	3.068120e-03	-1.130881e-03	4.357563e-03	2.614527e-02	3.456854e-02	5.207912e-04	3.757972e-05	-1.133264e-04	-8.445095e-02	-9.703252e-03	2.014340e-02	4.838693e-02	-7.857462e-03	-1.043466e-04	-6.973639e-05	-8.681966e-12	-1.211610e-04	-1.224279e-04	
-1.845307e-03	2.426553e-02	-1.008922e-03	-9.350197e-02	-1.906746e-03	-6.256884e-02	-1.249529e-03	1.779692e-01	-3.514731e-04	8.758754e-02	4.327065e-02	3.413272e-03	2.869449e-03	-1.048701e-03	-1.562860e-02	-1.761982e-03	-1.473684e-02	-6.856095e-04	-1.983586e-04	8.126439e-05	-5.968829e-02	-4.376264e-03	4.201797e-03	2.208054e-02	-3.473987e-02	-1.043466e-04	-6.973639e-05	-8.681966e-12	-1.211610e-04	-1.224279e-04	
-1.966749e-03	-4.555570e-02	-1.044198e-03	4.298686e-02	-1.978213e-03	-6.297641e-02	-1.376943e-03	1.532160e-01	-3.462765e-04	-1.485721e-02	-7.808478e-02	4.510566e-03	1.871037e-03	-1.016276e-03	-5.181995e-06	-1.024404e-01	-1.213861e-01	1.098580e-03	-9.980995e-04	3.150966e-05	1.690394e-01	-2.348798e-02	-2.481505e-03	2.803158e-02	1.022947e-02	-1.043466e-04	-6.973639e-05	-8.681966e-12	-1.211610e-04	-1.224279e-04	
-2.085086e-03	-8.739008e-02	-1.082111e-03	2.123045e-01	-2.055201e-03	-6.310713e-02	-1.527514e-03	5.593745e-02	1.817297e-03	5.441441e-02	-6.962328e-02	3.186397e-03	1.560005e-03	-9.784308e-04	2.153191e-03	6.927601e-02	8.430803e-03	-1.322884e-03	-3.107194e-04	3.692938e-05	4.771926e-03	-6.514598e-03	-3.289295e-02	-5.016970e-02	-2.545768e-02	-1.043466e-04	-6.973639e-05	-8.681966e-12	-1.211610e-04	-1.224279e-04	
-2.206432e-03	-1.093503e-01	-1.122706e-03	2.398183e-01	-2.137800e-03	-2.623129e-02	-1.694696e-03	-3.677574e-02	2.835828e-03	4.176798e-04	-1.493169e-02	2.904807e-03	1.461210e-03	-6.557026e-04	1.008146e-03	-5.399233e-02	5.466090e-02	-2.803041e-04	-9.848204e-05	3.218127e-04	3.962594e-03	-7.422645e-03	-1.416985e-02	3.659352e-02	5.190578e-02	-1.043466e-04	-6.973639e-05	-8.681966e-12	-1.211610e-04	-1.224279e-04	
-2.349473e-03	-1.178171e-01	-1.166064e-03	1.533757e-01	-2.226122e-03	1.358383e-01	-1.861804e-03	-1.001465e-01	4.106428e-03	2.326750e-02	8.359818e-03	2.657210e-03	1.174852e-03	-9.332896e-04	1.260224e-03	2.285421e-02	2.326081e-02	-2.463110e-04	-2.860455e-04	-2.785025e-04	-6.905309e-02	-1.553832e-02	4.839599e-03	3.159406e-02	-4.019374e-03	-1.043466e-04	-6.973639e-05	-8.681966e-12	-1.211610e-04	-1.224279e-04	
-2.522654e-03	-1.176023e-01	-1.212285e-03	4.648208e-02	-2.320324e-03	2.883629e-01	-2.020477e-03	-1.372372e-01	1.414588e-03	1.303951e-02	-5.541346e-02	1.828935e-03	5.462022e-04	-8.942647e-04	-2.702225e-03	-1.022360e-02	-6.380397e-02	-8.269894e-04	-6.283371e-04	3.810917e-05	1.400171e-02	-2.657245e-02	1.247057e-02	2.223969e-02	-2.535529e-02	-1.043466e-04	-6.973639e-05	-8.681966e-12	-1.211610e-04	-1.224279e-04	
-2.715538e-03	-1.126667e-01	-1.261488e-03	-3.486393e-02	-2.420603e-03	4.020509e-01	-2.172339e-03	-1.559293e-01	-1.872829e-03	-5.930409e-02	-6.002840e-02	2.154355e-03	1.293207e-03	-9.027288e-04	-3.297793e-03	-7.233921e-02	-4.645637e-03	3.267057e-04	7.473173e-04	-9.379654e-06	-2.917750e-02	-3.209975e-02	-1.919630e-02	-2.122478e-03	-1.078853e-02	-1.043466e-04	-6.973639e-05	-8.681966e-12	-1.211610e-04	-1.224279e-04	
-2.931906e-03	-1.061177e-01	-1.313800e-03	-7.091060e-02	-2.527184e-03	4.699347e-01	-2.322594e-03	-1.621982e-01	8.507596e-03	5.594707e-02	1.145381e-01	2.361944e-04	1.286903e-03	-2.087928e-04	1.037004e-02	1.152556e-01	1.745358e-01	-1.916875e-03	-5.991173e-06	6.930206e-04	2.740056e-01	2.338687e-03	6.423539e-03	4.604729e-02	-2.544866e-02	-1.043466e-04	-6.973639e-05	-8.681966e-12	-1.211610e-04	-1.224279e-04	
-3.168902e-03	-9.994874e-02	-1.369354e-03	2.851151e-02	-2.640316e-03	3.976147e-01	-2.476088e-03	-1.604936e-01	2.786016e-02	-6.966390e-02	2.219016e-01	-2.651988e-04	7.097226e-04	1.219867e-04	1.934219e-02	-1.256066e-01	1.073329e-01	-5.001075e-04	-5.768680e-04	3.298638e-04	1.843272e-01	7.448106e-03	3.273407e-02	2.605853e-02	-6.748687e-02	-1.043466e-04	-6.973639e-05	-8.681966e-12	-1.211610e-04	-1.224279e-04	
-3.416580e-03	-9.507965e-02	-1.428288e-03	1.848124e-01	-2.760259e-03	2.390162e-01	-2.636417e-03	-1.545213e-01	1.893618e-02	-2.527290e-01	1.221171e-01	-1.178389e-05	-9.245398e-04	-3.714479e-04	-8.934361e-03	-1.830608e-01	-9.981523e-02	2.547003e-04	-1.633950e-03	-4.943501e-04	2.526826e-01	-6.574047e-03	2.691623e-03	-2.987310e-03	-2.673443e-02	-1.043466e-04	-6.973639e-05	-8.681966e-12	-1.211610e-04	-1.224279e-04	
-3.683823e-03	-9.166826e-02	-1.490737e-03	2.133994e-01	-2.887283e-03	1.237216e-01	-2.806109e-03	-1.472062e-01	1.193024e-02	-1.581934e-01	4.513602e-02	2.899025e-04	-7.166885e-04	-5.685987e-04	-7.016327e-03	9.454003e-02	-7.701179e-02	3.029720e-04	2.081636e-04	-1.980664e-04	3.289462e-02	-1.756148e-02	4.743162e-03	5.032858e-02	3.461511e-03	-1.043466e-04	-6.973639e-05	-8.681966e-12	-1.211610e-04	-1.224279e-04	
-3.969853e-03	-8.947998e-02	-1.556842e-03	1.318276e-01	-3.021658e-03	1.794171e-01	-2.986880e-03	-1.404147e-01	2.071567e-02	-3.432642e-02	1.030539e-01	3.089180e-04	-1.285624e-04	-1.479784e-04	8.775058e-03	1.238714e-01	5.788714e-02	2.030132e-05	5.884388e-04	4.197046e-04	7.979030e-02	4.464202e-03	-2.216355e-02	-4.874912e-03	-3.440624e-02	-1.043466e-04	-6.973639e-05	-8.681966e-12	-1.211610e-04	-1.224279e-04	
-4.264074e-03	-8.816489e-02	-1.626740e-03	3.932644e-02	-3.163658e-03	2.553845e-01	-3.179816e-03	-1.349871e-01	2.948090e-02	-4.510052e-02	5.961289e-02	3.677527e-04	-9.540737e-04	2.864659e-05	8.754842e-03	-1.076971e-02	-4.347166e-02	6.012018e-05	-8.251985e-04	1.757096e-04	-2.469720e-02	-3.959338e-03	-1.763406e-03	2.234251e-04	1.630769e-02	-1.043466e-04	-6.973639e-05	-8.681966e-12	-1.211610e-04	-1.224279e-04	
-4.576373e-03	-8.740637e-02	-1.700571e-03	7.236098e-02	-3.313553e-03	2.120641e-01	-3.385543e-03	-1.310318e-01	2.781573e-02	6.390700e-02	8.542087e-02	6.568127e-04	-1.222480e-03	2.177592e-04	-1.675547e-03	1.090119e-01	2.577729e-02	2.903456e-04	-2.680945e-04	1.881970e-04	-4.598511e-03	-8.960107e-03	-1.056784e-02	-4.587769e-03	-2.532652e-02	-1.043466e-04	-6.973639e-05	-8.681966e-12	-1.211610e-04	-1.224279e-04	
-4.913745e-03	-8.697197e-02	-1.778470e-03	2.027213e-01	-3.471610e-03	1.025342e-01	-3.604455e-03	-1.283076e-01	3.092831e-02	1.239050e-02	1.109447e-01	9.508912e-04	-1.483666e-03	3.086058e-04	3.102202e-03	-5.151211e-02	2.549313e-02	2.953640e-04	-2.608727e-04	8.993093e-05	-4.820092e-02	1.398509e-02	-1.414591e-02	-3.400427e-03	-2.116453e-02	-1.043466e-04	-6.973639e-05	-8.681966e-12	-1.211610e-04	-1.224279e-04	
-5.264519e-03	-8.253907e-02	-1.860573e-03	2.299034e-01	-3.638096e-03	3.244523e-03	-3.841730e-03	-1.264543e-01	3.331379e-02	5.852292e-02	9.085345e-02	-4.136113e-04	-2.653732e-03	5.206725e-04	2.375096e-03	4.613681e-02	-2.012195e-02	-1.363217e-03	-1.169753e-03	2.111511e-04	5.388357e-02	1.530822e-02	-2.914952e-02	-3.063891e-02	1.327505e-02	-1.043466e-04	-6.973639e-05	-8.681966e-12	-1.211610e-04	-1.224279e-04	
-5.619802e-03	3.261537e-03	-1.947012e-03	1.438297e-01	-3.813268e-03	-6.033258e-02	-4.114761e-03	-1.251511e-01	2.067928e-02	-2.219712e-02	7.073531e-02	2.607576e-04	-2.845403e-03	8.230247e-04	-1.264489e-02	-8.071564e-02	-2.014885e-02	6.756546e-04	-1.913583e-04	3.014367e-04	1.503029e-02	1.053662e-02	-1.087081e-02	-3.923966e-03	6.988184e-03	-1.043466e-04	-6.973639e-05	-8.681966e-12	-1.211610e-04	-1.224279e-04	
-5.980255e-03	1.842451e-01	-2.037917e-03	3.425588e-02	-3.997379e-03	-9.358659e-02	-4.422719e-03	-1.241614e-01	1.297713e-02	-7.807555e-02	1.627523e-02	-9.709166e-04	-2.866821e-03	5.531315e-04	-7.712532e-03	-5.587403e-02	-5.449077e-02	-1.230389e-03	-2.110591e-05	-2.708089e-04	6.422036e-02	1.068392e-02	-3.744465e-02	-3.479332e-02	-2.968010e-04	-1.043466e-04	-6.973639e-05	-8.681966e-12	-1.211610e-04	-1.224279e-04	
-6.350820e-03	2.632056e-01	-2.133413e-03	-1.088093e-02	-4.190673e-03	-1.073274e-01	-4.753940e-03	-1.233246e-01	7.156641e-03	-4.880639e-02	-4.858360e-03	-7.211067e-04	-3.206965e-03	4.413568e-04	-5.830870e-03	2.927355e-02	-2.116429e-02	2.510955e-04	-3.398312e-04	-1.126903e-04	-8.194817e-02	-2.138762e-03	-2.155498e-02	-6.788851e-03	3.187077e-02	-1.043466e-04	-6.973639e-05	-8.681966e-12	-1.211610e-04	-1.224279e-04	
-6.736353e-03	2.024036e-01	-2.233620e-03	1.026782e-01	-4.393384e-03	-1.091095e-01	-5.114375e-03	-1.225648e-01	9.377837e-04	-8.850826e-02	2.162181e-02	-1.146113e-03	-2.753271e-03	1.673595e-04	-6.229236e-03	-3.969748e-02	2.644947e-02	-4.237206e-04	4.540074e-04	-2.749130e-04	-5.567095e-03	1.336464e-03	-2.039568e-03	1.627192e-02	-1.333290e-03	-1.043466e-04	-6.973639e-05	-8.681966e-12	-1.211610e-04	-1.224279e-04	
-7.142186e-03	9.364714e-02	-2.338654e-03	2.160274e-01	-4.605735e-03	-7.017288e-02	-5.499311e-03	-1.218535e-01	1.350635e-02	-5.727658e-02	4.016485e-02	-1.502463e-03	-3.088426e-03	2.873284e-04	1.255818e-02	3.123607e-02	1.851234e-02	-3.550643e-04	-3.348432e-04	1.190534e-04	-4.878835e-02	5.877336e-03	-9.174264e-03	-1.013852e-02	-3.528293e-02	-1.043466e-04	-6.973639e-05	-8.681966e-12	-1.211610e-04	-1.224279e-04	
-7.585621e-03	1.576801e-03	-2.448625e-03	1.933161e-01	-4.827937e-03	9.707794e-02	-5.893749e-03	-1.211668e-01	2.505512e-03	-8.717036e-02	5.716185e-02	-1.273029e-03	-2.658795e-03	3.948039e-04	-1.101121e-02	-2.988939e-02	1.696630e-02	2.307190e-04	4.299444e-04	1.065599e-04	-6.240360e-02	1.101695e-02	-1.048066e-02	-1.237481e-02	1.381328e-02	-1.043466e-04	-6.973639e-05	-8.681966e-12	-1.211610e-04	-1.224279e-04	
-8.076380e-03	-5.900482e-02	-2.563634e-03	9.311690e-02	-5.060184e-03	2.477197e-01	-6.291131e-03	-1.204455e-01	4.777919e-03	-5.148249e-02	4.511433e-02	-9.609046e-04	-2.444749e-03	3.046547e-04	2.262025e-03	3.569225e-02	-1.207820e-02	3.134103e-04	2.143585e-04	-9.106478e-05	-9.695123e-02	1.710870e-02	1.151622e-03	-8.467082e-04	-1.209201e-02	-1.043466e-04	-6.973639e-05	-8.681966e-12	-1.211610e-04	-1.224279e-04	
-8.599940e-03	-9.396019e-02	-2.683776e-03	-3.807708e-03	-5.302659e-03	2.461529e-01	-6.700504e-03	-9.407830e-02	-7.712901e-04	-5.313862e-02	1.613110e-02	-1.807452e-03	-2.281492e-03	1.209934e-04	-5.559592e-03	-1.651737e-03	-2.901393e-02	-8.452622e-04	1.635695e-04	-1.845769e-04	-3.544623e-02	7.420870e-03	-2.073356e-02	-4.188555e-02	-1.175690e-02	-1.043466e-04	-6.973639e-05	-8.681966e-12	-1.211610e-04	-1.224279e-04	
-9.142019e-03	-1.111574e-01	-2.809137e-03	-6.888599e-02	-5.555524e-03	1.523792e-01	-7.143901e-03	5.515937e-02	-2.379521e-04	-6.930682e-02	2.108550e-02	-8.596357e-04	-2.409372e-03	1.308909e-04	5.229620e-04	-1.616381e-02	4.923705e-03	9.491022e-04	-1.275672e-04	8.981886e-06	-8.108011e-02	1.813661e-03	4.467448e-03	6.821841e-03	3.483950e-02	-1.043466e-04	-6.973639e-05	-8.681966e-12	-1.211610e-04	-1.224279e-04	
-9.699382e-03	-1.162172e-01	-2.939793e-03	-1.052900e-01	-5.818921e-03	5.275397e-02	-7.621125e-03	2.094856e-01	-5.253858e-03	-1.077489e-02	3.681242e-02	-1.171621e-03	-1.647926e-03	-5.176769e-05	-5.026291e-03	5.853632e-02	1.569621e-02	-3.106993e-04	7.617578e-04	-1.835742e-04	-9.026613e-03	2.823050e-03	1.317880e-02	1.380133e-02	-3.477759e-02	-1.043466e-04	-6.973639e-05	-8.681966e-12	-1.211610e-04	-1.224279e-04	
-1.028247e-02	-7.990514e-02	-3.075810e-03	-1.223513e-01	-6.092974e-03	-1.886729e-02	-8.117198e-03	2.155411e-01	1.588129e-03	-2.299464e-02	-2.232482e-02	-1.319091e-03	-2.540288e-03	7.265573e-05	6.831612e-03	-1.221536e-02	-5.916794e-02	-1.461845e-04	-8.920491e-04	1.235078e-04	8.568868e-03	-2.916469e-03	3.131157e-03	2.086502e-03	-1.956407e-02	-1.043466e-04	-6.973639e-05	-8.681966e-12	-1.211610e-04	-1.224279e-04	
-1.091140e-02	8.524267e-02	-3.217244e-03	-1.270329e-01	-6.377784e-03	-6.238892e-02	-8.624656e-03	1.212379e-01	-3.132143e-03	-6.747282e-02	-2.595201e-02	-6.636797e-04	-2.228968e-03	1.632904e-04	-4.730653e-03	-4.447380e-02	-3.657884e-03	6.566965e-04	3.116325e-04	8.971909e-05	-5.061742e-02	3.164536e-03	-7.063108e-03	2.233762e-03	2.298424e-02	-1.043466e-04	-6.973639e-05	-8.681966e-12	-1.211610e-04	-1.224279e-04	
-1.158265e-02	2.341556e-01	-3.364138e-03	-1.240696e-01	-6.673425e-03	-8.558115e-02	-9.145756e-03	3.963855e-02	-2.311863e-03	-4.353305e-04	4.493415e-04	-9.400509e-04	-1.693058e-03	-1.001572e-04	8.098942e-04	6.704189e-02	2.637066e-02	-2.750854e-04	5.362230e-04	-2.643632e-04	-2.695714e-03	6.663322e-03	-3.076681e-03	-2.437471e-04	-1.108044e-03	-1.043466e-04	-6.973639e-05	-8.681966e-12	-1.211610e-04	-1.224279e-04	
-1.228034e-02	2.311993e-01	-3.516522e-03	-1.171364e-01	-6.979950e-03	-9.488478e-02	-9.697146e-03	1.075750e-01	-4.245974e-03	-6.922194e-02	3.679172e-02	-1.419392e-05	-1.644638e-03	-1.469172e-04	-1.944488e-03	-6.878223e-02	3.631167e-02	9.271423e-04	4.873224e-05	-4.767554e-05	1.266921e-03	9.776232e-03	1.318055e-02	3.875100e-03	-1.205366e-02	-1.043466e-04	-6.973639e-05	-8.681966e-12	-1.211610e-04	-1.224279e-04	
-1.299727e-02	1.370160e-01	-3.674412e-03	-1.090619e-01	-7.297380e-03	-9.509831e-02	-1.029434e-02	2.177228e-01	-2.112101e-02	-1.041482e-01	3.556638e-02	-1.036908e-03	-1.563228e-03	3.317383e-05	-1.688541e-02	-3.492183e-02	-1.256032e-03	-1.021429e-03	8.172231e-05	1.791755e-04	-1.152305e-02	1.834819e-02	8.524739e-03	-1.392072e-02	-2.381950e-02	-1.043466e-04	-6.973639e-05	-8.681966e-12	-1.211610e-04	-1.224279e-04	
-1.373842e-02	8.427855e-02	-3.837811e-03	-1.016610e-01	-7.625711e-03	-9.018774e-02	-1.092676e-02	2.028096e-01	-2.814097e-02	-6.054516e-02	-4.109216e-02	-1.279044e-03	-2.084712e-03	-2.052567e-04	-7.030346e-03	4.360740e-02	-7.668924e-02	-2.408495e-04	-5.211710e-04	-2.393463e-04	3.626911e-02	-6.130459e-04	-1.916512e-02	-1.204209e-02	3.975857e-02	-1.043466e-04	-6.973639e-05	-8.681966e-12	-1.211610e-04	-1.224279e-04	
-1.452471e-02	1.827465e-01	-4.006706e-03	-9.576195e-02	-7.964905e-03	-8.334304e-02	-1.157962e-02	9.904776e-02	-3.008514e-02	-1.055311e-01	-1.061951e-02	-3.586071e-04	-1.954027e-03	-1.929242e-04	-1.954540e-03	-4.498159e-02	3.044196e-02	9.217222e-04	1.309974e-04	1.141697e-05	-2.576019e-02	1.387302e-03	9.989594e-03	2.334644e-02	2.443286e-02	-1.043466e-04	-6.973639e-05	-8.681966e-12	-1.211610e-04	-1.224279e-04	
-1.536237e-02	2.634619e-01	-4.181068e-03	-9.144899e-02	-8.314895e-03	-7.667946e-02	-1.224857e-02	-5.757116e-03	-2.804450e-02	-3.655099e-02	-6.041527e-02	-4.158691e-04	-1.842409e-03	4.321518e-05	2.030248e-03	6.898453e-02	-4.982645e-02	-5.597637e-05	1.119304e-04	2.352238e-04	-4.967243e-03	-1.086616e-03	-1.370155e-02	-3.655307e-02	9.746672e-04	-1.043466e-04	-6.973639e-05	-8.681966e-12	-1.211610e-04	-1.224279e-04	
-1.623642e-02	2.132314e-01	-4.360851e-03	-8.844639e-02	-8.675578e-03	-7.124291e-02	-1.293616e-02	-1.171123e-02	-2.503704e-02	-5.059189e-03	-2.610367e-02	-8.641738e-05	-1.936280e-03	6.667442e-05	2.997085e-03	3.149620e-02	3.428090e-02	3.307373e-04	-9.355818e-05	2.254355e-05	-7.900718e-02	-7.951962e-04	-1.265351e-02	-2.464912e-02	4.071913e-02	-1.043466e-04	-6.973639e-05	-8.681966e-12	-1.211610e-04	-1.224279e-04	
-1.713585e-02	9.991638e-02	-4.545992e-03	-8.637144e-02	-9.046820e-03	-6.726411e-02	-1.364630e-02	1.259119e-01	-3.026995e-02	-3.946311e-02	4.574489e-03	4.441713e-04	-1.578676e-03	2.452052e-04	-5.243298e-03	-3.439953e-02	3.064745e-02	5.318743e-04	3.579173e-04	1.776153e-04	-3.104812e-02	2.861766e-03	1.777443e-02	1.028727e-02	2.302572e-02	-1.043466e-04	-6.973639e-05	-8.681966e-12	-1.211610e-04	-1.224279e-04	
-1.805990e-02	-7.955184e-04	-4.736411e-03	-8.488011e-02	-9.428448e-03	-6.453423e-02	-1.438208e-02	2.295464e-01	-1.275461e-02	-1.487802e-02	-1.282370e-02	-2.365219e-04	-1.249673e-03	2.560763e-04	1.750497e-02	2.458948e-02	-1.742888e-02	-6.794076e-04	3.293153e-04	9.955405e-06	-3.357521e-02	-3.731805e-03	-1.461188e-03	-1.660160e-02	-1.195418e-02	-1.043466e-04	-6.973639e-05	-8.681966e-12	-1.211610e-04	-1.224279e-04	
-1.901227e-02	-6.580973e-02	-4.932007e-03	-8.373808e-02	-9.820255e-03	-6.270888e-02	-1.514572e-02	3.216642e-01	-9.201486e-03	-3.653628e-02	1.418719e-02	3.325573e-04	-8.586395e-04	2.589238e-04	3.542739e-03	-2.165387e-02	2.698020e-02	5.703648e-04	3.913461e-04	1.932029e-06	-5.373370e-02	1.276489e-02	-1.384327e-02	-1.518846e-02	4.509031e-02	-1.043466e-04	-6.973639e-05	-8.681966e-12	-1.211610e-04	-1.224279e-04	
-1.999681e-02	-1.008043e-01	-5.132663e-03	-8.275526e-02	-1.022199e-02	-6.146405e-02	-1.593880e-02	3.740823e-01	-4.225959e-03	-4.887118e-02	3.473695e-02	-1.091350e-04	-9.273629e-04	2.758839e-04	4.965150e-03	-1.233051e-02	2.051906e-02	-4.404064e-04	-6.841085e-05	1.604438e-05	-6.185902e-02	1.152029e-02	1.196773e-02	3.880355e-04	1.270041e-02	-1.043466e-04	-6.973639e-05	-8.681966e-12	-1.211610e-04	-1.224279e-04	
-2.101636e-02	-9.731152e-02	-5.338240e-03	-8.183987e-02	-1.063337e-02	-6.055715e-02	-1.676243e-02	2.955366e-01	-4.160678e-03	-1.901341e-02	2.741901e-02	1.782651e-04	-7.018711e-04	2.832495e-04	5.490282e-05	2.986216e-02	-7.348636e-03	2.886854e-04	2.258043e-04	6.449940e-06	-1.021144e-01	9.055812e-03	2.622602e-03	-3.290322e-02	-2.030715e-02	-1.043466e-04	-6.973639e-05	-8.681966e-12	-1.211610e-04	-1.224279e-04	
-2.207288e-02	3.606051e-02	-5.550134e-03	-8.094845e-02	-1.105408e-02	-5.982982e-02	-1.761730e-02	1.460375e-01	-3.219175e-03	-7.137506e-02	5.808648e-02	9.164261e-04	-3.575335e-04	2.861873e-04	9.311168e-04	-5.235724e-02	3.063677e-02	7.394466e-04	3.446500e-04	2.022358e-06	-1.412281e-02	1.736315e-02	7.987941e-03	-2.940550e-02	3.513913e-02	-1.043466e-04	-6.973639e-05	-8.681966e-12	-1.211610e-04	-1.224279e-04	
-2.316778e-02	2.037466e-01	-5.782553e-03	-8.005489e-02	-1.148374e-02	-5.918841e-02	-1.850380e-02	9.908890e-03	-5.161338e-03	-1.911026e-02	5.920521e-02	7.163599e-04	1.461508e-05	5.515993e-04	-1.952539e-03	5.226919e-02	1.088037e-03	-1.987807e-04	3.724615e-04	2.644963e-04	-4.458341e-02	1.097097e-02	2.448617e-02	-5.881075e-03	6.900928e-03	-1.043466e-04	-6.973639e-05	-8.681966e-12	-1.211610e-04	-1.224279e-04	
-2.430197e-02	2.318938e-01	-6.044107e-03	-7.917391e-02	-1.192260e-02	-5.858168e-02	-1.942206e-02	-7.366940e-02	-4.450702e-03	-8.038841e-02	1.716250e-02	-3.491934e-04	5.949347e-04	6.088133e-04	7.002495e-04	-6.127378e-02	-4.207341e-02	-1.064268e-03	5.806324e-04	5.629838e-05	6.441113e-02	1.394943e-02	2.327480e-02	-7.492471e-03	-2.032920e-02	-1.043466e-04	-6.973639e-05	-8.681966e-12	-1.211610e-04	-1.224279e-04	
-2.547595e-02	1.506729e-01	-6.319274e-03	-7.830950e-02	-1.238167e-02	-5.797837e-02	-2.037211e-02	-1.966870e-02	-2.795890e-03	-1.076816e-01	1.910447e-02	-4.341594e-05	2.995556e-04	6.845434e-04	1.644432e-03	-2.728877e-02	1.911271e-03	3.070631e-04	-2.950668e-04	7.481454e-05	-8.378679e-02	8.683089e-03	9.232217e-03	-2.600235e-02	1.783702e-02	-1.043466e-04	-6.973639e-05	-8.681966e-12	-1.211610e-04	-1.224279e-04	
-2.668992e-02	5.096559e-02	-6.592366e-03	-7.745135e-02	-1.287365e-02	-5.737522e-02	-2.135393e-02	1.367136e-01	1.886307e-03	-4.665295e-02	-7.011436e-03	-5.789102e-04	-1.523536e-04	2.748479e-04	4.671816e-03	6.103301e-02	-2.614660e-02	-5.342084e-04	-4.515965e-04	-4.106111e-04	2.666518e-02	3.166859e-03	4.631212e-03	-1.780326e-02	2.326088e-02	-1.043466e-04	-6.973639e-05	-8.681966e-12	-1.211610e-04	-1.224279e-04	
-2.794388e-02	-2.394263e-02	-6.858797e-03	-7.659250e-02	-1.339061e-02	-5.676699e-02	-2.236745e-02	1.904106e-01	2.056310e-03	-1.169186e-01	1.258330e-02	-1.913234e-03	-3.081641e-04	1.809567e-04	1.596261e-04	-7.026123e-02	1.956403e-02	-1.333038e-03	-1.554978e-04	-9.480686e-05	4.738031e-02	-3.488076e-03	3.236874e-02	2.284981e-02	-4.256850e-03	-1.043466e-04	-6.973639e-05	-8.681966e-12	-1.211610e-04	-1.224279e-04	
-2.923771e-02	-7.016024e-02	-7.120404e-03	-7.572642e-02	-1.393196e-02	-5.614495e-02	-2.341259e-02	1.241619e-01	-8.696141e-03	-1.218398e-01	-2.839297e-02	-3.286848e-03	-6.268321e-04	1.315243e-04	-1.076283e-02	-4.916781e-03	-4.100697e-02	-1.372329e-03	-3.183553e-04	-5.034779e-05	2.550920e-02	-2.749715e-03	4.663294e-03	-1.560102e-03	-7.856520e-03	-1.043466e-04	-6.973639e-05	-8.681966e-12	-1.211610e-04	-1.224279e-04	
-3.057372e-02	-9.512198e-02	-7.380187e-03	-7.484867e-02	-1.449042e-02	-5.550976e-02	-2.448922e-02	2.653455e-02	-1.128280e-02	-2.248668e-01	-7.837310e-02	-6.139743e-03	-1.076464e-03	-3.915870e-04	-2.597039e-03	-1.030226e-01	-5.001083e-02	-2.851609e-03	-4.493194e-04	-5.240269e-04	2.289634e-01	-1.257863e-02	6.818234e-03	3.283717e-02	1.374575e-04	-1.043466e-04	-6.973639e-05	-8.681966e-12	-1.211610e-04	-1.224279e-04	
-3.196760e-02	-1.055662e-01	-7.640468e-03	-7.395662e-02	-1.504854e-02	-5.486203e-02	-2.559717e-02	-4.939938e-02	4.881204e-04	-2.727852e-01	-5.515998e-02	-7.326005e-03	-4.764841e-04	1.234043e-04	1.176053e-02	-4.791405e-02	2.318243e-02	-1.184976e-03	6.002923e-04	5.140756e-04	7.209987e-02	-3.922359e-03	2.656214e-02	5.390252e-02	-4.401892e-02	-1.043466e-04	-6.973639e-05	-8.681966e-12	-1.211610e-04	-1.224279e-04	
-3.342440e-02	-1.063736e-01	-7.902808e-03	-7.304896e-02	-1.559712e-02	-5.420239e-02	-2.673619e-02	-9.556554e-02	2.431151e-04	-2.045669e-01	-1.005336e-01	-5.141153e-03	-2.813554e-04	5.351049e-04	-2.553881e-04	6.822269e-02	-4.540427e-02	2.186137e-03	1.954412e-04	4.107849e-04	9.633511e-02	9.074276e-03	-1.215640e-02	3.688107e-03	4.841564e-03	-1.043466e-04	-6.973639e-05	-8.681966e-12	-1.211610e-04	-1.224279e-04	
-3.492688e-02	-1.015354e-01	-8.168203e-03	-7.212534e-02	-1.613685e-02	-5.353142e-02	-2.790689e-02	-1.196002e-01	-6.393767e-03	-1.648273e-01	-8.733631e-02	-3.278205e-03	-2.015950e-04	3.328150e-04	-6.647261e-03	3.974399e-02	1.316654e-02	1.864233e-03	8.007304e-05	-2.032054e-04	8.627403e-03	3.985174e-03	-2.625809e-02	-1.412962e-03	2.092490e-02	-1.043466e-04	-6.973639e-05	-8.681966e-12	-1.211610e-04	-1.224279e-04	
-3.646055e-02	-9.433758e-02	-8.437178e-03	-7.117935e-02	-1.667190e-02	-5.284970e-02	-2.912135e-02	-1.290684e-01	8.928396e-03	-2.319260e-01	-1.001982e-01	-4.409221e-03	-6.419431e-04	6.972826e-04	1.531178e-02	-6.709431e-02	-1.289258e-02	-1.129730e-03	-4.400354e-04	3.635520e-04	7.259033e-02	-1.368992e-03	-1.237537e-02	3.884482e-02	5.616173e-03	-1.043466e-04	-6.973639e-05	-8.681966e-12	-1.211610e-04	-1.224279e-04	
-3.802181e-02	-8.707859e-02	-8.709850e-03	-5.345199e-02	-1.720610e-02	-5.215778e-02	-3.039098e-02	-1.290553e-01	7.950776e-03	-1.181905e-01	-1.144142e-01	-5.230081e-03	-6.026974e-04	-1.990715e-04	-9.879965e-04	1.137399e-01	-1.424666e-02	-8.195741e-04	3.955828e-05	-8.972698e-04	8.501545e-02	4.593751e-03	-6.341210e-03	2.253367e-02	-3.935358e-02	-1.043466e-04	-6.973639e-05	-8.681966e-12	-1.211610e-04	-1.224279e-04	
-3.961254e-02	-8.096951e-02	-8.986913e-03	7.957413e-02	-1.774199e-02	-5.145585e-02	-3.170205e-02	-1.234006e-01	6.733083e-03	-1.671798e-01	-8.289868e-02	-4.859285e-03	-4.522954e-04	-1.824577e-04	-1.228080e-03	-4.898492e-02	3.148479e-02	3.720808e-04	1.507147e-04	1.569836e-05	-3.561520e-02	7.499571e-03	-2.112783e-02	1.462641e-02	1.276255e-02	-1.043466e-04	-6.973639e-05	-8.681966e-12	-1.211610e-04	-1.224279e-04	
-4.123526e-02	-7.634555e-02	-9.280459e-03	2.503587e-01	-1.828101e-02	-5.073550e-02	-3.303730e-02	-1.152761e-01	5.682020e-03	-1.499489e-01	-9.501374e-02	-4.878393e-03	1.339311e-04	1.338627e-05	-1.061441e-03	1.723527e-02	-1.214576e-02	-1.782169e-05	5.865392e-04	1.949283e-04	-6.178647e-02	6.585362e-03	4.204145e-03	2.420016e-02	-9.811417e-03	-1.043466e-04	-6.973639e-05	-1.332979e-04	-1.211610e-04	-1.224279e-04	
-4.289170e-02	-7.306047e-02	-9.601881e-03	3.579736e-01	-1.882372e-02	-4.998540e-02	-3.439033e-02	-1.070074e-01	1.086634e-02	-1.155519e-01	-7.175882e-04	-3.592946e-03	5.839700e-04	-3.562584e-04	5.173945e-03	3.440147e-02	9.426545e-02	1.286732e-03	4.503512e-04	-3.705604e-04	8.359259e-02	-7.302263e-04	1.615442e-03	-1.723482e-02	-3.958939e-02	-1.043466e-04	-6.973639e-05	-1.457855e-04	-1.211610e-04	-1.224279e-04	
-4.458270e-02	-7.076564e-02	-9.937516e-03	4.521890e-01	-1.937007e-02	-4.921897e-02	-3.576420e-02	-9.988856e-02	1.216991e-02	-1.279809e-01	8.042525e-03	-3.067486e-03	5.289378e-04	-4.390489e-04	1.293186e-03	-1.242465e-02	8.729414e-03	5.267465e-04	-5.471955e-05	-8.370602e-05	-8.529444e-02	-2.001074e-03	6.151485e-03	1.795176e-02	3.176295e-03	-1.043466e-04	-6.973639e-05	-1.592995e-04	-1.211610e-04	-1.224279e-04	
-4.630852e-02	-6.911443e-02	-1.027027e-02	4.297640e-01	-1.991949e-02	-4.646652e-02	-3.717691e-02	-9.432007e-02	1.052230e-02	-1.419580e-01	-3.785172e-02	-4.152258e-03	9.815316e-04	-8.818170e-04	-1.657990e-03	-1.397269e-02	-4.592494e-02	-1.083488e-03	4.529064e-04	-4.436836e-04	4.220920e-02	-1.514471e-02	2.981215e-03	3.447410e-02	8.002289e-03	-1.043466e-04	-6.973639e-05	-1.739097e-04	-1.211610e-04	-1.224279e-04	
-4.807018e-02	-6.784387e-02	-1.059403e-02	2.913929e-01	-2.047115e-02	2.194728e-02	-3.863646e-02	-9.018265e-02	1.217510e-02	-6.640241e-02	-3.367689e-02	-3.266323e-03	9.120927e-04	-1.064069e-03	1.642417e-03	7.555997e-02	4.144140e-03	8.872214e-04	-6.912598e-05	-1.831674e-04	-1.286104e-02	-9.349194e-03	6.706384e-03	2.419483e-02	-2.854380e-02	-1.043466e-04	-6.973639e-05	-1.896891e-04	-1.211610e-04	-1.224279e-04	
-4.988081e-02	-6.677852e-02	-1.091002e-02	1.324677e-01	-2.102409e-02	2.017061e-01	-4.012724e-02	-8.712953e-02	7.914638e-03	-1.365710e-01	5.903625e-03	-2.706028e-03	7.964178e-04	-4.277678e-04	-4.270845e-03	-7.016417e-02	3.954981e-02	5.615804e-04	-1.153625e-04	6.353855e-04	4.002946e-02	5.496037e-03	-2.546736e-03	1.831815e-02	2.165098e-03	-1.043466e-04	-6.973639e-05	-2.067140e-04	-1.211610e-04	-1.224279e-04	
-5.174879e-02	-6.581301e-02	-1.122116e-02	2.076074e-02	-2.157735e-02	3.022873e-01	-4.163508e-02	-8.481782e-02	7.720316e-03	-7.216709e-02	-5.263251e-03	-3.015316e-03	6.476942e-04	-4.841383e-04	-2.047022e-04	6.440826e-02	-1.119757e-02	-3.080024e-04	-1.484111e-04	-5.728623e-05	-2.498471e-02	-1.247187e-04	7.945767e-03	1.658591e-02	7.325717e-03	-1.043466e-04	-6.973639e-05	-2.250643e-04	-1.211610e-04	-1.224279e-04	
-5.365781e-02	-6.488918e-02	-1.153014e-02	5.634183e-02	-2.212999e-02	2.560837e-01	-4.315628e-02	-8.296940e-02	-2.344283e-03	-9.469125e-02	2.057824e-02	-2.833526e-03	9.012333e-04	-3.994259e-04	-1.007498e-02	-2.251977e-02	2.581079e-02	1.830759e-04	2.538518e-04	8.379693e-05	-5.595177e-02	-3.126444e-03	1.258688e-02	-5.042522e-03	-4.128902e-02	-1.043466e-04	-6.973639e-05	-2.448232e-04	-1.211610e-04	-1.224279e-04	
-5.559044e-02	-6.397371e-02	-1.184788e-02	1.958961e-01	-2.268112e-02	1.492905e-01	-4.469249e-02	-8.137494e-02	-7.977010e-03	-1.081345e-01	2.507580e-02	-2.050116e-03	5.416254e-04	-2.409545e-04	-5.643100e-03	-1.343889e-02	4.466866e-03	7.846960e-04	-3.592954e-04	1.575558e-04	-4.956528e-02	-3.253478e-04	-4.200634e-04	3.048987e-03	3.281793e-02	-1.043466e-04	-6.973639e-05	-2.660772e-04	-1.211610e-04	-1.224279e-04	
-5.754023e-02	-6.305560e-02	-1.219070e-02	2.346934e-01	-2.322995e-02	6.063058e-02	-4.624578e-02	-7.991052e-02	4.875950e-03	-5.422280e-02	-7.831447e-03	-2.771282e-03	5.688163e-04	-3.682850e-04	1.284258e-02	5.391614e-02	-3.293794e-02	-7.198816e-04	2.750356e-05	-1.282461e-04	1.522478e-02	-5.597531e-03	9.711580e-03	1.117489e-02	-2.649032e-02	-1.043466e-04	-6.973639e-05	-2.889161e-04	-1.211610e-04	-1.224279e-04	
-5.950735e-02	-6.213686e-02	-1.255016e-02	1.604899e-01	-2.378061e-02	9.628265e-02	-4.781723e-02	-7.850545e-02	1.228805e-03	-8.674259e-02	1.110092e-02	-2.544454e-03	1.293804e-05	-1.252279e-04	-3.657526e-03	-3.251540e-02	1.890166e-02	2.281141e-04	-5.555655e-04	2.421414e-04	-3.113134e-02	7.027929e-04	-6.489750e-03	-2.810871e-02	-9.170828e-03	-1.043466e-04	-6.973639e-05	-3.134332e-04	-1.211610e-04	-1.224279e-04	
-6.149315e-02	-6.120471e-02	-1.290851e-02	6.081509e-02	-2.434949e-02	2.382572e-01	-4.940705e-02	-7.609232e-02	-8.752488e-04	-1.175807e-01	-2.186597e-03	-2.504152e-03	7.568974e-04	9.713773e-05	-2.114436e-03	-3.083371e-02	-1.331822e-02	4.158768e-05	7.442719e-04	2.214500e-04	-2.609734e-02	-1.107462e-03	-1.028757e-03	6.362763e-03	2.698081e-02	-1.043466e-04	-6.973639e-05	-3.397249e-04	-1.211610e-04	-1.224279e-04	
-6.349829e-02	-6.026007e-02	-1.325773e-02	-1.424207e-02	-2.493464e-02	2.823986e-01	-5.101481e-02	-1.947985e-02	-4.070259e-03	-5.954155e-02	2.936310e-02	-2.095120e-03	3.758935e-04	-2.201352e-05	-3.205390e-03	5.804354e-02	3.151900e-02	4.103181e-04	-3.806911e-04	-1.200668e-04	-6.021609e-03	-3.531503e-03	9.786431e-03	-8.003117e-03	-2.538543e-02	-1.043466e-04	-6.973639e-05	-3.678908e-04	-1.211610e-04	-1.224279e-04	
-6.552258e-02	-5.930380e-02	-1.359823e-02	-5.858845e-02	-2.551707e-02	2.062467e-01	-5.264159e-02	1.566206e-01	1.750946e-03	-9.865345e-02	3.275400e-02	-2.003750e-03	4.841124e-04	2.488619e-04	5.810826e-03	-3.910752e-02	3.360208e-03	9.265546e-05	1.085316e-04	2.699597e-04	-6.011273e-02	2.533732e-03	-4.459119e-04	-1.755557e-02	1.390543e-02	-1.043466e-04	-6.973639e-05	-3.980335e-04	-1.211610e-04	-1.224279e-04	
-6.756520e-02	-5.798326e-02	-1.393290e-02	-8.075701e-02	-2.608465e-02	9.909980e-02	-5.430123e-02	2.729246e-01	4.219444e-04	-7.252316e-02	1.902082e-02	-2.270773e-03	6.405168e-04	5.885071e-05	-1.339383e-03	2.613466e-02	-1.376388e-02	-2.657375e-04	1.567167e-04	-1.909266e-04	-5.363441e-02	-6.908879e-03	2.530821e-03	-2.887519e-03	-3.312101e-03	-1.043466e-04	-6.973639e-05	-4.302586e-04	-1.211610e-04	-1.224279e-04	
-6.962476e-02	-1.646917e-02	-1.426427e-02	-8.868457e-02	-2.663569e-02	1.605356e-02	-5.599917e-02	2.390677e-01	1.013700e-02	-6.415026e-02	2.168665e-03	-2.397666e-03	5.210213e-04	4.774567e-04	9.704672e-03	8.377298e-03	-1.688285e-02	-1.256081e-04	-1.191827e-04	4.176904e-04	-5.785097e-02	-7.156333e-03	-3.183624e-03	-1.912046e-02	-2.032186e-02	-1.043466e-04	-6.973639e-05	-4.646741e-04	-1.211610e-04	-1.224279e-04	
-7.169939e-02	1.498748e-01	-1.459413e-02	-8.758666e-02	-2.718024e-02	-3.443251e-02	-5.771736e-02	1.348244e-01	3.393266e-03	-1.104254e-01	3.631783e-02	-2.332663e-03	2.417818e-04	4.940100e-04	-6.754114e-03	-4.627078e-02	3.411847e-02	6.628935e-05	-2.789266e-04	1.563768e-05	-2.144221e-02	-7.390392e-03	1.038657e-02	3.365861e-03	3.311615e-02	-1.043466e-04	-6.973639e-05	-5.013910e-04	-1.211610e-04	-1.224279e-04	
-7.378682e-02	2.961252e-01	-1.492371e-02	-8.129277e-02	-2.773716e-02	-6.074053e-02	-5.943900e-02	3.741819e-02	3.832770e-03	-7.070825e-02	-4.031319e-02	-3.716135e-03	4.010484e-05	2.977701e-04	4.291268e-04	3.972157e-02	-7.666172e-02	-1.382187e-03	-2.013646e-04	-1.971555e-04	8.175800e-02	-2.715276e-02	2.031471e-02	4.770785e-02	-1.928997e-02	-1.043466e-04	-6.973639e-05	-5.405225e-04	-1.211610e-04	-1.224279e-04	
-7.588451e-02	3.974811e-01	-1.525382e-02	-7.288166e-02	-2.830168e-02	-7.133356e-02	-6.115834e-02	-2.904635e-02	3.031956e-03	-4.539315e-02	1.824005e-04	-3.139105e-03	1.659792e-04	5.291426e-04	-8.111944e-04	2.531952e-02	4.046489e-02	5.783157e-04	1.261873e-04	2.304568e-04	-3.044332e-02	-2.394120e-03	-1.361556e-02	-1.321978e-02	-3.246499e-02	-1.043466e-04	-6.973639e-05	-5.821838e-04	-1.211610e-04	-1.224279e-04	
-7.798976e-02	4.699779e-01	-1.558487e-02	-6.455369e-02	-2.886340e-02	-7.191344e-02	-6.287564e-02	-6.380097e-02	2.009502e-03	-8.364403e-02	-7.831453e-03	-2.942087e-03	8.940952e-04	5.910734e-04	-1.032836e-03	-3.824650e-02	-8.044549e-03	1.983041e-04	7.284283e-04	6.101530e-05	-3.648434e-02	1.088649e-02	-1.581755e-02	2.927248e-03	1.915654e-02	-1.043466e-04	-6.973639e-05	-6.264922e-04	-1.211610e-04	-1.224279e-04	
-8.009982e-02	4.102225e-01	-1.591704e-02	-5.750494e-02	-2.943069e-02	-6.664426e-02	-6.459204e-02	2.311415e-03	-1.589095e-03	-1.120819e-01	-1.071664e-02	-2.421894e-03	6.930686e-04	8.284207e-04	-3.608979e-03	-2.843344e-02	-2.915887e-03	5.214791e-04	-2.007138e-04	2.364317e-04	-4.843072e-02	3.515077e-03	-1.997884e-02	-4.056196e-03	-1.030528e-02	-1.043466e-04	-6.973639e-05	-6.735662e-04	-1.211610e-04	-1.224279e-04	
-8.220857e-02	2.583032e-01	-1.625562e-02	-5.208633e-02	-2.999911e-02	-5.884206e-02	-6.630803e-02	1.768044e-01	2.403753e-03	-7.507098e-02	1.309428e-02	-3.111478e-03	8.490995e-04	5.677412e-04	3.982465e-03	3.701530e-02	2.378023e-02	-6.882993e-04	1.563433e-04	-2.615952e-04	-8.191651e-03	2.728417e-03	-2.697131e-02	-9.807809e-03	2.136293e-02	-1.043466e-04	-6.973639e-05	-7.235258e-04	-1.211610e-04	-1.224279e-04	
-6.939314e-02	1.071862e-01	-1.661759e-02	-4.814091e-02	-3.055335e-02	-5.088581e-02	-6.802329e-02	2.577002e-01	-1.125054e-02	-3.282570e-02	-4.789308e-03	-2.094133e-03	-2.909552e-05	4.232163e-04	-1.366468e-02	4.224965e-02	-1.791429e-02	1.018630e-03	-8.778822e-04	-1.454405e-04	3.996867e-02	-5.519541e-03	-4.269188e-03	-8.250969e-03	-2.088114e-02	-1.043466e-04	-6.973639e-05	-7.764920e-04	-1.211610e-04	-1.224279e-04	
5.612112e-02	9.142699e-05	-1.700070e-02	-4.530622e-02	-3.108627e-02	-4.409932e-02	-6.973697e-02	2.033100e-01	-1.453598e-02	-9.747095e-02	1.465738e-02	-1.833765e-03	1.656853e-04	4.045276e-04	-3.295817e-03	-6.464086e-02	1.941600e-02	2.616541e-04	1.950932e-04	-1.960420e-05	-2.304459e-02	-8.896486e-03	7.991075e-03	2.873105e-03	-9.131276e-03	-1.043466e-04	-6.973639e-05	-8.325858e-04	-1.211610e-04	-1.224279e-04	
2.229049e-01	-6.217868e-02	-1.738649e-02	-4.318513e-02	-3.159941e-02	-3.891577e-02	-7.143517e-02	1.023679e-01	-2.411483e-02	-9.057488e-02	3.818247e-02	-2.088797e-03	2.275270e-04	4.018706e-04	-9.589227e-03	6.900454e-03	2.349439e-02	-2.537462e-04	6.215436e-05	-3.572667e-06	-7.119815e-02	-1.467586e-02	8.851876e-03	3.955200e-03	1.027068e-02	-1.043466e-04	-6.973639e-05	-8.919288e-04	-1.211610e-04	-1.224279e-04	
2.515793e-01	-9.179933e-02	-1.776391e-02	-4.152351e-02	-3.209708e-02	-3.521625e-02	-5.437049e-02	1.759270e-02	-1.222693e-02	-3.908948e-02	1.684573e-02	-1.643076e-03	2.072671e-04	3.761277e-04	1.187752e-02	5.148982e-02	-2.136745e-02	4.470070e-04	-1.994719e-05	-2.665839e-05	-2.632057e-02	-7.724566e-03	2.913483e-03	5.311900e-03	-1.455631e-02	-1.043466e-04	-6.973639e-05	-9.546419e-04	-1.211610e-04	-1.224279e-04	
1.639900e-01	-1.002301e-01	-1.813617e-02	-4.013200e-02	-3.258307e-02	-3.265226e-02	8.031674e-02	-3.703431e-02	-1.051471e-02	-1.112103e-01	7.969216e-02	-1.043867e-03	3.693849e-04	1.856452e-04	1.701845e-03	-7.211648e-02	6.281574e-02	6.004938e-04	1.624307e-04	-1.913982e-04	4.960893e-02	7.852211e-03	1.505181e-03	-9.633943e-03	-3.220732e-03	-1.043466e-04	-6.973639e-05	-1.020845e-03	-1.211610e-04	-1.224279e-04	
5.390260e-02	-9.606120e-02	-1.852337e-02	-3.889603e-02	-3.306005e-02	-3.084810e-02	2.420835e-01	-6.748676e-02	-1.326053e-02	-7.124405e-02	1.198429e-01	-9.548059e-04	2.550685e-04	1.432472e-04	-2.756202e-03	3.997069e-02	4.012006e-02	9.034733e-05	-1.140039e-04	-4.331344e-05	-3.940505e-02	1.663915e-02	8.646186e-03	-2.867064e-02	2.084143e-02	-1.043466e-04	-6.973639e-05	-1.090658e-03	-1.211610e-04	-1.224279e-04	
-3.103927e-02	-8.568083e-02	-1.892939e-02	-3.774656e-02	-2.860658e-02	-2.952579e-02	2.608530e-01	-8.140107e-02	-1.457841e-02	-8.484851e-02	6.780339e-02	-1.708079e-03	-3.296875e-05	-2.170522e-04	-1.328273e-03	-1.360008e-02	-5.207023e-02	-7.519881e-04	-2.877248e-04	-3.612151e-04	1.913650e-02	6.763034e-03	1.550324e-02	-2.054662e-02	-1.381298e-02	-1.043466e-04	-6.973639e-05	-1.164196e-03	-1.211610e-04	-1.224279e-04	
-8.528250e-02	-7.361580e-02	-1.933862e-02	-3.664296e-02	6.121087e-02	-2.847471e-02	1.695616e-01	-8.424702e-02	-1.374152e-02	-9.617964e-02	3.629688e-02	-5.329284e-04	-8.917982e-04	1.344738e-04	8.265172e-04	-1.132672e-02	-3.153720e-02	1.176437e-03	-8.585167e-04	3.506105e-04	3.172004e-02	-1.249233e-03	-3.705955e-03	-3.345892e-02	1.998644e-02	-1.043466e-04	-6.973639e-05	-1.241575e-03	-1.211610e-04	-1.224279e-04	
-1.163931e-01	-6.261034e-02	-1.974067e-02	-3.556075e-02	2.413338e-01	-2.756941e-02	6.076173e-02	-8.022651e-02	-1.307267e-02	-3.415423e-02	5.190611e-02	-6.182547e-04	-6.248915e-04	1.456546e-04	6.584663e-04	6.202979e-02	1.557852e-02	-8.404068e-05	2.672194e-04	1.026517e-05	-3.318983e-02	-5.181056e-03	1.459060e-02	-1.353402e-02	1.260201e-02	-1.043466e-04	-6.973639e-05	-1.322906e-03	-1.211610e-04	-1.224279e-04	
-1.316614e-01	-5.385983e-02	-1.236270e-02	-3.450760e-02	3.143196e-01	-2.674105e-02	-2.158241e-02	-7.284376e-02	-1.662905e-02	-4.764264e-02	-7.153541e-03	-1.481222e-03	-5.494814e-04	1.626975e-04	-3.566759e-03	-1.348401e-02	-5.909034e-02	-8.616818e-04	7.572270e-05	1.612732e-05	1.752601e-03	-1.563573e-02	1.828419e-03	-7.591427e-03	-9.478116e-03	-1.043466e-04	-6.973639e-05	-1.408297e-03	-1.211610e-04	-1.224279e-04	
-1.363979e-01	-4.748926e-02	9.165373e-02	-3.346390e-02	2.496896e-01	-2.595246e-02	-7.357916e-02	-6.474175e-02	-1.148228e-02	-7.168739e-02	6.892296e-03	-6.940591e-04	-8.585456e-04	-2.142042e-05	5.136384e-03	-2.404036e-02	1.401514e-02	7.884486e-04	-3.087516e-04	-1.850336e-04	-2.593390e-02	-4.462122e-03	-3.601466e-03	-1.177927e-02	1.797514e-02	-1.043466e-04	-6.973639e-05	-1.497850e-03	-1.211610e-04	-1.224279e-04	
-1.348768e-01	-4.308266e-02	2.694233e-01	-3.242905e-02	1.402709e-01	-2.517967e-02	-1.030018e-01	-5.750539e-02	-1.618752e-02	-1.872319e-02	1.726094e-02	-9.979026e-04	-2.440080e-04	-2.444850e-04	-4.715621e-03	5.296859e-02	1.033795e-02	-3.025577e-04	6.148504e-04	-2.239802e-04	-3.503923e-03	1.146958e-03	-1.087666e-02	-8.906798e-03	1.847802e-02	-1.043466e-04	-6.973639e-05	-1.591666e-03	-1.211610e-04	-1.224279e-04	
-1.305899e-01	-4.007682e-02	3.263552e-01	-3.139323e-02	7.968657e-02	-2.443301e-02	-1.169936e-01	-5.175390e-02	-1.719076e-02	-1.650423e-02	-4.450828e-03	-4.492554e-04	-2.820751e-04	-2.863441e-04	-1.013623e-03	2.223355e-03	-2.174247e-02	5.499328e-04	-3.775468e-05	-4.277449e-05	-7.738110e-02	-6.866754e-05	-1.140252e-02	-3.488381e-03	5.537606e-03	-1.043466e-04	-6.973639e-05	-1.689835e-03	-1.211610e-04	-1.224279e-04	
-1.259906e-01	-3.797188e-02	2.528966e-01	-3.034724e-02	1.752833e-01	-2.369454e-02	-1.207675e-01	-4.746264e-02	-2.111546e-02	-4.542587e-02	5.229909e-03	-5.649024e-04	-4.150374e-04	-2.011371e-04	-3.935077e-03	-2.891725e-02	9.650043e-03	-1.143617e-04	-1.326495e-04	8.429141e-05	-6.580366e-02	1.228714e-02	-1.636787e-02	-1.675236e-02	9.675770e-03	-1.043466e-04	-6.973639e-05	-1.792446e-03	-1.211610e-04	-1.224279e-04	
-1.223420e-01	-3.640207e-02	1.433473e-01	-2.930698e-02	2.864755e-01	-2.296392e-02	-1.185471e-01	-4.433884e-02	-2.514676e-02	7.133490e-03	2.440795e-02	-1.107672e-03	-1.467302e-04	4.260999e-06	-4.041681e-03	5.256375e-02	1.914735e-02	-5.414839e-04	2.686197e-04	2.044824e-04	-4.192699e-03	9.284280e-03	-1.742601e-02	-3.312681e-02	1.207576e-02	-1.043466e-04	-6.973639e-05	-1.899577e-03	-1.211610e-04	-1.224279e-04	
-9.447328e-02	-3.513093e-02	5.475283e-02	-2.829081e-02	2.647714e-01	-2.224164e-02	-1.137640e-01	-4.201186e-02	-2.135525e-02	-3.154163e-02	-1.484012e-02	-1.058137e-03	-2.857006e-04	-2.454985e-04	3.781134e-03	-3.867072e-02	-3.927877e-02	5.081991e-05	-1.386580e-04	-2.506752e-04	-2.400692e-02	-2.857882e-03	-2.413230e-03	-4.176610e-03	1.814159e-02	-1.043466e-04	-6.973639e-05	-2.011299e-03	-1.211610e-04	-1.224279e-04	
5.493416e-02	-3.401346e-02	-2.559992e-03	-2.730424e-02	1.610582e-01	-2.152819e-02	-1.087886e-01	-4.016658e-02	-2.727554e-02	-2.796498e-02	-6.801898e-04	-1.174027e-03	-1.070749e-05	1.121595e-04	-5.930678e-03	3.581041e-03	1.412923e-02	-1.146041e-04	2.753059e-04	3.567424e-04	-7.053456e-02	-4.784630e-03	-3.615376e-03	-1.990959e-02	2.027315e-02	-1.043466e-04	-6.973639e-05	-2.127677e-03	-1.211610e-04	-1.224279e-04	
2.084348e-01	-3.298448e-02	-3.537868e-02	-2.634463e-02	5.844572e-02	-2.082404e-02	-8.811254e-02	-3.860392e-02	-1.974904e-02	9.897035e-03	-1.374792e-02	-1.338826e-03	-3.153753e-04	-2.079446e-04	7.516115e-03	3.786640e-02	-1.309843e-02	-1.635137e-04	-3.043552e-04	-3.210195e-04	-2.876482e-02	-1.869586e-02	1.006764e-02	1.018616e-02	7.388453e-03	-1.043466e-04	-6.973639e-05	-2.248765e-03	-1.211610e-04	-1.224279e-04	
2.130225e-01	-3.200081e-02	-5.133767e-02	-2.540790e-02	-1.161680e-02	-2.012962e-02	4.641458e-02	-3.721483e-02	-1.040610e-02	-4.207953e-02	-5.150059e-03	-1.077660e-03	-3.528437e-04	-4.799233e-04	9.332568e-03	-5.197218e-02	8.567162e-03	2.624515e-04	-3.715580e-05	-2.728944e-04	-3.663088e-02	-1.476062e-02	2.226374e-02	2.550358e-02	-1.068037e-03	-1.043466e-04	-6.973639e-05	-2.374605e-03	-1.211610e-04	-1.224279e-04	
1.168260e-01	-3.103680e-02	-5.601444e-02	-2.449103e-02	-5.156777e-02	-1.944539e-02	2.138851e-01	-3.593481e-02	-3.297602e-02	1.051209e-02	-1.711810e-02	-1.462759e-03	-3.350071e-05	-5.844107e-04	-2.258029e-02	5.259600e-02	-1.199875e-02	-3.838133e-04	3.196557e-04	-1.054031e-04	-1.982044e-03	-2.078399e-05	-1.686652e-02	-9.019527e-03	4.979968e-03	-1.043466e-04	-6.973639e-05	-2.505231e-03	-1.211610e-04	-1.224279e-04	
1.483438e-02	-3.009398e-02	-5.381570e-02	-2.359220e-02	-7.111240e-02	-1.877176e-02	2.397066e-01	-3.472334e-02	-2.614530e-02	4.273605e-03	-2.607178e-02	-1.674092e-03	-3.840875e-04	-7.587336e-04	6.820331e-03	-6.234072e-03	-8.984365e-03	-2.100471e-04	-3.502744e-04	-1.752384e-04	-6.719270e-02	3.918702e-03	-8.457299e-03	-1.127464e-02	-3.044155e-03	-1.043466e-04	-6.973639e-05	-2.640666e-03	-1.211610e-04	-1.224279e-04	
2.622475e-02	-2.914163e-02	-4.838074e-02	-2.271047e-02	-7.765304e-02	-1.810913e-02	1.517096e-01	-3.354869e-02	-3.014606e-02	-2.748884e-02	-1.896350e-02	-3.380573e-04	-4.028205e-04	-6.025392e-04	-4.011141e-03	-3.175805e-02	7.077583e-03	1.337320e-03	-1.842030e-05	1.552788e-04	-1.861431e-02	-1.065651e-03	3.996120e-03	2.026150e-03	2.347762e-03	-1.043466e-04	-6.973639e-05	-2.780918e-03	-1.211610e-04	-1.224279e-04	
1.576786e-01	-2.818797e-02	-4.235484e-02	-2.184549e-02	-7.617600e-02	-1.745789e-02	4.496705e-02	-3.241711e-02	-2.946093e-02	5.476814e-03	-4.670965e-02	-8.294202e-04	3.649932e-05	-4.825773e-04	6.747438e-04	3.297003e-02	-2.777685e-02	-4.900772e-04	4.396324e-04	1.190463e-04	-1.885395e-02	-8.459282e-03	-2.155982e-02	-1.695521e-02	2.252360e-02	-1.043466e-04	-6.973639e-05	-2.925985e-03	-1.211610e-04	-1.224279e-04	
2.037994e-01	-2.725331e-02	-3.724200e-02	-2.099743e-02	-7.048849e-02	-1.681840e-02	2.560399e-02	-3.130331e-02	-1.625912e-02	2.936585e-02	2.538498e-03	-7.437110e-04	1.440458e-04	-5.300477e-04	1.319143e-02	2.389343e-02	4.921745e-02	8.699531e-05	1.078591e-04	-4.838617e-05	-4.320739e-02	-2.722370e-03	6.746326e-03	-2.802055e-04	-5.211160e-03	-1.043466e-04	-6.973639e-05	-3.075849e-03	-1.211610e-04	-1.224279e-04	
1.271805e-01	-2.634714e-02	-3.358622e-02	-2.016675e-02	-6.351876e-02	-1.619101e-02	1.512493e-01	-3.018986e-02	-6.445328e-03	-2.235436e-02	-1.522227e-02	-6.147945e-04	2.647253e-04	-3.600343e-04	9.803425e-03	-5.171582e-02	-1.779147e-02	1.302016e-04	1.209922e-04	1.690980e-04	-3.858557e-02	-4.863046e-03	1.025714e-02	1.565320e-02	-1.546352e-02	-1.043466e-04	-6.973639e-05	-3.230481e-03	-1.211610e-04	-1.224279e-04	
1.542143e-02	-2.546831e-02	-3.133418e-02	-1.935202e-02	-5.716466e-02	-1.557602e-02	2.578146e-01	-2.908459e-02	-3.288151e-03	2.436184e-02	-3.365125e-02	-9.141601e-04	4.315401e-05	-5.075783e-04	3.146790e-03	4.672060e-02	-1.845968e-02	-2.980794e-04	-2.212588e-04	-1.484596e-04	-2.998604e-02	-4.374617e-03	-1.870186e-02	-1.618292e-02	2.166970e-02	-1.043466e-04	-6.973639e-05	-3.389834e-03	-1.211610e-04	-1.224279e-04	
-7.286514e-02	-2.461247e-02	-3.017599e-02	-1.854002e-02	-5.230675e-02	-1.497374e-02	3.566240e-01	-2.800705e-02	-1.802148e-02	-7.835963e-03	2.721074e-03	-6.508687e-04	4.830353e-04	-4.425909e-04	-1.474371e-02	-3.219341e-02	3.634163e-02	2.645768e-04	4.401940e-04	6.407185e-05	-2.073312e-02	-2.313761e-03	1.043125e-02	1.726113e-03	6.765063e-03	-1.043466e-04	-6.973639e-05	-3.553848e-03	-1.211610e-04	-1.224279e-04	
-1.106194e-01	-2.377592e-02	-2.976579e-02	-1.772854e-02	-4.907829e-02	-1.438440e-02	3.922227e-01	-2.696598e-02	-1.375847e-02	-2.575008e-02	-4.774168e-02	-5.722306e-04	-9.725243e-05	-5.197236e-04	4.252642e-03	-1.790973e-02	-5.049345e-02	7.992391e-05	-5.799751e-04	-7.804847e-05	-2.824602e-02	-8.894322e-03	6.297856e-03	2.311539e-03	-1.492681e-03	-1.043466e-04	-6.973639e-05	-3.722446e-03	-1.211610e-04	-1.224279e-04	
-7.710883e-03	-2.295630e-02	-2.982233e-02	-1.693680e-02	-4.721648e-02	-1.380376e-02	2.934669e-01	-2.596001e-02	-1.727541e-02	2.812810e-02	-1.912895e-02	-7.689373e-04	4.167190e-04	-5.257410e-04	-3.527336e-03	5.388258e-02	2.858203e-02	-1.954211e-04	5.142842e-04	-6.932950e-06	-1.714950e-02	-8.704857e-03	3.804170e-03	2.941490e-03	8.813761e-03	-1.043466e-04	-6.973639e-05	-3.895535e-03	-1.211610e-04	-1.224279e-04	
1.460217e-01	-2.215223e-02	-3.015189e-02	-1.617897e-02	-4.633982e-02	-1.321718e-02	1.348281e-01	-2.498480e-02	-7.466258e-04	5.690361e-03	1.641104e-02	-7.835904e-04	7.697363e-04	-5.001382e-04	1.651841e-02	-2.243336e-02	3.550930e-02	-1.336736e-05	3.533299e-04	2.468740e-05	-4.526489e-02	-5.007411e-03	2.098825e-02	2.196692e-02	-2.051621e-02	-1.043466e-04	-6.973639e-05	-4.073005e-03	-1.211610e-04	-1.224279e-04	
2.033573e-01	-2.136305e-02	-3.063598e-02	-1.545654e-02	-4.609460e-02	-1.262772e-02	-2.725398e-03	-2.403676e-02	-6.291639e-03	-3.020052e-02	-2.244501e-02	-4.656063e-04	3.879376e-04	-4.797579e-04	-5.555395e-03	-3.588649e-02	-3.888675e-02	3.192693e-04	-3.814860e-04	1.946452e-05	-2.453827e-02	1.526717e-03	2.911345e-03	9.036042e-03	-3.392924e-03	-1.043466e-04	-6.973639e-05	-4.254729e-03	-1.211610e-04	-1.224279e-04	
2.787000e-01	-2.058862e-02	-3.121943e-02	-1.476525e-02	-4.624552e-02	-1.204173e-02	-9.339041e-02	-2.311353e-02	-1.007883e-02	-1.359833e-03	1.709503e-02	-7.922256e-04	8.234210e-04	-6.661522e-05	-3.797573e-03	2.884506e-02	3.950935e-02	-3.253341e-04	4.357959e-04	4.122272e-04	-1.164333e-02	1.480543e-02	-6.521921e-03	8.177329e-04	7.196811e-03	-1.043466e-04	-6.973639e-05	-4.440562e-03	-1.211610e-04	-1.224279e-04	
3.199585e-01	-1.982923e-02	-3.187715e-02	-1.409875e-02	-4.661354e-02	-1.146588e-02	-1.433760e-01	-2.221366e-02	-1.496157e-02	-2.150795e-02	1.127110e-02	-1.441294e-03	6.669565e-04	-3.815674e-04	-4.893120e-03	-2.014371e-02	-5.854636e-03	-6.477815e-04	-1.561520e-04	-3.158678e-04	-5.037986e-02	1.725862e-02	2.103387e-03	-2.046352e-03	-1.801316e-02	-1.043466e-04	-6.973639e-05	-4.630343e-03	-1.211610e-04	-1.224279e-04	
2.763405e-01	-1.908535e-02	-3.257310e-02	-1.344023e-02	-4.710156e-02	-1.091772e-02	-1.653118e-01	-2.133633e-02	-4.597672e-03	-6.135957e-02	-4.920612e-02	-1.443652e-03	1.563779e-04	-3.260346e-04	1.035351e-02	-3.984725e-02	-6.050792e-02	-1.072389e-06	-5.102659e-04	5.461711e-05	3.658190e-04	-2.268876e-03	-1.259479e-02	4.301778e-04	3.308059e-02	-1.043466e-04	-6.973639e-05	-4.823891e-03	-1.211610e-04	-1.224279e-04	
2.964786e-01	-1.835753e-02	-3.330037e-02	-1.278387e-02	-4.766530e-02	-1.040669e-02	-1.695227e-01	-2.048125e-02	-1.284489e-03	-2.337129e-02	-6.350535e-02	-5.489900e-04	-6.119836e-04	-4.200979e-05	3.302805e-03	3.799268e-02	-1.432993e-02	8.959469e-04	-7.680489e-04	2.831093e-04	8.075932e-03	-1.099525e-02	3.156452e-03	1.556174e-02	-2.444854e-02	-1.043466e-04	-6.973639e-05	-5.021010e-03	-1.211610e-04	-1.224279e-04	
3.019961e-01	-1.764628e-02	-3.403467e-02	-1.214681e-02	-4.828901e-02	-9.925593e-03	-1.636389e-01	-1.964843e-02	-7.881711e-03	-3.834428e-02	-7.422250e-02	-1.907296e-03	-8.328647e-04	-1.231875e-03	-6.607604e-03	-1.496860e-02	-1.074784e-02	-1.357020e-03	-2.205684e-04	-1.190781e-03	2.996450e-02	-1.560868e-02	-1.352413e-02	-7.952309e-03	-2.240619e-02	-1.043466e-04	-6.973639e-05	-5.221481e-03	-1.211610e-04	-1.224279e-04	
2.201848e-01	-1.695203e-02	-3.477735e-02	-1.154252e-02	-4.896053e-02	-9.452270e-03	-1.533399e-01	-1.883811e-02	-9.136654e-03	-5.637810e-02	-1.216155e-01	-1.942740e-03	-1.246165e-03	-7.988814e-04	-1.265330e-03	-1.802941e-02	-4.742366e-02	-3.415779e-05	-4.129879e-04	4.320779e-04	-3.163262e-02	-2.509261e-02	-4.966118e-04	4.313403e-02	2.892443e-02	-1.043466e-04	-6.973639e-05	-5.425071e-03	-1.211610e-04	-1.224279e-04	
2.125809e-01	-1.627511e-02	-3.553174e-02	-1.097118e-02	-4.966070e-02	-8.984824e-03	-1.425217e-01	-1.805057e-02	-5.566771e-03	-1.921383e-02	-8.402057e-02	-1.596680e-03	-5.735986e-04	-5.575498e-04	3.559513e-03	3.716866e-02	3.756419e-02	3.473450e-04	6.728794e-04	2.404158e-04	-1.124672e-02	-1.991072e-02	6.136357e-03	3.017857e-02	-3.513772e-02	-1.043466e-04	-6.973639e-05	-5.631529e-03	-1.211610e-04	-1.224279e-04	
2.508853e-01	-1.561577e-02	-3.630057e-02	-1.041626e-02	-5.038785e-02	-8.538490e-03	-1.330905e-01	-1.728602e-02	-7.971977e-03	-6.564773e-03	-6.400419e-02	-1.367971e-03	8.567290e-05	-5.793406e-05	-2.415596e-03	1.265345e-02	1.998568e-02	2.299952e-04	6.595841e-04	4.987004e-04	-4.951326e-02	5.184538e-03	-1.052782e-02	9.275327e-03	-2.563862e-02	-1.043466e-04	-6.973639e-05	-5.840585e-03	-1.211610e-04	-1.224279e-04	
1.906199e-01	-1.497417e-02	-3.708571e-02	-9.866055e-03	-5.114520e-02	-8.120692e-03	-8.907838e-02	-1.654460e-02	-6.312371e-03	-5.676696e-03	-7.347868e-02	-5.867194e-04	3.997373e-05	-2.580454e-04	1.649227e-03	8.924620e-04	-9.505194e-03	7.825361e-04	-4.538656e-05	-2.010271e-04	-8.594989e-02	5.458228e-03	-1.877561e-02	7.014900e-03	-8.261055e-03	-1.043466e-04	-6.973639e-05	-6.051953e-03	-1.211610e-04	-1.224279e-04	
6.131944e-02	-1.434994e-02	-3.788842e-02	-9.334264e-03	-5.191853e-02	-7.728863e-03	7.781112e-02	-1.582634e-02	6.303452e-03	-6.568789e-02	-4.620448e-02	-4.679804e-04	-2.319215e-04	1.609100e-04	1.260544e-02	-6.000680e-02	2.724351e-02	1.200249e-04	-2.715827e-04	4.180399e-04	-1.129270e-02	2.706975e-02	-1.639246e-02	1.892280e-02	5.384942e-03	-1.043466e-04	-6.973639e-05	-6.265328e-03	-1.211610e-04	-1.224279e-04	
-5.862895e-02	-1.373326e-02	-3.871019e-02	-8.834569e-03	-5.269801e-02	-7.357516e-03	2.190405e-01	-1.513119e-02	9.133821e-03	-3.416337e-02	-5.396648e-02	-9.452480e-04	6.645522e-04	3.829096e-04	2.819989e-03	3.152891e-02	-7.792703e-03	-4.759814e-04	8.967864e-04	2.210839e-04	-3.015002e-02	2.075526e-02	-1.696716e-02	3.303635e-04	-2.086203e-02	-1.043466e-04	-6.973639e-05	-6.480392e-03	-1.211610e-04	-1.224279e-04	
-1.371910e-01	-1.311349e-02	-3.956322e-02	-8.368476e-03	-5.348363e-02	-7.002266e-03	2.544547e-01	-1.445904e-02	1.097002e-03	-1.674980e-02	-3.479777e-02	-6.394765e-04	3.674919e-04	1.635179e-04	-8.047199e-03	1.741795e-02	1.913802e-02	3.070566e-04	-2.967477e-04	-2.203074e-04	-6.857292e-02	1.493033e-02	-1.327598e-02	-2.838203e-02	-2.961547e-02	-1.043466e-04	-6.973639e-05	-6.696808e-03	-1.211610e-04	-1.224279e-04	
-1.781150e-01	-1.250487e-02	-4.045989e-02	-7.926591e-03	-5.427966e-02	-6.660389e-03	3.249753e-01	-1.380969e-02	-4.960631e-03	-5.027573e-02	6.344175e-03	3.947980e-05	5.856336e-04	1.607079e-04	-6.068010e-03	-3.352154e-02	4.111125e-02	6.802413e-04	2.184542e-04	-3.725538e-06	-3.340099e-02	1.614344e-02	-3.171607e-03	5.124838e-03	5.156474e-02	-1.043466e-04	-6.973639e-05	-6.914226e-03	-1.211610e-04	-1.224279e-04	
-1.807599e-01	-1.192502e-02	-4.138723e-02	-7.488796e-03	-5.509034e-02	-6.330290e-03	3.469163e-01	-1.318293e-02	-5.697815e-03	-2.114875e-02	-7.230340e-02	-5.963915e-04	8.500023e-05	-2.613161e-04	-7.475668e-04	2.913137e-02	-7.867827e-02	-6.345851e-04	-5.003207e-04	-4.229396e-04	3.392880e-02	-3.980712e-03	2.448750e-02	2.217462e-02	-1.843882e-02	-1.043466e-04	-6.973639e-05	-7.132280e-03	-1.211610e-04	-1.224279e-04	
-5.864108e-02	-1.137878e-02	-4.232777e-02	-7.056029e-03	-5.592481e-02	-6.006980e-03	2.469689e-01	-1.257851e-02	-4.013109e-03	1.395292e-04	-1.670590e-02	-1.797754e-04	3.033232e-04	-2.830980e-04	1.674321e-03	2.129268e-02	5.556681e-02	4.179018e-04	2.186356e-04	-2.269726e-05	-4.967500e-02	5.156948e-03	-2.312125e-03	-3.668934e-02	-3.143855e-02	-1.043466e-04	-6.973639e-05	-7.350593e-03	-1.211610e-04	-1.224279e-04	
1.197785e-01	-1.086267e-02	-4.327482e-02	-6.645646e-03	-5.680182e-02	-5.675208e-03	9.951635e-02	-1.199612e-02	-8.900530e-03	-3.714906e-02	-5.305449e-02	-3.741048e-04	8.738080e-04	-3.070716e-04	-4.897796e-03	-3.728420e-02	-3.637929e-02	-1.930434e-04	5.707975e-04	-2.488933e-05	-4.131413e-02	-1.350031e-03	-5.811986e-03	2.371796e-02	4.865900e-02	-1.043466e-04	-6.973639e-05	-7.568773e-03	-1.211610e-04	-1.224279e-04	
1.664603e-01	-1.037165e-02	-4.422918e-02	-6.266315e-03	-5.771830e-02	-5.338674e-03	2.669134e-02	-1.143544e-02	1.169879e-02	1.538725e-02	-3.544480e-02	-6.087234e-04	6.044787e-04	-3.517891e-04	2.058894e-02	5.254070e-02	1.757899e-02	-2.333335e-04	-2.690167e-04	-4.563298e-05	-3.855975e-02	5.372207e-03	1.567165e-02	1.390899e-02	-2.593242e-02	-1.043466e-04	-6.973639e-05	-7.786418e-03	-1.211610e-04	-1.224279e-04	
9.418635e-02	-9.901785e-03	-4.519342e-02	-5.916059e-03	-5.865612e-02	-5.017250e-03	1.199138e-01	-1.089301e-02	6.414916e-03	1.511865e-02	-1.789276e-02	-9.274138e-04	7.736271e-04	-9.072869e-05	-5.294248e-03	-2.641986e-04	1.752134e-02	-3.174045e-04	1.694611e-04	2.601446e-04	-1.025532e-01	1.921565e-02	-7.216257e-03	-2.356785e-02	-1.898528e-02	-1.043466e-04	-6.973639e-05	-8.003117e-03	-1.211610e-04	-1.224279e-04	
-3.419993e-03	-9.450398e-03	-4.616953e-02	-5.589531e-03	-5.960481e-02	-4.721745e-03	1.973799e-01	-1.035377e-02	-7.340541e-03	-2.266613e-02	-2.557931e-02	-1.118419e-03	1.143446e-03	-2.803187e-04	-1.376584e-02	-3.778039e-02	-7.717242e-03	-1.897204e-04	3.701313e-04	-1.905055e-04	-6.710776e-02	1.536716e-02	-8.563319e-03	1.067382e-02	4.068071e-02	-1.043466e-04	-6.973639e-05	-8.218445e-03	-1.211610e-04	-1.224279e-04	
-2.088592e-02	-9.015691e-03	-4.715868e-02	-5.282175e-03	-6.056331e-02	-4.451474e-03	1.489788e-01	-9.818278e-03	-2.970357e-04	5.621277e-03	-2.890347e-02	-9.484120e-04	4.630665e-04	-4.782408e-05	7.033118e-03	2.829180e-02	-3.354858e-03	1.712925e-04	-6.800666e-04	2.315789e-04	-6.920689e-02	1.228672e-02	1.019996e-02	-2.033920e-03	-2.397493e-02	-1.043466e-04	-6.973639e-05	-8.431975e-03	-1.211610e-04	-1.224279e-04	
1.075236e-01	-8.592422e-03	-4.816140e-02	-4.990915e-03	-6.153394e-02	-4.201639e-03	4.226365e-02	-9.305665e-03	-1.154603e-02	-1.101444e-02	-1.599966e-02	-1.150378e-03	9.805039e-04	1.629017e-04	-1.125937e-02	-1.663133e-02	1.287311e-02	-2.006792e-04	5.177499e-04	2.098104e-04	-7.984636e-02	1.715739e-02	3.471007e-03	-1.740655e-02	-2.627330e-02	-1.043466e-04	-6.973639e-05	-8.643270e-03	-1.211610e-04	-1.224279e-04	
1.911832e-01	-8.165116e-03	-4.917770e-02	-4.713741e-03	-6.251885e-02	-3.967807e-03	-4.406862e-02	-8.827526e-03	-6.770057e-03	-3.126016e-02	-5.486391e-02	-1.322070e-03	1.216483e-03	-3.071499e-04	4.765597e-03	-2.024132e-02	-3.889495e-02	-1.704065e-04	2.362919e-04	-4.709673e-04	-5.957253e-02	2.640971e-03	-4.792219e-03	2.029578e-02	2.382231e-02	-1.043466e-04	-6.973639e-05	-8.851890e-03	-1.211610e-04	-1.224279e-04	
1.404710e-01	-7.737277e-03	-5.020711e-02	-4.449351e-03	-6.351936e-02	-3.746833e-03	-3.149206e-03	-8.380619e-03	-1.529242e-02	9.259408e-03	-1.614633e-02	-8.366867e-04	1.342592e-03	-3.983084e-04	-8.532758e-03	4.052395e-02	3.868689e-02	4.866675e-04	1.264217e-04	-9.207409e-05	-4.932133e-02	9.844348e-03	9.903956e-03	-5.664174e-03	-3.302699e-02	-1.043466e-04	-6.973639e-05	-9.057390e-03	-1.211610e-04	-1.224279e-04	
3.263540e-02	-7.328597e-03	-5.124878e-02	-4.196960e-03	-6.453606e-02	-3.536594e-03	1.453418e-01	-7.945258e-03	-2.575805e-02	-3.792458e-02	-2.421527e-02	-1.073628e-03	2.066211e-03	-4.890932e-04	-1.047600e-02	-4.717959e-02	-8.099637e-03	-2.356549e-04	7.239315e-04	-9.170044e-05	-5.279180e-02	1.378687e-02	1.255261e-03	3.450806e-04	2.204026e-02	-1.043466e-04	-6.973639e-05	-9.259324e-03	-1.211610e-04	-1.224279e-04	
-3.520574e-02	-6.949631e-03	-5.230159e-02	-3.956150e-03	-6.556907e-02	-3.335706e-03	1.953627e-01	-7.516480e-03	-2.598780e-02	1.074115e-03	-6.767980e-02	-1.287881e-03	1.482526e-03	-7.047005e-04	-2.401267e-04	3.900308e-02	-4.349523e-02	-2.129684e-04	-5.833723e-04	-2.165229e-04	-3.328293e-02	-2.325692e-03	1.537145e-02	9.656639e-03	2.649974e-03	-1.043466e-04	-6.973639e-05	-9.457244e-03	-1.211610e-04	-1.224279e-04	
5.353246e-02	-6.593815e-03	-5.336429e-02	-3.726724e-03	-6.661797e-02	-3.143357e-03	1.236048e-01	-7.110076e-03	-2.679068e-02	6.010746e-03	-2.769538e-02	-1.104130e-03	1.608026e-03	-7.955737e-04	-8.132693e-04	4.941015e-03	3.995372e-02	1.850385e-04	1.258129e-04	-9.178871e-05	-1.102284e-01	5.737502e-03	1.841189e-02	-3.315261e-03	-3.541354e-02	-1.043466e-04	-6.973639e-05	-9.650705e-03	-1.211610e-04	-1.224279e-04	
1.748744e-01	-6.241732e-03	-5.443553e-02	-3.508559e-03	-6.768648e-02	-2.959162e-03	1.939773e-02	-6.736010e-03	-2.810580e-02	-3.446152e-02	-6.065666e-02	-1.161127e-03	1.654417e-03	-6.793748e-04	-1.325504e-03	-4.046787e-02	-3.299197e-02	-5.571217e-05	4.670307e-05	1.152833e-04	-8.823859e-02	4.455529e-03	8.828964e-03	1.541494e-02	1.944201e-02	-1.043466e-04	-6.973639e-05	-9.839265e-03	-1.211610e-04	-1.224279e-04	
1.660665e-01	-5.896188e-03	-5.551396e-02	-3.301516e-03	-6.879056e-02	-2.783001e-03	-6.179015e-02	-6.392634e-03	-4.562266e-02	2.128285e-02	-4.146886e-02	-9.334025e-04	1.843471e-03	-8.646761e-04	-1.752723e-02	5.574877e-02	1.915710e-02	2.290108e-04	1.893664e-04	-1.862169e-04	-5.595832e-02	1.308745e-03	1.927976e-02	1.182088e-02	-2.322554e-02	-1.043466e-04	-6.973639e-05	-1.002248e-02	-1.211610e-04	-1.224279e-04	
6.837447e-02	-5.573491e-03	-5.659820e-02	-3.105394e-03	-6.992862e-02	-2.614862e-03	-1.111339e-01	-6.066212e-03	-4.766392e-02	-2.239509e-02	-5.958397e-02	-8.496346e-04	2.319110e-03	-8.681527e-04	-2.051648e-03	-4.367356e-02	-1.814581e-02	8.505293e-05	4.759522e-04	-4.392278e-06	-8.754973e-02	2.648115e-04	9.712169e-03	1.265102e-02	-1.197185e-02	-1.043466e-04	-6.973639e-05	-1.019993e-02	-1.211610e-04	-1.224279e-04	
-3.290865e-02	-5.280230e-03	-5.768859e-02	-2.919927e-03	-7.108109e-02	-2.454734e-03	-1.367608e-01	-5.738709e-03	-4.614114e-02	3.641786e-03	-5.023791e-02	-5.359672e-04	2.565423e-03	-9.437832e-04	1.512401e-03	2.604127e-02	9.315368e-03	3.149526e-04	2.466250e-04	-7.654590e-05	-1.111380e-01	5.893701e-03	4.641404e-03	7.668673e-03	1.206651e-02	-1.043466e-04	-6.973639e-05	-1.037118e-02	-1.211610e-04	-1.224279e-04	
-1.027547e-01	-5.013154e-03	-5.879853e-02	-2.744793e-03	-7.223464e-02	-2.302553e-03	-1.469739e-01	-5.415234e-03	-4.423572e-02	7.670561e-03	-3.112068e-02	-7.062182e-04	2.547491e-03	-1.031975e-03	1.895031e-03	4.033181e-03	1.908653e-02	-1.689649e-04	-1.761902e-05	-8.910736e-05	-1.345925e-01	1.275907e-02	3.890282e-03	-3.517617e-03	-2.516133e-02	-1.043466e-04	-6.973639e-05	-1.053582e-02	-1.211610e-04	-1.224279e-04	
-1.421702e-01	-4.766430e-03	-5.993452e-02	-2.579635e-03	-7.338636e-02	-2.158191e-03	-1.473659e-01	-5.097687e-03	-4.637803e-02	-5.368914e-02	-6.271136e-02	-4.384994e-04	2.716542e-03	-1.083958e-03	-2.152674e-03	-6.135530e-02	-3.162138e-02	2.690038e-04	1.693635e-04	-5.289936e-05	-6.375824e-02	6.629155e-03	-8.185330e-03	1.142676e-02	2.286322e-02	-1.043466e-04	-6.973639e-05	-1.069345e-02	-1.211610e-04	-1.224279e-04	
-1.607646e-01	-4.535374e-03	-6.107877e-02	-2.424074e-03	-7.454107e-02	-2.021466e-03	-1.420390e-01	-4.791196e-03	-4.802989e-02	1.685369e-02	-6.104629e-02	-9.257636e-04	2.881247e-03	-1.162229e-03	-1.662249e-03	7.054721e-02	1.634371e-03	-4.859784e-04	1.650171e-04	-7.918654e-05	-7.235976e-02	1.311731e-03	5.109263e-03	2.936279e-03	-1.735020e-02	-1.043466e-04	-6.973639e-05	-1.084366e-02	-1.211610e-04	-1.224279e-04	
-1.661097e-01	-4.314640e-03	-5.054851e-02	-2.277717e-03	-7.571703e-02	-1.892157e-03	-1.342563e-01	-4.511520e-03	-4.495597e-02	-1.861580e-02	-8.570569e-02	-8.949021e-04	3.103331e-03	-1.174815e-03	3.063544e-03	-3.546510e-02	-2.469010e-02	3.214679e-05	2.223973e-04	-1.350152e-05	-1.078450e-01	-4.249028e-03	-6.088426e-03	-3.265925e-04	-7.659276e-03	-1.043466e-04	-6.973639e-05	-1.098610e-02	-1.211610e-04	-1.224279e-04	
-1.632802e-01	-4.088180e-03	6.682549e-02	-2.140172e-03	-7.691758e-02	-1.770014e-03	-1.263487e-01	-4.265693e-03	-4.387465e-02	-3.580168e-02	-6.795118e-02	-1.010284e-04	3.036760e-03	-9.307454e-04	1.070933e-03	-1.718149e-02	1.772382e-02	7.951601e-04	-6.625858e-05	2.431543e-04	-8.712987e-02	-1.146000e-03	7.650126e-03	2.346257e-02	3.382052e-02	-1.043466e-04	-6.973639e-05	-1.112040e-02	-1.211610e-04	-1.224279e-04	
-1.561119e-01	-3.852951e-03	2.390847e-01	-2.011045e-03	-7.320193e-02	-1.654778e-03	-1.196298e-01	-4.049816e-03	-4.317049e-02	2.959341e-02	-6.570510e-02	-4.856572e-04	3.222517e-03	-1.240414e-03	6.937853e-04	6.539948e-02	2.215383e-03	-3.833434e-04	1.860697e-04	-3.105841e-04	-7.234056e-02	-1.438525e-03	1.562618e-03	1.261362e-02	-1.979582e-02	-1.043466e-04	-6.973639e-05	-1.124621e-02	-1.211610e-04	-1.224279e-04	
-1.475611e-01	-3.627328e-03	2.792898e-01	-1.889951e-03	1.588053e-02	-1.546180e-03	-1.145147e-01	-3.855506e-03	-4.050862e-02	-2.325053e-02	-7.989825e-02	-2.071106e-04	2.999048e-03	-1.168681e-03	2.651481e-03	-5.283955e-02	-1.422386e-02	2.798320e-04	-2.231564e-04	7.081725e-05	-8.182948e-02	1.898545e-03	-1.313934e-02	1.735776e-02	1.683658e-02	-1.043466e-04	-6.973639e-05	-1.136321e-02	-1.211610e-04	-1.224279e-04	
-1.395687e-01	-3.424385e-03	1.973129e-01	-1.776510e-03	1.954764e-01	-1.443949e-03	-1.108721e-01	-3.664709e-03	-3.965645e-02	3.447793e-02	-8.119873e-02	-8.652899e-04	2.660879e-03	-1.111803e-03	8.417849e-04	5.773286e-02	-1.331171e-03	-6.568936e-04	-3.378566e-04	5.596238e-05	-6.707298e-02	-6.758108e-04	-2.942790e-02	-2.323740e-04	4.049965e-03	-1.043466e-04	-6.973639e-05	-1.147110e-02	-1.211610e-04	-1.224279e-04	
-1.330684e-01	-3.244957e-03	8.756676e-02	-1.670348e-03	3.018931e-01	-1.347814e-03	-1.083507e-01	-3.465192e-03	-2.482332e-02	3.457449e-02	5.641478e-02	-1.242411e-03	3.334700e-03	-9.435558e-04	1.482276e-02	1.009530e-04	1.375828e-01	-3.758364e-04	6.741337e-04	1.673317e-04	2.689041e-02	-9.949914e-03	2.234353e-02	1.680817e-02	-1.102494e-02	-1.043466e-04	-6.973639e-05	-1.156960e-02	-1.211610e-04	-1.224279e-04	
-1.281931e-01	-3.084491e-03	1.421344e-03	-1.571101e-03	3.958418e-01	-1.257511e-03	-1.065745e-01	-3.270732e-03	-1.648988e-02	1.237249e-01	2.704775e-01	2.052685e-03	3.709594e-03	-1.532479e-03	8.323054e-03	8.915475e-02	2.140321e-01	3.296383e-03	3.752067e-04	-5.898384e-04	3.346734e-01	1.849095e-02	4.560499e-02	-1.952726e-02	-1.827115e-02	-1.043466e-04	-6.973639e-05	-1.165845e-02	-1.211610e-04	-1.224279e-04	
-1.059442e-01	-2.938318e-03	-5.375333e-02	-1.478416e-03	4.277263e-01	-1.172773e-03	-1.052687e-01	-3.095990e-03	-1.962795e-02	-1.928548e-01	-3.793572e-02	2.535588e-03	1.991247e-03	-1.200862e-03	-3.148447e-03	-3.165752e-01	-3.084440e-01	4.841891e-04	-1.718034e-03	3.307005e-04	5.702785e-01	-1.499103e-02	1.111527e-03	-5.139287e-03	1.574755e-02	-1.043466e-04	-6.973639e-05	-1.173741e-02	-1.211610e-04	-1.224279e-04	
3.291892e-02	-2.803044e-03	-8.524501e-02	-1.391949e-03	3.263044e-01	-1.093342e-03	-1.042439e-01	-2.943532e-03	-1.055533e-02	-6.928861e-02	-8.746038e-02	2.026836e-03	1.819787e-03	-5.937558e-04	9.062242e-03	1.235705e-01	-4.955536e-02	-5.074667e-04	-1.711471e-04	6.061912e-04	6.398612e-02	-2.688900e-02	-1.406706e-02	2.387768e-04	-5.278101e-04	-1.043466e-04	-6.973639e-05	-1.180627e-02	-1.211610e-04	-1.224279e-04	
1.982090e-01	-2.676365e-03	-1.004834e-01	-1.311364e-03	1.658759e-01	-1.018964e-03	-1.033692e-01	-2.809200e-03	-1.747689e-02	4.784223e-02	-5.312922e-02	1.685441e-03	2.168398e-03	-7.923990e-04	-6.931941e-03	1.171353e-01	3.430047e-02	-3.401095e-04	3.489238e-04	-1.995586e-04	1.087252e-02	-3.803409e-03	-2.740319e-02	-6.612600e-03	7.655937e-03	-1.043466e-04	-6.973639e-05	-1.186486e-02	-1.211610e-04	-1.224279e-04	
2.200809e-01	-2.556739e-03	-1.048847e-01	-1.236340e-03	2.665955e-02	-9.493901e-04	-9.584089e-02	-2.688175e-03	-8.719995e-03	4.338860e-02	-3.009319e-02	1.354605e-03	1.575704e-03	-1.015118e-03	8.746509e-03	-4.449260e-03	2.300533e-02	-3.295501e-04	-5.923822e-04	-2.236348e-04	-9.038059e-02	2.356293e-03	1.284706e-03	-1.405098e-03	1.275108e-02	-1.043466e-04	-6.973639e-05	-1.191301e-02	-1.211610e-04	-1.224279e-04	
1.316354e-01	-2.443223e-03	-1.027786e-01	-1.166564e-03	-6.565667e-02	-8.843776e-04	4.652358e-03	-2.576959e-03	-4.386620e-03	1.014195e-01	-2.508486e-02	1.494574e-03	1.663069e-03	-1.040227e-03	4.322993e-03	5.803533e-02	4.977631e-03	1.412539e-04	8.767833e-05	-2.602481e-05	-1.133210e-01	-5.349816e-03	-1.203917e-02	-1.968867e-02	1.134163e-02	-1.043466e-04	-6.973639e-05	-1.195059e-02	-1.211610e-04	-1.224279e-04	
2.553988e-02	-2.335329e-03	-9.771972e-02	-1.101735e-03	-1.171190e-01	-8.236907e-04	1.847311e-01	-2.473252e-03	-1.122186e-02	1.353187e-01	-8.806932e-03	1.341355e-03	2.140878e-03	-1.080215e-03	-6.845618e-03	3.390360e-02	1.624723e-02	-1.519337e-04	4.781215e-04	-4.090256e-05	-1.033504e-01	-9.100338e-04	-1.653244e-02	-3.093244e-03	1.893946e-02	-1.043466e-04	-6.973639e-05	-1.197751e-02	-1.211610e-04	-1.224279e-04	
-5.417320e-02	-2.232870e-03	-8.552321e-02	-1.039521e-03	-1.403433e-01	-7.671005e-04	2.482729e-01	-2.375553e-03	1.276602e-02	9.752405e-02	-1.128388e-02	1.501200e-03	1.120225e-03	-1.765383e-04	2.397750e-02	-3.779028e-02	-2.507644e-03	1.611308e-04	-1.020340e-03	9.027605e-04	-1.771818e-02	-3.806658e-03	-1.148724e-02	-4.080751e-02	7.893499e-03	-1.043466e-04	-6.973639e-05	-1.199369e-02	-1.211610e-04	-1.224279e-04	
-1.035772e-01	-2.135801e-03	1.868041e-02	-9.657865e-04	-1.457654e-01	-7.143849e-04	1.788995e-01	-2.282938e-03	3.562122e-01	2.714671e-01	1.239370e-01	7.806121e-04	-1.664963e-02	1.371599e-02	3.434358e-01	1.739474e-01	1.351901e-01	-7.193019e-04	-1.776955e-02	1.389162e-02	2.086451e+00	-3.529040e-02	3.141255e-02	-7.984994e-02	2.656171e-02	-1.043466e-04	-6.973639e-05	9.880009e-01	-1.211610e-04	-1.224279e-04	
-1.304427e-01	-2.044102e-03	2.010121e-01	-8.770572e-04	-1.410842e-01	-6.653296e-04	7.055077e-02	-2.194929e-03	1.946439e-01	1.845664e-01	9.799490e-02	2.693226e-03	-1.002918e-02	8.769829e-03	-1.615787e-01	-8.689623e-02	-2.597275e-02	1.913899e-03	6.620767e-03	-4.947080e-03	7.514176e-01	7.141350e-03	-1.255465e-02	-7.109369e-02	1.210346e-02	-1.043466e-04	-6.973639e-05	-1.199369e-02	-1.211610e-04	-1.224279e-04	
-1.419168e-01	-1.957719e-03	2.654427e-01	-7.824541e-04	-1.319735e-01	-6.197272e-04	-1.066266e-03	-2.111353e-03	1.015061e-01	9.847233e-02	1.190399e-02	2.655119e-03	-6.687800e-03	4.989640e-03	-9.314816e-02	-8.608971e-02	-8.612162e-02	-3.682130e-05	3.341690e-03	-3.781104e-03	4.276052e-01	-7.087787e-03	-2.974207e-03	-3.138928e-02	5.811583e-02	-1.043466e-04	-6.973639e-05	-1.197751e-02	-1.211610e-04	-1.224279e-04	
-1.432066e-01	-1.876543e-03	1.959121e-01	-6.842430e-04	-1.222931e-01	-5.773784e-04	7.396120e-02	-2.032191e-03	1.683386e-02	5.293112e-02	-3.123964e-02	1.015429e-03	-2.070894e-03	1.661086e-03	-8.468264e-02	-4.553682e-02	-4.317432e-02	-1.638404e-03	4.617218e-03	-3.329470e-03	4.566281e-01	-9.853262e-03	2.044080e-03	-3.173635e-03	-2.050841e-02	-1.043466e-04	-6.973639e-05	-1.195059e-02	-1.211610e-04	-1.224279e-04	
-1.282980e-01	-1.800414e-03	8.671789e-02	-5.970585e-04	-1.141868e-01	-5.378493e-04	2.080031e-01	-1.957461e-03	1.639832e-02	4.501287e-02	-2.574060e-02	2.098621e-03	-2.693853e-03	1.629290e-03	-4.459138e-04	-7.913848e-03	5.468336e-03	1.084478e-03	-6.226459e-04	-3.271116e-05	-8.883218e-02	-6.776951e-04	-5.348491e-03	-2.324671e-02	2.320050e-02	-1.043466e-04	-6.973639e-05	-1.191301e-02	-1.211610e-04	-1.224279e-04	
-7.269353e-03	-1.729137e-03	-2.908280e-03	-5.341665e-04	-1.084261e-01	-4.929801e-04	2.184357e-01	-1.887149e-03	2.717352e-03	4.626954e-02	2.479831e-02	2.610153e-03	-2.801145e-03	1.403758e-03	-1.369136e-02	1.261049e-03	5.050822e-02	5.128179e-04	-1.069788e-04	-2.264476e-04	-8.359361e-02	-1.652629e-03	2.742770e-02	-5.460811e-04	9.452874e-03	-1.043466e-04	-6.973639e-05	-1.186486e-02	-1.211610e-04	-1.224279e-04	
1.753074e-01	-1.662499e-03	-6.138454e-02	-4.960415e-04	-1.048966e-01	-4.297532e-04	1.271193e-01	-1.821186e-03	5.190227e-03	7.828641e-02	7.197352e-02	3.172968e-03	-2.846320e-03	1.409370e-03	2.462494e-03	3.202128e-02	4.714451e-02	5.641003e-04	-4.486267e-05	4.696013e-06	-7.623350e-02	1.177796e-02	2.568552e-02	-2.442015e-02	-1.157079e-02	-1.043466e-04	-6.973639e-05	-1.180627e-02	-1.211610e-04	-1.224279e-04	
2.281838e-01	-1.600277e-03	-9.276589e-02	-4.748377e-04	-1.030902e-01	-3.594858e-04	2.283101e-02	-1.759449e-03	3.718658e-03	3.737402e-02	6.151974e-02	2.644164e-03	-2.183605e-03	9.888177e-04	-1.481945e-03	-4.090802e-02	-1.048448e-02	-5.275184e-04	6.630271e-04	-4.214680e-04	-6.318649e-02	7.810169e-03	2.590605e-02	6.945587e-03	2.803621e-02	-1.043466e-04	-6.973639e-05	-1.173741e-02	-1.211610e-04	-1.224279e-04	
1.545628e-01	-1.542244e-03	-3.752259e-02	-4.511850e-04	-1.024495e-01	-3.007487e-04	-5.230720e-02	-1.701779e-03	1.376575e-02	8.284295e-02	5.661261e-02	2.600441e-03	-1.676153e-03	1.846976e-04	1.003671e-02	4.547332e-02	-4.937834e-03	-4.243752e-05	5.077653e-04	-8.050356e-04	-6.789417e-02	7.417293e-03	2.703821e-02	2.700076e-03	-3.028481e-02	-1.043466e-04	-6.973639e-05	-1.165845e-02	-1.211610e-04	-1.224279e-04	
4.911336e-02	-1.488178e-03	1.370259e-01	-4.126624e-04	-1.022715e-01	-2.599942e-04	-9.627477e-02	-1.647991e-03	7.393199e-03	5.560140e-02	9.022163e-02	1.860636e-03	-1.043887e-03	-8.271538e-04	-6.382929e-03	-2.723715e-02	3.357833e-02	-7.385190e-04	6.325787e-04	-1.012767e-03	-1.009575e-02	1.819767e-02	1.148872e-02	-5.611862e-03	5.762670e-03	-1.043466e-04	-6.973639e-05	-1.156960e-02	-1.211610e-04	-1.224279e-04	
-3.457484e-02	-1.437861e-03	2.333846e-01	-3.728628e-04	-6.553114e-02	-2.335101e-04	-1.182898e-01	-1.597891e-03	-3.714621e-02	-2.138676e-02	2.227163e-02	-6.525620e-04	2.398774e-03	-1.993752e-03	-4.454979e-02	-7.698376e-02	-6.798070e-02	-2.511913e-03	3.442973e-03	-1.167514e-03	3.490159e-01	-1.546100e-03	2.389774e-02	4.682209e-02	-1.319937e-02	-1.043466e-04	-6.973639e-05	-1.147110e-02	-1.211610e-04	-1.224279e-04	
-8.785553e-02	-1.391084e-03	1.878375e-01	-3.456926e-04	9.615346e-02	-2.049599e-04	-1.261414e-01	-1.551282e-03	-2.790855e-02	3.819578e-02	5.762809e-02	-1.314169e-03	2.575858e-03	-2.667479e-03	9.227280e-03	5.958693e-02	3.532575e-02	-6.603202e-04	1.773970e-04	-6.746430e-04	-1.625755e-02	-8.064769e-04	-8.707350e-03	-9.493403e-03	-2.605803e-02	-1.043466e-04	-6.973639e-05	-1.136321e-02	-1.211610e-04	-1.224279e-04	
-1.176118e-01	-1.347643e-03	8.561781e-02	-3.331833e-04	2.332459e-01	-1.616095e-04	-1.250496e-01	-1.507842e-03	-3.216520e-02	-3.622820e-02	7.518739e-02	-1.202155e-03	1.577667e-03	-2.553589e-03	-4.267039e-03	-7.441959e-02	1.752862e-02	1.132986e-04	-9.978786e-04	1.129745e-04	-3.182944e-02	3.695738e-03	1.058259e-02	3.251715e-02	2.363434e-02	-1.043466e-04	-6.973639e-05	-1.124621e-02	-1.211610e-04	-1.224279e-04	
-1.311689e-01	-1.307342e-03	-4.624653e-03	-3.310777e-04	2.187184e-01	-1.166955e-04	-1.040393e-01	-1.460793e-03	-2.516389e-02	-2.153959e-03	4.200693e-02	-1.101670e-03	1.550801e-03	-2.085908e-03	6.990936e-03	3.407864e-02	-3.321117e-02	1.017701e-04	-2.655334e-05	4.667658e-04	-8.474009e-02	-3.162961e-03	7.641712e-04	1.219172e-02	-2.731731e-02	-1.043466e-04	-6.973639e-05	-1.112040e-02	-1.211610e-04	-1.224279e-04	
-1.338872e-01	-1.269991e-03	-6.489163e-02	-3.347371e-04	1.170757e-01	-8.504210e-05	3.154489e-02	-1.395988e-03	-3.100409e-02	-3.788273e-02	5.081695e-02	-1.371936e-03	1.946447e-03	-2.041161e-03	-5.850582e-03	-3.572439e-02	8.779324e-03	-2.689792e-04	3.959584e-04	4.383143e-05	-1.086777e-01	-7.361061e-03	2.479320e-03	3.720132e-03	1.404732e-02	-1.043466e-04	-6.973639e-05	-1.098610e-02	-1.211610e-04	-1.224279e-04	
-1.300601e-01	-1.235368e-03	-1.000914e-01	-3.409585e-04	1.460843e-02	-6.930319e-05	2.081487e-01	-1.322342e-03	-3.320270e-02	-6.176033e-02	3.529877e-02	-1.360071e-03	1.609767e-03	-1.882424e-03	-2.208984e-03	-2.387321e-02	-1.554887e-02	1.315010e-05	-3.363669e-04	1.578220e-04	-1.209604e-01	-1.352571e-02	2.487626e-02	4.556784e-02	-1.717370e-02	-1.043466e-04	-6.973639e-05	-1.084366e-02	-1.211610e-04	-1.224279e-04	
-1.232346e-01	-1.198410e-03	-1.179136e-01	-3.477781e-04	-1.727789e-04	-6.517859e-05	2.453124e-01	-1.259005e-03	-2.970971e-02	-6.612085e-03	2.715017e-02	-1.010975e-03	1.370638e-03	-1.898694e-03	3.482601e-03	5.515265e-02	-8.179292e-03	3.503819e-04	-2.388167e-04	-1.718618e-05	-9.274390e-02	-8.961061e-03	-5.983997e-03	-2.129363e-04	-2.135602e-02	-1.043466e-04	-6.973639e-05	-1.069345e-02	-1.211610e-04	-1.224279e-04	
-1.159679e-01	-1.144184e-03	-1.239965e-01	-3.540358e-04	1.310557e-01	-6.769927e-05	1.645948e-01	-1.213740e-03	-3.398295e-02	-3.355508e-02	3.278322e-02	-9.104525e-04	1.803332e-03	-1.917290e-03	-4.283629e-03	-2.693860e-02	5.602344e-03	1.018073e-04	4.330068e-04	-1.951200e-05	-1.329896e-01	3.175964e-04	-1.847247e-02	8.467888e-03	2.579696e-02	-1.043466e-04	-6.973639e-05	-1.053582e-02	-1.211610e-04	-1.224279e-04	
-1.096910e-01	-1.076705e-03	-1.226602e-01	-3.591388e-04	2.173370e-01	-7.334097e-05	5.993994e-02	-1.184215e-03	-3.255837e-02	-6.330399e-02	4.561253e-02	-9.377422e-04	1.671912e-03	-1.933183e-03	1.414214e-03	-2.974453e-02	1.279861e-02	-2.600305e-05	-1.311070e-04	-1.680836e-05	-1.332888e-01	3.958580e-03	1.224781e-02	2.952305e-02	-6.425531e-03	-1.043466e-04	-6.973639e-05	-1.037118e-02	-1.211610e-04	-1.224279e-04	
-1.048816e-01	-1.002665e-03	-1.175537e-01	-3.629228e-04	2.189865e-01	-7.991252e-05	-2.064978e-02	-1.165343e-03	-2.849354e-02	-1.680443e-02	2.178896e-02	-4.733680e-04	1.387064e-03	-1.204662e-03	4.054445e-03	4.650397e-02	-2.385427e-02	4.656601e-04	-2.845357e-04	7.276051e-04	-3.908727e-02	-2.483097e-03	-1.498075e-02	-6.685223e-03	-3.194064e-02	-1.043466e-04	-6.973639e-05	-1.019993e-02	-1.211610e-04	-1.224279e-04	
-1.014588e-01	-9.262279e-04	-1.111089e-01	-3.655073e-04	2.841153e-01	-8.610636e-05	-7.126014e-02	-1.152369e-03	-3.004355e-02	-5.393179e-02	4.436927e-03	-3.591356e-04	1.353717e-03	-1.249007e-03	-1.560388e-03	-3.712298e-02	-1.738273e-02	1.155177e-04	-3.303472e-05	-4.526026e-05	-1.231781e-01	4.371712e-03	-2.998535e-02	5.180561e-03	3.233832e-02	-1.043466e-04	-6.973639e-05	-1.002248e-02	-1.211610e-04	-1.224279e-04	
-9.910382e-02	-8.637776e-04	-6.517629e-02	-3.671489e-04	3.097613e-01	-9.123591e-05	-9.920237e-02	-1.132524e-03	-2.894865e-02	1.785907e-03	8.860474e-03	-6.917275e-04	1.347245e-03	-1.356577e-03	1.084518e-03	5.572210e-02	4.392845e-03	-3.313062e-04	-6.159139e-06	-1.084861e-04	-1.033097e-01	-2.083055e-03	-2.871769e-03	1.087410e-02	-1.735657e-02	-1.043466e-04	-6.973639e-05	-9.839265e-03	-1.211610e-04	-1.224279e-04	
-9.747284e-02	-8.253811e-04	1.041910e-01	-3.681259e-04	2.174842e-01	-9.507921e-05	-1.115709e-01	-1.093232e-03	-3.262602e-02	-9.643636e-03	2.017147e-02	-6.348782e-05	1.932959e-03	-1.343977e-03	-3.687748e-03	-1.142516e-02	1.128030e-02	6.295251e-04	5.860262e-04	1.168466e-05	-1.064327e-01	-1.056137e-03	-1.977435e-02	-2.047876e-02	-1.364334e-02	-1.043466e-04	-6.973639e-05	-9.650705e-03	-1.211610e-04	-1.224279e-04	
-9.137615e-02	-8.088892e-04	2.403755e-01	-3.686742e-04	7.853692e-02	-9.772458e-05	-1.135687e-01	-1.047615e-03	-3.577277e-02	-3.154046e-02	3.260854e-03	-4.050806e-04	1.744767e-03	-1.364849e-03	-3.157124e-03	-2.189242e-02	-1.694131e-02	-3.403085e-04	-1.878792e-04	-2.178749e-05	-1.161012e-01	-1.554281e-02	-1.536149e-02	2.165250e-02	3.896780e-02	-1.043466e-04	-6.973639e-05	-9.457244e-03	-1.211610e-04	-1.224279e-04	
-1.862542e-04	-8.070556e-04	2.236600e-01	-3.689667e-04	-3.729803e-02	-9.941520e-05	-1.094112e-01	-1.012735e-03	-2.180038e-02	1.153559e-02	4.833311e-02	-1.755095e-04	1.675185e-03	-1.296319e-03	1.396200e-02	4.308045e-02	4.504156e-02	2.308571e-04	-6.926887e-05	6.761487e-05	-6.566904e-02	-1.607518e-02	1.260491e-02	1.583499e-02	-2.189166e-02	-1.043466e-04	-6.973639e-05	-9.259324e-03	-1.211610e-04	-1.224279e-04	
1.811875e-01	-8.131501e-04	1.225147e-01	-3.691147e-04	-1.108360e-01	-1.004269e-04	-1.025572e-01	-9.933579e-04	-2.270553e-02	1.166722e-02	7.268842e-02	-1.198618e-03	1.817803e-03	-1.140656e-03	-9.155323e-04	1.360202e-04	2.432460e-02	-1.021822e-03	1.429305e-04	1.547468e-04	-9.970588e-02	-9.237649e-03	-1.551137e-03	-8.922556e-03	-3.279154e-02	-1.043466e-04	-6.973639e-05	-9.057390e-03	-1.211610e-04	-1.224279e-04	
2.553727e-01	-8.225011e-04	5.166474e-02	-3.691868e-04	-1.495203e-01	-1.009979e-04	-9.544636e-02	-9.861890e-04	-1.542669e-02	-5.713162e-03	7.444064e-03	-5.285367e-04	1.390300e-03	-1.212729e-03	7.268455e-03	-1.737600e-02	-6.527504e-02	6.713669e-04	-4.271907e-04	-7.298801e-05	-3.643832e-02	-2.019322e-02	-8.128771e-03	2.263131e-02	3.018282e-02	-1.043466e-04	-6.973639e-05	-8.851890e-03	-1.211610e-04	-1.224279e-04	
1.919030e-01	-8.322349e-04	1.352744e-01	-3.692206e-04	-1.650607e-01	-1.013035e-04	-8.938971e-02	-9.865052e-04	-1.412933e-02	4.268785e-02	7.068815e-02	-1.220744e-04	1.393264e-03	-1.328597e-03	1.286988e-03	4.840541e-02	6.321339e-02	4.077477e-04	3.276632e-06	-1.167835e-04	-4.823980e-02	-6.302708e-03	3.629113e-03	1.117088e-02	-3.009989e-02	-1.043466e-04	-6.973639e-05	-8.643270e-03	-1.211610e-04	-1.224279e-04	
8.348147e-02	-8.407729e-04	2.375652e-01	-3.692359e-04	-1.664824e-01	-1.014587e-04	-8.478782e-02	-9.907122e-04	-1.679532e-02	-4.553098e-03	8.844517e-02	-4.326223e-04	1.320878e-03	-1.487721e-03	-2.676379e-03	-4.723657e-02	1.772632e-02	-3.092628e-04	-7.207298e-05	-1.600395e-04	-8.962408e-02	7.938057e-03	-6.848593e-03	-9.081536e-03	-1.170707e-02	-1.043466e-04	-6.973639e-05	-8.431975e-03	-1.211610e-04	-1.224279e-04	
-7.154128e-03	-8.474541e-04	2.097822e-01	-3.692425e-04	-1.414643e-01	-1.015344e-04	-8.154187e-02	-9.964519e-04	3.771484e-02	-2.800822e-03	-1.094734e-01	-1.250998e-03	-4.337333e-03	2.378330e-03	5.449978e-02	1.756662e-03	-1.979493e-01	-8.170899e-04	-5.657898e-03	3.865135e-03	5.900238e-01	-3.238447e-02	-5.913413e-02	1.145355e-02	2.752436e-02	-1.043466e-04	-6.973639e-05	-8.218445e-03	-1.211610e-04	-1.224279e-04	
-6.634147e-02	-8.522294e-04	1.020560e-01	-3.692450e-04	4.237699e-03	-1.015700e-04	-7.933681e-02	-1.002234e-03	4.843222e-02	7.215097e-02	-1.504642e-01	-2.263134e-03	-4.243587e-03	2.782039e-03	1.070700e-02	7.495620e-02	-4.102153e-02	-1.010850e-03	9.405863e-05	4.027939e-04	1.412067e-02	-4.565678e-02	-7.876659e-02	-1.403103e-02	-2.890219e-02	-1.043466e-04	-6.973639e-05	-8.003117e-03	-1.211610e-04	-1.224279e-04	
-1.001900e-01	-8.553883e-04	1.389560e-02	-3.692450e-04	1.770011e-01	-1.015862e-04	-7.783333e-02	-1.007209e-03	3.578703e-02	5.839722e-02	-1.861981e-02	-1.357545e-03	-4.074303e-03	1.826945e-03	-1.265557e-02	-1.374936e-02	1.318137e-01	9.068749e-04	1.695962e-04	-9.560094e-04	6.714155e-02	-1.131058e-02	-4.128162e-02	-1.124681e-02	-7.101862e-03	-1.043466e-04	-6.973639e-05	-7.786418e-03	-1.211610e-04	-1.224279e-04	
-1.165108e-01	-8.573406e-04	7.495300e-02	-3.692450e-04	2.050925e-01	-1.015932e-04	-7.675920e-02	-1.011033e-03	1.248921e-02	1.858173e-02	3.703514e-02	-8.299677e-04	-3.178936e-03	6.633942e-04	-2.330820e-02	-3.981110e-02	5.562426e-02	5.288615e-04	8.956799e-04	-1.164467e-03	5.586934e-02	-9.173119e-03	7.007124e-03	2.281773e-02	-1.679899e-03	-1.043466e-04	-6.973639e-05	-7.568773e-03	-1.211610e-04	-1.224279e-04	
-1.210533e-01	-8.584761e-04	2.013299e-01	-3.692450e-04	1.326049e-01	-1.015960e-04	-7.592899e-02	-1.013713e-03	1.105636e-02	5.696508e-02	1.939982e-02	-6.335619e-04	-2.058028e-03	3.258669e-04	-1.443238e-03	3.838775e-02	-1.766601e-02	1.976922e-04	1.121221e-03	-3.384430e-04	-5.253314e-02	-1.496993e-02	-7.453848e-03	4.384292e-03	-4.066715e-02	-1.043466e-04	-6.973639e-05	-7.350593e-03	-1.211610e-04	-1.224279e-04	
-1.183043e-01	-8.591016e-04	2.079409e-01	-3.692450e-04	1.474272e-01	-1.015961e-04	-7.522935e-02	-1.015450e-03	1.008254e-02	-6.998914e-03	5.478535e-02	2.327594e-05	-1.515433e-03	1.437289e-04	-9.841967e-04	-6.395960e-02	3.535483e-02	6.581242e-04	5.429075e-04	-1.830536e-04	-2.209487e-02	1.518451e-03	-1.416211e-02	-1.506727e-02	9.287870e-03	-1.043466e-04	-6.973639e-05	-7.132280e-03	-1.211610e-04	-1.224279e-04	
-1.119844e-01	-8.594295e-04	1.145151e-01	-3.692450e-04	2.420522e-01	-1.015961e-04	-7.459621e-02	-1.016500e-03	9.713482e-03	-2.210158e-02	5.620492e-02	5.220823e-04	-1.716697e-03	-2.316200e-05	-3.794415e-04	-1.509829e-02	1.388876e-03	5.000916e-04	-2.009516e-04	-1.678064e-04	-1.230190e-01	8.654568e-04	7.666563e-03	1.590849e-02	1.111529e-02	-1.043466e-04	-6.973639e-05	-6.914226e-03	-1.211610e-04	-1.224279e-04	
-1.024241e-01	-8.595939e-04	9.051185e-03	-3.692450e-04	2.339580e-01	-1.015961e-04	-7.399257e-02	-1.017098e-03	-1.014770e-03	-1.292222e-02	4.490531e-02	1.043293e-04	-1.555758e-03	-4.221908e-04	-1.073863e-02	9.183767e-03	-1.133031e-02	-4.164671e-04	1.612514e-04	-3.999446e-04	-1.094019e-01	1.653309e-03	-9.968963e-03	-1.839897e-02	-2.433979e-02	-1.043466e-04	-6.973639e-05	-6.696808e-03	-1.211610e-04	-1.224279e-04	
-2.406258e-02	-8.596729e-04	-6.655417e-02	-3.692450e-04	1.256232e-01	-1.015961e-04	-7.340204e-02	-1.017420e-03	-2.494850e-03	-7.307471e-02	2.596546e-03	6.117087e-04	-1.410351e-03	-3.218297e-04	-1.490461e-03	-6.014813e-02	-4.233946e-02	5.086649e-04	1.457205e-04	9.944550e-05	-4.516773e-02	-7.694674e-03	-1.581552e-02	1.347906e-02	4.721577e-02	-1.043466e-04	-6.973639e-05	-6.480392e-03	-1.211610e-04	-1.224279e-04	
1.607446e-01	-8.597095e-04	-1.105097e-01	-3.692450e-04	4.558010e-03	-1.015961e-04	-7.282741e-02	-1.017586e-03	7.104541e-03	-1.189711e-03	2.722007e-02	2.937053e-04	-1.074647e-03	-3.960161e-04	9.589008e-03	7.188942e-02	2.459282e-02	-3.167191e-04	3.360162e-04	-7.510182e-05	-4.636530e-02	-8.196124e-03	9.202776e-03	1.345041e-02	-3.210400e-02	-1.043466e-04	-6.973639e-05	-6.265328e-03	-1.211610e-04	-1.224279e-04	
2.591124e-01	-8.597249e-04	-1.323444e-01	-3.692450e-04	-8.293461e-02	-1.015961e-04	-7.225280e-02	-1.017667e-03	6.226832e-03	-4.034901e-02	2.508812e-02	-1.248141e-04	-8.776165e-04	-6.455110e-04	-8.880895e-04	-3.915491e-02	-2.162649e-03	-4.172339e-04	1.973430e-04	-2.504106e-04	-1.010783e-01	-8.054947e-04	-5.949951e-03	2.284209e-03	-4.746993e-03	-1.043466e-04	-6.973639e-05	-6.051953e-03	-1.211610e-04	-1.224279e-04	
2.450339e-01	-8.597312e-04	-1.401181e-01	-3.692450e-04	-1.336379e-01	-1.015961e-04	-7.167589e-02	-1.017706e-03	5.590158e-03	7.508090e-03	-5.061693e-03	1.591542e-04	-1.036774e-03	-5.012322e-04	-6.470538e-04	4.786149e-02	-3.018050e-02	2.852555e-04	-1.588446e-04	1.433633e-04	-7.282007e-02	1.089482e-03	-1.145662e-02	1.592048e-02	1.343875e-02	-1.043466e-04	-6.973639e-05	-5.840585e-03	-1.211610e-04	-1.224279e-04	
2.979471e-01	-8.597335e-04	-1.392007e-01	-3.692450e-04	-1.582142e-01	-1.015961e-04	-7.108253e-02	-1.017723e-03	4.584319e-03	2.053894e-02	2.320804e-02	2.200496e-04	-9.957895e-04	-3.908080e-04	-1.016224e-03	1.303526e-02	2.823903e-02	6.218020e-05	4.129695e-05	1.095086e-04	-1.338332e-01	1.225544e-02	-1.534742e-02	-9.079035e-03	-3.148190e-02	-1.043466e-04	-6.973639e-05	-5.631529e-03	-1.211610e-04	-1.224279e-04	
3.460438e-01	-8.597335e-04	-1.335646e-01	-3.692450e-04	-1.664422e-01	-1.015961e-04	-7.046818e-02	-1.017731e-03	3.483783e-03	-1.594339e-02	2.880609e-02	9.068558e-05	-7.236002e-04	-3.562866e-04	-1.110911e-03	-3.647795e-02	5.567353e-03	-1.280787e-04	2.725020e-04	3.360568e-05	-1.199509e-01	1.869055e-02	-3.149265e-02	-1.607974e-02	2.333228e-02	-1.043466e-04	-6.973639e-05	-5.425071e-03	-1.211610e-04	-1.224279e-04	
2.741256e-01	-8.597335e-04	-1.262837e-01	-3.692450e-04	-1.649787e-01	-1.015961e-04	-5.662771e-02	-1.017734e-03	2.655380e-03	9.303569e-03	2.060449e-02	1.023237e-05	-8.494629e-04	-3.456243e-04	-8.387863e-04	2.525135e-02	-8.232292e-03	-7.916726e-05	-1.255502e-04	9.746824e-06	-1.334563e-01	8.726522e-03	-2.621461e-03	-7.430338e-04	1.410837e-02	-1.043466e-04	-6.973639e-05	-5.221481e-03	-1.211610e-04	-1.224279e-04	
1.380567e-01	-8.597335e-04	-1.194266e-01	-3.692450e-04	-1.584941e-01	-1.015961e-04	6.707115e-02	-1.017734e-03	6.356391e-03	1.657945e-02	7.272615e-02	2.167139e-04	-1.356475e-03	-3.646936e-04	3.690633e-03	7.280274e-03	5.209096e-02	2.077672e-04	-5.066992e-04	-1.998490e-05	-8.272438e-02	3.584511e-03	5.066531e-03	-2.281811e-02	-2.608976e-02	-1.043466e-04	-6.973639e-05	-5.021010e-03	-1.211610e-04	-1.224279e-04	
1.624505e-02	-8.597335e-04	-1.140525e-01	-3.692450e-04	-1.503899e-01	-1.015961e-04	2.389238e-01	-1.017734e-03	1.742344e-02	-1.005657e-02	3.214326e-02	1.156603e-03	-1.566504e-03	-1.270206e-04	1.105667e-02	-2.663163e-02	-4.061358e-02	9.411742e-04	-2.097166e-04	2.367573e-04	-2.848534e-02	8.052716e-03	-1.255992e-02	-1.224033e-02	4.668533e-02	-1.043466e-04	-6.973639e-05	-4.823891e-03	-1.211610e-04	-1.224279e-04	
-6.378399e-02	-8.597335e-04	-1.103831e-01	-3.692450e-04	-1.428727e-01	-1.015961e-04	2.797388e-01	-1.017734e-03	1.112738e-02	-2.538295e-02	2.029406e-02	9.245316e-04	-8.799098e-04	-2.236234e-05	-6.306440e-03	-1.532200e-02	-1.187991e-02	-2.307860e-04	6.869068e-04	1.037427e-04	-9.786613e-02	6.088060e-04	1.987975e-02	7.030695e-03	-3.261906e-03	-1.043466e-04	-6.973639e-05	-4.630343e-03	-1.211610e-04	-1.224279e-04	
-1.069207e-01	-8.597335e-04	-1.081680e-01	-3.692450e-04	-1.370235e-01	-1.015961e-04	2.827664e-01	-1.017734e-03	2.023888e-02	3.134976e-03	5.418348e-02	7.838389e-04	-1.735915e-03	4.193855e-04	9.101117e-03	2.852234e-02	3.385873e-02	-1.394063e-04	-8.556925e-04	4.408323e-04	-3.508592e-02	7.188686e-03	1.241387e-02	-1.942839e-02	-2.758330e-02	-1.043466e-04	-6.973639e-05	-4.440562e-03	-1.211610e-04	-1.224279e-04	
-1.251253e-01	-8.597335e-04	-1.070149e-01	-3.692450e-04	-1.330512e-01	-1.015961e-04	3.559182e-01	-1.017734e-03	1.124932e-02	-2.940268e-02	7.892854e-02	1.375517e-03	-1.496742e-03	6.961003e-05	-8.999934e-03	-3.253325e-02	2.471435e-02	5.929639e-04	2.394853e-04	-3.506910e-04	-6.347933e-02	1.330730e-02	1.345719e-02	-6.697450e-03	3.837620e-02	-1.043466e-04	-6.973639e-05	-4.254729e-03	-1.211610e-04	-1.224279e-04	
-1.222092e-01	-8.597335e-04	-1.065649e-01	-3.692450e-04	-1.306736e-01	-1.015961e-04	3.514507e-01	-1.017734e-03	1.254969e-03	-5.489087e-03	3.306630e-02	1.037894e-03	-8.209396e-04	-3.373977e-04	-1.000473e-02	2.391796e-02	-4.589294e-02	-3.363381e-04	6.761152e-04	-4.079234e-04	-3.675270e-02	1.209893e-02	1.804236e-02	-1.043517e-03	-8.656235e-03	-1.043466e-04	-6.973639e-05	-4.073005e-03	-1.211610e-04	-1.224279e-04	
-2.144252e-02	-8.597335e-04	-1.065657e-01	-3.692450e-04	-1.294547e-01	-1.015961e-04	2.380497e-01	-1.017734e-03	1.780800e-03	-4.270856e-03	5.367572e-02	1.194334e-03	-5.440538e-04	-1.266457e-04	5.154472e-04	1.222618e-03	2.057872e-02	1.577260e-04	2.771985e-04	2.098364e-04	-1.322165e-01	2.463574e-02	-7.742797e-04	-5.203973e-02	-2.447760e-03	-1.043466e-04	-6.973639e-05	-3.895535e-03	-1.211610e-04	-1.224279e-04	
1.682643e-01	-8.597335e-04	-1.068265e-01	-3.692450e-04	-1.289963e-01	-1.015961e-04	1.000424e-01	-1.017734e-03	6.492388e-03	-2.863866e-02	7.544355e-02	2.034340e-03	-6.589175e-04	-2.780493e-04	4.701206e-03	-2.436341e-02	2.173714e-02	8.412908e-04	-1.145512e-04	-1.523194e-04	-7.444731e-02	3.268507e-02	2.043952e-02	8.359306e-03	3.563027e-02	-1.043466e-04	-6.973639e-05	-3.722446e-03	-1.211610e-04	-1.224279e-04	
2.465638e-01	-8.597335e-04	-1.004980e-01	-3.692450e-04	-1.290108e-01	-1.015961e-04	-5.309080e-03	-1.017734e-03	3.860319e-03	-1.840108e-03	3.104451e-03	1.109942e-03	-4.649537e-04	-2.684935e-04	-2.642448e-03	2.680293e-02	-7.236979e-02	-9.231115e-04	1.942765e-04	8.640248e-06	-2.683920e-02	1.918899e-02	3.194442e-03	-2.026483e-02	-1.090904e-02	-1.043466e-04	-6.973639e-05	-3.553848e-03	-1.211610e-04	-1.224279e-04	
1.881949e-01	-8.597335e-04	-1.251188e-03	-3.692450e-04	-1.293108e-01	-1.015961e-04	-6.854150e-02	-1.017734e-03	-5.377480e-03	2.142184e-02	6.287553e-02	1.683648e-03	6.484424e-05	-7.467042e-04	-9.248182e-03	2.326635e-02	5.974038e-02	5.749918e-04	5.301106e-04	-4.791262e-04	-2.034609e-02	2.709496e-02	1.504303e-03	-3.063586e-02	3.378471e-02	-1.043466e-04	-6.973639e-05	-3.389834e-03	-1.211610e-04	-1.224279e-04	
8.586127e-02	-8.597335e-04	1.775425e-01	-3.692450e-04	-1.297701e-01	-1.015961e-04	-9.979740e-02	-1.017734e-03	-6.482573e-03	-1.509981e-02	6.549963e-02	1.157266e-03	1.713626e-04	-5.649035e-04	-1.115473e-03	-3.651726e-02	2.593413e-03	-5.250971e-04	1.068310e-04	1.808851e-04	-1.041367e-01	1.868592e-02	3.742566e-02	1.333279e-02	3.897684e-03	-1.043466e-04	-6.973639e-05	-3.230481e-03	-1.211610e-04	-1.224279e-04	
4.702408e-04	-8.597335e-04	2.397839e-01	-3.692450e-04	-1.286844e-01	-1.015961e-04	-1.104612e-01	-1.017734e-03	-7.600384e-03	1.659344e-02	3.321366e-02	1.771140e-04	6.288881e-04	-7.275460e-04	-1.128189e-03	3.169764e-02	-3.231668e-02	-9.788655e-04	4.578382e-04	-1.635582e-04	-4.331120e-02	1.231459e-02	1.312778e-02	-1.283868e-02	1.199900e-02	-1.043466e-04	-6.973639e-05	-3.075849e-03	-1.211610e-04	-1.224279e-04	
-5.507383e-02	-8.597335e-04	1.690746e-01	-3.692450e-04	-6.584843e-02	-1.015961e-04	-1.088341e-01	-1.017734e-03	-8.287518e-03	5.272710e-02	2.689834e-02	1.622963e-04	5.639038e-04	-9.187782e-04	-6.975175e-04	3.613804e-02	-6.346012e-03	-1.353330e-05	-6.467170e-05	-1.921477e-04	-1.252528e-01	1.109763e-02	2.138944e-02	3.935471e-03	-5.094609e-04	-1.043466e-04	-6.973639e-05	-2.925985e-03	-1.211610e-04	-1.224279e-04	
-8.663690e-02	-8.597335e-04	5.936267e-02	-3.692450e-04	1.114266e-01	-1.015961e-04	-1.007890e-01	-1.017734e-03	-9.404932e-03	-6.958333e-03	1.382467e-02	9.932138e-05	9.676739e-04	-8.825892e-04	-1.127795e-03	-5.968102e-02	-1.310437e-02	-6.168811e-05	4.040825e-04	3.527333e-05	-8.456998e-02	3.201118e-03	1.936606e-02	1.040360e-02	-1.060883e-02	-1.043466e-04	-6.973639e-05	-2.780918e-03	-1.211610e-04	-1.224279e-04	
-1.015732e-01	-8.597335e-04	-3.040364e-02	-3.692450e-04	2.158214e-01	-1.015961e-04	-9.051467e-02	-1.017734e-03	-1.359164e-02	3.746714e-02	4.106677e-02	-3.763206e-04	1.153039e-03	-8.760590e-04	-4.197088e-03	4.442986e-02	2.721140e-02	-4.743562e-04	1.856782e-04	5.614701e-06	-7.950502e-02	1.025386e-02	1.204056e-02	3.838716e-03	1.571326e-02	-1.043466e-04	-6.973639e-05	-2.640666e-03	-1.211610e-04	-1.224279e-04	
-1.052987e-01	-8.597335e-04	-8.882860e-02	-3.692450e-04	1.977447e-01	-1.015961e-04	-8.069772e-02	-1.017734e-03	-1.115567e-02	-2.185675e-02	4.444803e-02	-1.681417e-04	8.920155e-04	-9.261305e-04	2.425593e-03	-5.931950e-02	3.350564e-03	2.094646e-04	-2.607113e-04	-5.098723e-05	-9.141056e-02	1.498845e-02	3.901115e-02	1.881089e-02	-4.928811e-03	-1.043466e-04	-6.973639e-05	-2.505231e-03	-1.211610e-04	-1.224279e-04	
-1.020756e-01	-8.597335e-04	-1.224914e-01	-3.692450e-04	2.386789e-01	-1.015961e-04	-7.266518e-02	-1.017734e-03	-1.528562e-02	2.815976e-03	4.707975e-02	-3.999011e-05	1.086083e-03	-9.306648e-04	-4.140333e-03	2.467712e-02	2.601021e-03	1.294364e-04	1.943800e-04	-5.449931e-06	-1.431536e-01	3.003756e-02	1.738055e-02	-1.098956e-02	-1.375269e-02	-1.043466e-04	-6.973639e-05	-2.374605e-03	-1.211610e-04	-1.224279e-04	
-9.550472e-02	-8.597335e-04	-1.390894e-01	-3.692450e-04	2.946213e-01	-1.015961e-04	-5.895367e-02	-1.017734e-03	-2.039516e-02	2.329513e-02	3.388170e-02	7.190253e-06	1.112129e-03	-9.582808e-04	-5.119923e-03	2.048354e-02	-1.322874e-02	4.846574e-05	2.635814e-05	-2.853146e-05	-1.436083e-01	2.620914e-02	1.859412e-02	-5.117330e-03	1.056177e-02	-1.043466e-04	-6.973639e-05	-2.248765e-03	-1.211610e-04	-1.224279e-04	
-8.825067e-02	-8.597335e-04	-1.442709e-01	-3.692450e-04	2.334897e-01	-1.015961e-04	4.958459e-02	-1.017734e-03	-1.496460e-02	-2.958442e-02	7.844424e-03	3.809172e-04	9.691556e-04	-8.390605e-04	5.420173e-03	-5.287515e-02	-2.606798e-02	3.750134e-04	-1.426602e-04	1.183046e-04	-6.201709e-02	1.864961e-02	2.029754e-02	6.292898e-03	-9.409193e-03	-1.043466e-04	-6.973639e-05	-2.127677e-03	-1.211610e-04	-1.224279e-04	
-8.186306e-02	-8.597335e-04	-1.367055e-01	-3.692450e-04	9.893774e-02	-1.015961e-04	2.305634e-01	-1.017734e-03	-2.032324e-02	3.618478e-02	-9.474969e-03	-3.030146e-04	1.721381e-03	-9.407535e-04	-5.369008e-03	6.577359e-02	-1.735009e-02	-6.826473e-04	7.525377e-04	-1.026086e-04	-2.579670e-02	2.355648e-02	5.334403e-03	-1.994590e-02	1.474628e-02	-1.043466e-04	-6.973639e-05	-2.011299e-03	-1.211610e-04	-1.224279e-04	
-7.693269e-02	-8.597335e-04	-3.661242e-02	-3.692450e-04	-2.723149e-02	-1.015961e-04	2.898344e-01	-1.017734e-03	-2.161898e-02	-5.303165e-03	1.379866e-02	5.259259e-04	2.126837e-03	-1.079525e-03	-1.306126e-03	-4.148353e-02	2.324293e-02	8.302269e-04	4.057686e-04	-1.396876e-04	-5.750072e-02	1.584100e-02	2.867907e-02	1.922574e-02	2.176470e-02	-1.043466e-04	-6.973639e-05	-1.899577e-03	-1.211610e-04	-1.224279e-04	
-7.342215e-02	-8.597335e-04	1.492159e-01	-3.692450e-04	-1.125388e-01	-1.015961e-04	2.181733e-01	-1.017734e-03	-1.088747e-02	2.598431e-02	7.268406e-03	6.335817e-04	1.635439e-03	-7.224513e-04	1.072112e-02	3.129184e-02	-6.560953e-03	1.089406e-04	-4.910852e-04	3.561584e-04	-8.538040e-02	1.372504e-02	2.402639e-02	-9.433918e-03	-8.435059e-03	-1.043466e-04	-6.973639e-05	-1.792446e-03	-1.211610e-04	-1.224279e-04	
-7.101554e-02	-8.597335e-04	2.221972e-01	-3.692450e-04	-1.593797e-01	-1.015961e-04	1.101231e-01	-1.017734e-03	-2.523590e-02	6.805344e-02	4.546731e-02	-2.296047e-04	1.607351e-03	-6.999295e-04	-1.435880e-02	4.207353e-02	3.816820e-02	-8.618996e-04	-2.777480e-05	2.160624e-05	-4.554646e-02	1.416795e-02	2.557130e-02	-8.212430e-03	6.261710e-03	-1.043466e-04	-6.973639e-05	-1.689835e-03	-1.211610e-04	-1.224279e-04	
-6.936012e-02	-8.597335e-04	1.584031e-01	-3.692450e-04	-1.332979e-01	-1.015961e-04	2.287120e-02	-1.017734e-03	-1.244629e-02	2.070669e-02	-1.294933e-02	5.839951e-04	1.371086e-03	-8.866221e-04	1.277923e-02	-4.734237e-02	-5.844733e-02	8.148839e-04	-2.359529e-04	-1.876082e-04	-2.618112e-03	9.292407e-03	3.768904e-02	3.327177e-02	1.339838e-02	-1.043466e-04	-6.973639e-05	-1.591666e-03	-1.211610e-04	-1.224279e-04	
-6.815396e-02	-8.597335e-04	5.127772e-02	-3.692450e-04	3.178257e-02	-1.015961e-04	-3.319775e-02	-1.017734e-03	-4.344233e-02	4.008419e-02	-2.143419e-02	-7.596714e-04	2.527823e-03	-1.294857e-03	-3.100642e-02	1.938190e-02	-8.515556e-03	-1.342380e-03	1.157050e-03	-4.091503e-04	1.070948e-02	1.225561e-03	1.381172e-02	-1.009772e-02	-1.690160e-03	-1.043466e-04	-6.973639e-05	-1.497850e-03	-1.211610e-04	-1.224279e-04	
-6.719220e-02	-8.597335e-04	-3.802648e-02	-3.692450e-04	1.599518e-01	-1.015961e-04	-6.481725e-02	-1.017734e-03	4.468502e-02	-1.621154e-02	-2.219696e-01	-6.161988e-03	-2.502940e-03	4.973726e-03	8.811697e-02	-5.629136e-02	-2.005661e-01	-5.401032e-03	-5.030450e-03	6.267667e-03	9.992208e-01	-8.450529e-02	-2.389711e-02	3.633874e-02	7.841458e-03	-1.043466e-04	-6.973639e-05	-1.408297e-03	-1.211610e-04	-1.224279e-04	
-6.636917e-02	-8.597335e-04	-9.666631e-02	-3.692450e-04	1.408954e-01	-1.015961e-04	-7.958121e-02	-1.017734e-03	3.477361e-02	4.955205e-02	-2.271327e-01	-4.368091e-03	-2.501338e-03	3.469825e-03	-9.921781e-03	6.576800e-02	-5.193848e-03	1.795184e-03	1.914190e-06	-1.504816e-03	5.711622e-02	-6.513730e-02	-3.880642e-02	1.206607e-02	-5.749265e-02	-1.043466e-04	-6.973639e-05	-1.322906e-03	-1.211610e-04	-1.224279e-04	
-6.562930e-02	-8.597335e-04	-1.307153e-01	-3.692450e-04	4.553472e-02	-1.015961e-04	-8.305434e-02	-1.017734e-03	2.081603e-02	5.085755e-02	-1.744747e-01	-3.762217e-03	-1.791209e-03	2.566447e-03	-1.396796e-02	1.309880e-03	5.262735e-02	6.071603e-04	7.104417e-04	-9.042938e-04	-1.879559e-02	-2.894961e-02	-5.103157e-02	9.144482e-03	3.768046e-04	-1.043466e-04	-6.973639e-05	-1.241575e-03	-1.211610e-04	-1.224279e-04	
-6.493697e-02	-8.597335e-04	-1.477414e-01	-3.692450e-04	-4.760913e-02	-1.015961e-04	-7.962813e-02	-1.017734e-03	2.041385e-02	1.077757e-02	-1.111094e-01	-2.887501e-03	-2.176928e-03	2.453403e-03	-4.125579e-04	-4.007559e-02	6.333461e-02	8.760008e-04	-3.854062e-04	-1.139596e-04	-1.602194e-02	-1.206434e-02	-1.726887e-02	2.133767e-02	-2.448013e-02	-1.043466e-04	-6.973639e-05	-1.164196e-03	-1.211610e-04	-1.224279e-04	
-6.425571e-02	-8.597335e-04	-1.533309e-01	-3.692450e-04	-1.122116e-01	-1.015961e-04	-7.295527e-02	-1.017734e-03	4.412052e-02	4.981927e-02	-3.141441e-02	-2.205633e-03	-2.051374e-03	2.427934e-03	2.369629e-02	3.904608e-02	7.966426e-02	6.831530e-04	1.258665e-04	-2.638487e-05	-1.240784e-02	6.925801e-03	-1.614073e-02	-1.849309e-02	-4.941280e-03	-1.043466e-04	-6.973639e-05	-1.090658e-03	-1.211610e-04	-1.224279e-04	
-6.357799e-02	-8.597335e-04	-1.518679e-01	-3.692450e-04	-1.507431e-01	-1.015961e-04	-6.568722e-02	-1.017734e-03	4.969655e-02	-2.721557e-02	-1.155333e-02	-5.989168e-04	-2.180375e-03	2.406805e-03	5.565648e-03	-7.703042e-02	1.983038e-02	1.608003e-03	-1.286880e-04	-2.204479e-05	2.325102e-03	2.932324e-03	3.281460e-02	2.711320e-02	2.387092e-03	-1.043466e-04	-6.973639e-05	-1.020845e-03	-1.211610e-04	-1.224279e-04	
-6.276321e-02	-8.597335e-04	-1.469897e-01	-3.692450e-04	-1.709823e-01	-1.015961e-04	-5.932417e-02	-1.017734e-03	4.746365e-02	1.569156e-02	1.008879e-02	-1.137622e-03	-1.648654e-03	1.983882e-03	-2.243284e-03	4.291153e-02	2.161143e-02	-5.374202e-04	5.320340e-04	-4.238379e-04	-5.840447e-02	1.347554e-02	1.063968e-02	-2.393834e-02	-2.483945e-02	-1.043466e-04	-6.973639e-05	-9.546419e-04	-1.211610e-04	-1.224279e-04	
-3.093666e-02	-8.597335e-04	-1.413807e-01	-3.692450e-04	-1.788795e-01	-1.015961e-04	-5.439370e-02	-1.017734e-03	4.101087e-02	-1.654910e-02	-1.773245e-02	-8.667044e-04	-1.586277e-03	1.832417e-03	-6.463162e-03	-3.223628e-02	-2.785194e-02	2.722034e-04	6.268941e-05	-1.523809e-04	-1.044244e-01	6.356867e-03	1.394085e-02	1.795287e-03	1.667874e-02	-1.043466e-04	-6.973639e-05	-8.919288e-04	-1.211610e-04	-1.224279e-04	
1.256119e-01	-8.597335e-04	-1.366269e-01	-3.692450e-04	-1.788193e-01	-1.015961e-04	-5.082987e-02	-1.017734e-03	3.002778e-02	-3.014967e-02	-2.368603e-02	1.416193e-04	-1.106869e-03	1.445497e-03	-1.099347e-02	-1.359619e-02	-5.984280e-03	1.009609e-03	4.797203e-04	-3.878355e-04	-7.138906e-02	1.038606e-02	1.300502e-02	-5.065637e-03	7.827297e-04	-1.043466e-04	-6.973639e-05	-8.325858e-04	-1.211610e-04	-1.224279e-04	
2.724029e-01	-8.597335e-04	-1.333149e-01	-3.692450e-04	-1.742830e-01	-1.015961e-04	-4.833642e-02	-1.017734e-03	1.441640e-02	2.265342e-02	-4.918974e-03	-3.228397e-04	-6.879697e-04	1.076312e-03	-1.562176e-02	5.280749e-02	1.873636e-02	-4.631741e-04	4.192121e-04	-3.701004e-04	-5.164583e-02	5.885961e-03	3.714122e-03	-2.066954e-02	8.517006e-03	-1.043466e-04	-6.973639e-05	-7.764920e-04	-1.211610e-04	-1.224279e-04	
2.687643e-01	-8.597335e-04	-1.314368e-01	-3.692450e-04	-1.344319e-01	-1.015961e-04	-4.658271e-02	-1.017734e-03	1.374658e-02	5.830356e-04	-3.063898e-02	-1.119061e-04	-6.396743e-04	7.705322e-04	-6.802010e-04	-2.206600e-02	-2.575071e-02	2.122201e-04	4.860794e-05	-3.066958e-04	-1.179719e-01	7.165649e-03	1.017365e-03	-1.319252e-02	1.517071e-02	-1.043466e-04	-6.973639e-05	-7.235258e-04	-1.211610e-04	-1.224279e-04	
1.713347e-01	-8.597335e-04	-1.306876e-01	-3.692450e-04	3.004275e-02	-1.015961e-04	-4.529059e-02	-1.017734e-03	-9.016858e-02	-5.382547e-02	-1.476189e-01	-4.786192e-03	5.259909e-03	-3.568636e-03	-1.039255e-01	-5.440414e-02	-1.170107e-01	-4.673001e-03	5.899896e-03	-4.340084e-03	8.230692e-01	-3.790656e-02	-9.558314e-03	4.635127e-02	5.765861e-03	-1.043466e-04	-6.973639e-05	-6.735662e-04	-1.211610e-04	-1.224279e-04	
6.769852e-02	-8.597335e-04	-1.306994e-01	-3.692450e-04	1.759998e-01	-1.015961e-04	-4.426238e-02	-1.017734e-03	-7.393450e-02	1.851023e-02	-1.251096e-01	-5.303372e-03	5.384782e-03	-2.920190e-03	1.622370e-02	7.234012e-02	2.247863e-02	-5.158936e-04	1.251858e-04	6.475307e-04	-2.281579e-02	-3.560861e-02	-1.266967e-02	4.131845e-02	-4.431875e-02	-1.043466e-04	-6.973639e-05	-6.264922e-04	-1.211610e-04	-1.224279e-04	
-6.979639e-03	-8.597335e-04	-1.179507e-01	-3.692450e-04	1.693146e-01	-1.015961e-04	-4.337403e-02	-1.017734e-03	-6.345337e-02	1.047966e-02	-1.286587e-01	-3.973259e-03	3.758934e-03	-2.314086e-03	1.047075e-02	-8.026191e-03	-3.579830e-03	1.331398e-03	-1.625535e-03	6.051880e-04	1.301333e-02	-1.211538e-02	-2.017116e-02	3.657603e-02	-1.793518e-02	-1.043466e-04	-6.973639e-05	-5.821838e-04	-1.211610e-04	-1.224279e-04	
-5.237798e-02	-8.597335e-04	4.405403e-03	-3.692450e-04	7.088966e-02	-1.015961e-04	-4.255468e-02	-1.017734e-03	-5.008124e-02	-1.389983e-02	-9.732269e-02	-3.450164e-03	3.253351e-03	-1.940925e-03	1.336175e-02	-2.437507e-02	3.130536e-02	5.243798e-04	-5.052701e-04	3.722449e-04	-5.105676e-02	5.391111e-03	-1.940488e-02	3.211765e-02	3.153360e-03	-1.043466e-04	-6.973639e-05	-5.405225e-04	-1.211610e-04	-1.224279e-04	
-7.657965e-02	-8.597335e-04	1.747871e-01	-3.692450e-04	-3.252829e-02	-1.015961e-04	-4.176554e-02	-1.017734e-03	-4.653275e-02	5.306106e-03	-7.061610e-02	-3.690422e-03	2.487311e-03	-2.081149e-03	3.538115e-03	1.921033e-02	2.667588e-02	-2.389718e-04	-7.657282e-04	-1.411388e-04	-8.982566e-02	1.411847e-02	-1.433578e-02	7.087673e-03	-3.709702e-02	-1.043466e-04	-6.973639e-05	-5.013910e-04	-1.211610e-04	-1.224279e-04	
-8.635613e-02	-8.597335e-04	2.098874e-01	-3.692450e-04	-8.152048e-02	-1.015961e-04	-4.098276e-02	-1.017734e-03	-3.866890e-02	-6.169740e-02	-8.049631e-02	-2.220622e-03	1.859809e-03	-1.269328e-03	7.853466e-03	-6.699914e-02	-9.910899e-03	1.471085e-03	-6.271892e-04	8.109048e-04	4.149647e-02	1.125683e-03	-2.889485e-02	6.427045e-03	1.846100e-02	-1.043466e-04	-6.973639e-05	-4.646741e-04	-1.211610e-04	-1.224279e-04	
-8.670023e-02	-8.597335e-04	1.256918e-01	-3.692450e-04	2.107435e-02	-1.015961e-04	-4.021576e-02	-1.017734e-03	-4.770696e-02	-3.022750e-02	-6.430497e-02	-2.026767e-03	9.739383e-04	-7.900138e-04	-9.048444e-03	3.147427e-02	1.616064e-02	1.951399e-04	-8.855579e-04	4.783990e-04	-6.076683e-02	-6.381482e-03	-5.201741e-03	6.926353e-03	-9.802829e-03	-1.043466e-04	-6.973639e-05	-4.302586e-04	-1.211610e-04	-1.224279e-04	
-8.171310e-02	-8.597335e-04	2.307701e-02	-3.692450e-04	1.495169e-01	-1.015961e-04	-3.944617e-02	-1.017734e-03	-3.565150e-02	-3.710200e-02	-6.527048e-02	-2.168820e-03	1.230170e-03	-8.175447e-04	1.204508e-02	-6.870065e-03	-9.962012e-04	-1.407678e-04	2.565440e-04	-2.844647e-05	-1.586048e-01	-4.661190e-03	-2.267949e-02	-1.508415e-02	1.254765e-03	-1.043466e-04	-6.973639e-05	-3.980335e-04	-1.211610e-04	-1.224279e-04	
-7.467207e-02	-8.597335e-04	3.780285e-02	-3.692450e-04	1.438362e-01	-1.015961e-04	-3.867422e-02	-1.017734e-03	-3.640699e-02	-5.560956e-02	-2.374079e-02	-1.158434e-03	1.345811e-03	-8.424143e-04	-7.658683e-04	-1.850322e-02	4.149898e-02	1.011673e-03	1.159541e-04	-2.578527e-05	-8.448123e-02	-5.220699e-03	6.896684e-03	7.954177e-03	2.839260e-02	-1.043466e-04	-6.973639e-05	-3.678908e-04	-1.211610e-04	-1.224279e-04	
-6.777909e-02	-8.597335e-04	1.629500e-01	-3.692450e-04	4.699199e-02	-1.015961e-04	-3.790071e-02	-1.017734e-03	-4.760360e-02	-2.763892e-02	1.168443e-02	-1.114486e-03	1.758894e-03	-7.944466e-04	-1.120700e-02	2.797508e-02	3.539452e-02	4.523426e-05	4.133958e-04	4.705216e-05	-1.028798e-01	1.094043e-03	8.102351e-03	4.090040e-03	-2.177064e-02	-1.043466e-04	-6.973639e-05	-3.397249e-04	-1.211610e-04	-1.224279e-04	
-6.212372e-02	-8.597335e-04	2.117276e-01	-3.692450e-04	-5.517260e-02	-1.015961e-04	-3.712646e-02	-1.017734e-03	-3.810785e-02	-4.805814e-02	-1.980681e-02	-1.183343e-03	1.284866e-03	-7.314935e-04	9.485380e-03	-2.041483e-02	-3.152193e-02	-6.757199e-05	-4.737162e-04	6.203751e-05	-1.004965e-01	-9.317596e-03	-1.068587e-03	9.905610e-03	2.173789e-02	-1.043466e-04	-6.973639e-05	-3.134332e-04	-1.211610e-04	-1.224279e-04	
-5.794876e-02	-8.597335e-04	2.588885e-01	-3.692450e-04	-1.272830e-01	-1.015961e-04	-3.635224e-02	-1.017734e-03	-3.910735e-02	-8.476037e-03	4.293799e-02	-9.171685e-04	1.495623e-03	-9.212760e-04	-1.009889e-03	3.958647e-02	6.271409e-02	2.674588e-04	2.110699e-04	-1.906981e-04	-6.932906e-02	7.948199e-03	1.945017e-02	8.918853e-03	-1.816448e-02	-1.043466e-04	-6.973639e-05	-2.889161e-04	-1.211610e-04	-1.224279e-04	
-5.504833e-02	-8.597335e-04	3.119536e-01	-3.692450e-04	-1.698536e-01	-1.015961e-04	-3.495623e-02	-1.017734e-03	-4.022717e-02	-3.868251e-02	3.043032e-02	-1.191315e-03	1.834282e-03	-9.485796e-04	-1.130202e-03	-3.020205e-02	-1.253836e-02	-2.728599e-04	3.389718e-04	-2.821908e-05	-1.277696e-01	1.947583e-02	3.661357e-03	-1.844435e-03	-1.973420e-02	-1.043466e-04	-6.973639e-05	-2.660772e-04	-1.211610e-04	-1.224279e-04	
-5.307529e-02	-8.597335e-04	2.506469e-01	-3.692450e-04	-1.919329e-01	-1.015961e-04	1.340275e-02	-1.017734e-03	-4.116790e-02	-6.179664e-02	7.159850e-03	-9.296797e-04	1.652617e-03	-9.736600e-04	-9.511006e-04	-2.310979e-02	-2.330117e-02	2.629213e-04	-1.813531e-04	-2.599603e-05	-1.251746e-01	1.260605e-02	-1.516729e-02	1.627634e-03	3.188832e-02	-1.043466e-04	-6.973639e-05	-2.448232e-04	-1.211610e-04	-1.224279e-04	
-5.170279e-02	-8.597335e-04	1.103395e-01	-3.692450e-04	-2.006821e-01	-1.015961e-04	1.847100e-01	-1.017734e-03	-3.729218e-02	-1.105156e-02	6.008160e-02	-1.036056e-03	1.281646e-03	-1.620530e-04	3.865331e-03	5.074949e-02	5.289105e-02	-1.050915e-04	-3.706579e-04	8.106913e-04	-2.564829e-02	9.769103e-03	1.144256e-02	-2.629230e-03	-2.476710e-03	-1.043466e-04	-6.973639e-05	-2.250643e-04	-1.211610e-04	-1.224279e-04	
-4.289882e-02	-8.597335e-04	-2.482731e-02	-3.692450e-04	-2.009966e-01	-1.015961e-04	3.099690e-01	-1.017734e-03	3.030416e-03	-6.059780e-02	4.099413e-02	-4.518223e-04	8.731433e-05	4.875706e-04	4.031222e-02	-4.954181e-02	-1.911817e-02	5.855189e-04	-1.194019e-03	6.487080e-04	3.827151e-02	5.297006e-03	9.905948e-03	3.173274e-03	-2.469971e-03	-1.043466e-04	-6.973639e-05	-2.067140e-04	-1.211610e-04	-1.224279e-04	
6.237555e-02	-8.597335e-04	-1.181161e-01	-3.692450e-04	-1.966759e-01	-1.015961e-04	2.838132e-01	-1.017734e-03	8.251991e-03	-1.737837e-02	3.586735e-02	-5.419935e-04	-5.239694e-04	1.308258e-03	5.211195e-03	4.322381e-02	-5.157474e-03	-8.888524e-05	-6.109710e-04	8.197718e-04	-6.546226e-02	-3.731016e-03	4.185466e-03	-2.979959e-02	6.037495e-03	-1.043466e-04	-6.973639e-05	-1.896891e-04	-1.211610e-04	-1.224279e-04	
2.413204e-01	-8.597335e-04	-1.709019e-01	-3.692450e-04	-1.907129e-01	-1.015961e-04	1.805830e-01	-1.017734e-03	-4.542731e-03	-1.179176e-02	7.655539e-02	-2.513655e-04	1.500758e-04	8.449834e-04	-1.280510e-02	5.590981e-03	4.065733e-02	2.919137e-04	6.743579e-04	-4.641902e-04	-7.683043e-02	1.113940e-02	2.035836e-02	5.113312e-03	3.868457e-03	-1.043466e-04	-6.973639e-05	-1.739097e-04	-1.211610e-04	-1.224279e-04	
2.993698e-01	-8.597335e-04	-1.952043e-01	-3.692450e-04	-1.816032e-01	-1.015961e-04	8.079434e-02	-1.017734e-03	9.174383e-02	-8.857595e-02	4.332091e-02	-1.746998e-03	-3.702541e-03	5.034109e-03	9.627618e-02	-7.677981e-02	-3.326517e-02	-1.494347e-03	-3.852305e-03	4.188209e-03	4.886549e-01	-5.471191e-02	4.378473e-02	-8.809539e-04	-2.837638e-02	-1.043466e-04	-6.973639e-05	-1.592995e-04	-1.211610e-04	-1.224279e-04	
2.269880e-01	-8.597335e-04	-2.015787e-01	-3.692450e-04	-9.633201e-02	-1.015961e-04	1.156935e-02	-1.017734e-03	1.944056e-01	1.758704e-02	6.104012e-03	-4.966911e-03	-9.066074e-03	1.044701e-02	1.026514e-01	1.061674e-01	-3.724759e-02	-3.218628e-03	-5.363220e-03	5.411989e-03	7.502721e-01	-9.293538e-02	-1.845148e-02	-6.225478e-02	-4.309748e-02	-1.043466e-04	-6.973639e-05	-1.457855e-04	-1.211610e-04	-1.224279e-04	
1.184698e-01	-8.597335e-04	-1.946777e-01	-3.692450e-04	8.717097e-02	-1.015961e-04	-2.958233e-02	-1.017734e-03	1.086148e-01	8.232105e-03	6.383738e-03	-1.292231e-03	-5.218539e-03	5.114464e-03	-8.580119e-02	-9.350551e-03	2.490296e-04	3.675965e-03	3.847848e-03	-5.333466e-03	5.339314e-01	-1.898477e-02	-2.611488e-02	-2.172904e-04	2.765910e-02	-1.043466e-04	-6.973639e-05	-1.332979e-04	-1.211610e-04	-1.224279e-04	
3.086177e-02	-8.597335e-04	-1.093766e-01	-3.692450e-04	1.726790e-01	-1.015961e-04	-5.083447e-02	-1.017734e-03	7.510245e-02	1.812728e-02	6.687697e-02	7.707556e-04	-3.511101e-03	2.799635e-03	-3.352272e-02	9.899565e-03	6.046253e-02	2.064272e-03	1.707750e-03	-2.315744e-03	2.007080e-01	-1.259481e-02	5.083488e-03	-5.714877e-03	-6.641815e-03	-1.043466e-04	-6.973639e-05	-8.681966e-12	-1.211610e-04	-1.224279e-04	
-2.547879e-02	-8.597335e-04	8.093841e-02	-3.692450e-04	1.154698e-01	-1.015961e-04	-5.860295e-02	-1.017734e-03	6.676996e-02	2.168098e-02	1.243126e-01	1.719842e-03	-2.997660e-03	2.110334e-03	-8.342872e-03	3.558063e-03	5.740498e-02	9.503730e-04	5.137541e-04	-6.902163e-04	-3.067469e-02	2.051600e-02	7.398942e-03	-2.322383e-02	-2.078130e-02	-1.043466e-04	-6.973639e-05	-8.681966e-12	-1.211610e-04	-1.224279e-04	
-5.731749e-02	-8.597335e-04	1.789117e-01	-3.692450e-04	7.365420e-03	-1.015961e-04	-5.768672e-02	-1.017734e-03	4.752007e-02	-6.117279e-02	5.356583e-02	1.764817e-03	-2.461959e-03	1.747068e-03	-1.926027e-02	-8.284932e-02	-7.077751e-02	4.626044e-05	5.360132e-04	-3.641821e-04	1.644093e-02	6.358976e-05	-1.872512e-02	-3.129628e-02	1.586188e-02	-1.043466e-04	-6.973639e-05	-8.681966e-12	-1.211610e-04	-1.224279e-04	
-7.227948e-02	-8.597335e-04	1.310690e-01	-3.692450e-04	-3.516485e-02	-1.015961e-04	-5.204721e-02	-1.017734e-03	4.675632e-02	-7.307519e-03	3.506005e-02	2.138868e-03	-2.376673e-03	1.722683e-03	-7.741345e-04	5.386962e-02	-1.853647e-02	3.753364e-04	8.559917e-05	-2.530032e-05	-1.060623e-01	-8.843144e-04	-3.303482e-02	-5.692241e-02	3.215310e-02	-1.043466e-04	-6.973639e-05	-8.681966e-12	-1.211610e-04	-1.224279e-04	
-7.594027e-02	-8.597335e-04	2.679177e-02	-3.692450e-04	7.499321e-02	-1.015961e-04	-4.478884e-02	-1.017734e-03	3.612909e-02	-4.004395e-02	8.575419e-02	2.571573e-03	-2.307841e-03	1.279910e-03	-1.063760e-02	-3.273201e-02	5.066343e-02	4.339913e-04	6.914463e-05	-4.436889e-04	-6.629937e-02	3.724829e-03	-9.318057e-03	-2.825868e-02	2.975542e-02	-1.043466e-04	-6.973639e-05	-8.681966e-12	-1.211610e-04	-1.224279e-04	
-7.269593e-02	-8.597335e-04	-5.841024e-02	-3.692450e-04	1.579663e-01	-1.015961e-04	-3.792270e-02	-1.017734e-03	2.964771e-02	-2.472464e-02	5.770055e-02	2.541077e-03	-1.847310e-03	8.751148e-04	-6.491769e-03	1.532366e-02	-2.808433e-02	-2.921106e-05	4.608433e-04	-4.057107e-04	-1.110132e-01	-2.311166e-03	9.742899e-03	-3.819773e-03	5.645883e-03	-1.043466e-04	-6.973639e-05	-8.681966e-12	-1.211610e-04	-1.224279e-04	
-6.618150e-02	-8.597335e-04	-2.045318e-02	-3.692450e-04	1.079808e-01	-1.015961e-04	-3.238184e-02	-1.017734e-03	3.548716e-02	1.135882e-02	9.360730e-02	2.781584e-03	-1.792837e-03	5.403750e-04	5.829076e-03	3.608790e-02	3.587605e-02	2.417928e-04	5.478563e-05	-3.356553e-04	-9.641407e-02	-6.910975e-03	-9.685372e-03	-5.370125e-02	-2.716265e-02	-1.043466e-04	-6.973639e-05	-8.681966e-12	-1.211610e-04	-1.224279e-04	
-5.906138e-02	-8.597335e-04	1.224789e-01	-3.692450e-04	-2.604885e-03	-1.015961e-04	-2.832535e-02	-1.017734e-03	2.958740e-02	-3.445561e-02	7.796914e-02	2.804393e-03	-2.188879e-03	-4.962142e-05	-5.910140e-03	-4.581005e-02	-1.566886e-02	2.409447e-05	-3.957298e-04	-5.909120e-04	-8.055523e-02	-1.224335e-03	-9.663105e-03	-1.224002e-02	4.515380e-02	-1.043466e-04	-6.973639e-05	-8.681966e-12	-1.211610e-04	-1.224279e-04	
-5.285636e-02	-8.597335e-04	1.666506e-01	-3.692450e-04	-4.624920e-02	-1.015961e-04	-2.551477e-02	-1.017734e-03	2.019616e-02	7.882492e-03	6.306095e-02	3.040911e-03	-1.685829e-03	-3.108330e-04	-9.401624e-03	4.234245e-02	-1.493889e-02	2.378040e-04	5.033633e-04	-2.621272e-04	-8.768385e-02	-2.076482e-02	5.883812e-03	-4.900090e-03	7.668450e-03	-1.043466e-04	-6.973639e-05	-8.681966e-12	-2.544589e-04	-1.224279e-04	
-4.811394e-02	-8.597335e-04	8.994599e-02	-3.692450e-04	6.419265e-02	-1.015961e-04	-2.359652e-02	-1.017734e-03	-4.594864e-02	-7.973426e-02	-1.152818e-02	5.872722e-04	2.442020e-03	-2.556162e-03	-6.615518e-02	-8.761234e-02	-7.461982e-02	-2.452354e-03	4.128161e-03	-2.246245e-03	4.638079e-01	-1.264125e-02	-1.848709e-02	1.230137e-02	-3.078659e-02	-1.043466e-04	-6.973639e-05	-8.681966e-12	-2.669465e-04	-1.224279e-04	
-4.477713e-02	-8.597335e-04	-1.815024e-02	-3.692450e-04	1.604174e-01	-1.015961e-04	-2.225190e-02	-1.017734e-03	-1.758678e-02	-4.362148e-02	-1.174453e-02	1.809120e-03	9.518467e-04	-1.503336e-03	2.835147e-02	3.611719e-02	-2.470490e-04	1.223133e-03	-1.489860e-03	1.051911e-03	5.914596e-02	-2.309286e-02	-4.208162e-02	2.798184e-03	5.141140e-02	-1.043466e-04	-6.973639e-05	-8.681966e-12	-2.804605e-04	-2.557257e-04	
-4.253137e-02	-8.597335e-04	-1.024536e-01	-3.692450e-04	2.407475e-01	-1.015961e-04	-2.124760e-02	-1.017734e-03	-5.780810e-03	8.410498e-03	7.441427e-02	2.740406e-03	5.627140e-04	-1.077246e-03	1.179559e-02	5.203634e-02	8.612810e-02	9.325715e-04	-3.888200e-04	4.251744e-04	3.905626e-02	4.253784e-03	4.224723e-04	-2.968803e-03	8.161352e-04	-1.043466e-04	-6.973639e-05	-8.681966e-12	-2.950707e-04	-2.682134e-04	
-4.102751e-02	-8.597335e-04	-1.466064e-01	-3.692450e-04	2.968667e-01	-1.015961e-04	-2.043347e-02	-1.017734e-03	-9.662624e-03	-6.744283e-03	3.600144e-02	1.732879e-03	3.508038e-04	-1.022123e-03	-3.892196e-03	-1.515040e-02	-3.844352e-02	-1.006242e-03	-2.115976e-04	5.420787e-05	-7.649720e-02	-7.110833e-03	-2.148955e-02	1.220193e-03	-5.644395e-03	-1.043466e-04	-6.973639e-05	-8.681966e-12	-3.108501e-04	-2.817274e-04	
-3.999164e-02	-8.597335e-04	-7.000162e-02	-3.692450e-04	2.262717e-01	-1.015961e-04	-1.971980e-02	-1.017734e-03	-1.079070e-03	-5.005823e-02	4.899112e-02	2.751651e-03	-1.744844e-04	-9.566174e-04	8.573174e-03	-4.330956e-02	1.295898e-02	1.020058e-03	-5.249754e-04	6.458959e-05	-5.369284e-02	3.272486e-03	-1.229533e-02	4.674071e-03	-2.991484e-03	-1.043466e-04	-6.973639e-05	-8.681966e-12	-3.278750e-04	-2.963376e-04	
-3.924321e-02	-8.597335e-04	9.609563e-02	-3.692450e-04	7.752463e-02	-1.015961e-04	-1.904537e-02	-1.017734e-03	-4.814136e-03	-1.473384e-02	4.679378e-02	2.283949e-03	-9.591250e-05	-9.796696e-04	-3.745447e-03	3.532878e-02	-2.228040e-03	-4.664173e-04	7.888416e-05	-2.396783e-05	-1.346744e-01	4.275510e-04	-3.416141e-02	-2.932518e-02	1.366189e-02	-1.043466e-04	-6.973639e-05	-8.681966e-12	-3.462253e-04	-3.121169e-04	
-3.865208e-02	-8.597335e-04	1.514318e-01	-3.692450e-04	-1.594304e-02	-1.015961e-04	-1.837810e-02	-1.017734e-03	5.865722e-04	-5.870252e-02	6.286924e-02	2.456948e-03	-3.302868e-04	-1.310872e-03	5.390327e-03	-4.396424e-02	1.604477e-02	1.742855e-04	-2.340613e-04	-3.321180e-04	-9.997414e-02	-9.259103e-05	-5.447329e-03	9.103273e-03	2.788260e-02	-1.043466e-04	-6.973639e-05	-8.681966e-12	-3.659842e-04	-3.291419e-04	
-3.813250e-02	-8.597335e-04	8.234587e-02	-3.692450e-04	5.786423e-02	-1.015961e-04	-1.775256e-02	-1.017734e-03	1.363809e-02	-4.724158e-02	5.143797e-02	2.795337e-03	1.936997e-04	-8.122642e-04	1.304114e-02	1.146531e-02	-1.146196e-02	3.396744e-04	5.242990e-04	4.976922e-04	-9.453080e-02	-2.672564e-04	-1.345398e-02	-1.069404e-02	-8.621105e-03	-1.043466e-04	-6.973639e-05	-8.681966e-12	-3.872382e-04	-3.474922e-04	
-3.764011e-02	-8.597335e-04	5.411667e-03	-3.692450e-04	1.277206e-01	-1.015961e-04	-1.718162e-02	-1.017734e-03	-6.180984e-02	-9.004010e-02	3.852197e-02	1.300356e-03	1.960138e-03	-2.349959e-03	-7.545832e-02	-4.279412e-02	-1.294670e-02	-1.493696e-03	1.766751e-03	-1.538611e-03	1.655553e-01	-4.677218e-03	-2.658526e-02	-1.534909e-02	8.996279e-03	-1.043466e-04	-6.973639e-05	-8.681966e-12	-4.100771e-04	-3.672511e-04	
-3.715822e-02	-8.597335e-04	7.250573e-02	-3.692450e-04	7.583588e-02	-1.015961e-04	-1.664470e-02	-1.017734e-03	-7.401469e-02	-1.212660e-01	-1.818600e-02	-1.028915e-03	2.793672e-03	-3.742500e-03	-1.221522e-02	-3.122157e-02	-5.673867e-02	-2.327985e-03	8.338473e-04	-1.393456e-03	1.224556e-01	-1.875488e-02	-1.921495e-02	4.491673e-02	1.721806e-02	-1.043466e-04	-6.973639e-05	-8.681966e-12	-4.345942e-04	-3.885050e-04	
-3.671740e-02	-8.597335e-04	1.748425e-01	-3.692450e-04	-1.937151e-02	-1.015961e-04	-1.612269e-02	-1.017734e-03	-5.884773e-02	-3.937783e-02	1.305999e-02	-7.407846e-05	1.649256e-03	-2.981071e-03	1.515657e-02	8.189262e-02	3.121529e-02	9.561226e-04	-1.144105e-03	7.605124e-04	7.298532e-02	-8.541225e-03	-6.724350e-03	3.043024e-02	-3.429982e-02	-1.043466e-04	-6.973639e-05	-8.681966e-12	-4.608860e-04	-4.113440e-04	
-3.630125e-02	-8.597335e-04	1.518370e-01	-3.692450e-04	1.247023e-02	-1.015961e-04	-1.560740e-02	-1.017734e-03	-5.069984e-02	-5.357394e-02	3.503405e-02	1.689137e-03	1.261410e-03	-2.802085e-03	8.137506e-03	-1.419172e-02	2.194336e-02	1.764501e-03	-3.875331e-04	1.780705e-04	-3.902301e-02	4.292745e-04	-1.064514e-02	1.025240e-02	-2.161086e-02	-1.043466e-04	-6.973639e-05	-8.681966e-12	-4.890518e-04	-4.358611e-04	
-3.012455e-02	-8.597335e-04	4.384558e-02	-3.692450e-04	1.212227e-01	-1.015961e-04	-1.510568e-02	-1.017734e-03	-5.414669e-02	-8.267467e-02	2.648936e-02	1.676006e-03	8.678614e-04	-2.270563e-03	-3.457226e-03	-2.909635e-02	-8.575382e-03	-1.184616e-05	-3.932360e-04	5.306064e-04	-1.089198e-01	4.942295e-04	-2.543552e-02	4.002814e-03	-3.024877e-03	-1.043466e-04	-6.973639e-05	-8.681966e-12	-5.191945e-04	-4.621528e-04	
6.526335e-02	-8.597335e-04	-6.446260e-02	-3.692450e-04	1.209277e-01	-1.015961e-04	-1.463521e-02	-1.017734e-03	-5.073014e-02	-3.770098e-02	2.976480e-02	1.674988e-03	5.510914e-04	-2.219116e-03	3.406171e-03	4.497811e-02	3.244742e-03	2.673919e-07	-3.164572e-04	5.053213e-05	-1.282457e-01	6.303408e-03	-3.375385e-02	-6.158452e-03	1.781992e-02	-1.043466e-04	-6.973639e-05	-8.681966e-12	-5.514195e-04	-4.903187e-04	
2.457510e-01	-8.597335e-04	-1.384975e-01	-3.692450e-04	2.287896e-02	-1.015961e-04	-1.419084e-02	-1.017734e-03	-5.993573e-02	-1.055929e-01	9.266862e-02	2.181886e-03	7.836671e-04	-2.070785e-03	-9.215968e-03	-6.788759e-02	6.287313e-02	5.081840e-04	2.328881e-04	1.474146e-04	-2.263813e-02	1.646444e-02	3.832242e-03	2.518247e-02	2.110578e-02	-1.043466e-04	-6.973639e-05	-8.681966e-12	-5.858351e-04	-5.204614e-04	
3.142878e-01	-8.597335e-04	-1.612441e-01	-3.692450e-04	-8.654641e-02	-1.015961e-04	-1.375561e-02	-1.017734e-03	-5.519072e-02	-4.542397e-02	5.173513e-02	1.717693e-03	8.928555e-04	-2.127296e-03	4.734633e-03	6.017337e-02	-4.096418e-02	-4.629076e-04	1.095014e-04	-5.742648e-05	-6.295185e-02	7.979462e-04	-5.748936e-03	-2.120665e-04	-2.319866e-02	-1.043466e-04	-6.973639e-05	-8.681966e-12	-6.225520e-04	-5.526864e-04	
2.475057e-01	-8.597335e-04	-4.428263e-02	-3.692450e-04	-1.645221e-01	-1.015961e-04	-1.332171e-02	-1.017734e-03	-5.499896e-02	-1.035848e-01	6.960528e-02	2.049031e-03	6.442923e-04	-2.214288e-03	1.813733e-04	-5.815646e-02	1.783945e-02	3.326237e-04	-2.482505e-04	-8.790720e-05	-9.391607e-02	9.580320e-03	-1.040684e-02	-3.793245e-03	2.801304e-02	-1.043466e-04	-6.973639e-05	-8.681966e-12	-6.616835e-04	-5.871020e-04	
1.387872e-01	-8.597335e-04	1.135442e-01	-3.692450e-04	-2.065649e-01	-1.015961e-04	-1.289038e-02	-1.017734e-03	-5.799538e-02	-8.484614e-02	6.722894e-02	1.623642e-03	6.086249e-04	-2.226976e-03	-3.006805e-03	1.874307e-02	-2.407030e-03	-4.241039e-04	-3.535512e-05	-1.360330e-05	-1.476377e-01	3.491326e-05	6.278894e-03	1.666974e-02	1.209329e-02	-1.043466e-04	-6.973639e-05	-8.681966e-12	-7.033448e-04	-6.238189e-04	
4.895389e-02	-8.597335e-04	1.366230e-01	-3.692450e-04	-1.556012e-01	-1.015961e-04	-1.246566e-02	-1.017734e-03	-5.018489e-02	-7.115012e-02	8.103859e-02	1.677151e-03	3.409339e-04	-2.232659e-03	7.800108e-03	1.370043e-02	1.377895e-02	5.479565e-05	-2.673781e-04	-6.599306e-06	-1.469940e-01	1.321466e-02	1.465996e-02	2.042919e-02	-1.540938e-02	-1.043466e-04	-6.973639e-05	-8.681966e-12	-7.476532e-04	-6.629504e-04	
-9.516217e-03	-8.597335e-04	5.382880e-02	-3.692450e-04	1.820510e-02	-1.015961e-04	-1.205111e-02	-1.017734e-03	-5.494034e-02	-1.217322e-01	6.145730e-02	1.821970e-03	2.838126e-04	-2.282073e-03	-4.765824e-03	-5.057768e-02	-1.961199e-02	1.461049e-04	-5.680901e-05	-5.032898e-05	-1.121385e-01	9.471025e-03	1.272549e-02	3.886414e-02	-6.489814e-03	-1.043466e-04	-6.973639e-05	-8.681966e-12	-7.947272e-04	-7.046117e-04	
-4.296799e-02	-8.597335e-04	-4.531062e-02	-3.692450e-04	1.557117e-01	-1.015961e-04	-1.164926e-02	-1.017734e-03	-5.060026e-02	-5.360574e-02	4.135236e-02	1.357010e-03	3.804897e-04	-2.207748e-03	4.329700e-03	6.813079e-02	-2.013564e-02	-4.636752e-04	9.698995e-05	7.340917e-05	-7.104982e-02	1.980095e-02	-2.524365e-02	-1.012447e-02	9.238920e-03	-1.043466e-04	-6.973639e-05	-8.681966e-12	-8.446868e-04	-7.489200e-04	
-5.913457e-02	-8.597335e-04	-1.187671e-01	-3.692450e-04	2.772956e-01	-1.015961e-04	-1.126188e-02	-1.017734e-03	-5.117697e-02	-9.456989e-02	8.946255e-02	1.646067e-03	3.248791e-04	-2.185995e-03	-5.870885e-04	-4.095973e-02	4.807949e-02	2.903428e-04	-5.529801e-05	2.083765e-05	-9.358405e-02	3.401845e-02	6.490241e-03	1.621069e-02	2.502380e-02	-1.043466e-04	-6.973639e-05	-8.681966e-12	-8.976530e-04	-7.959941e-04	
-6.369517e-02	-8.597335e-04	-1.485773e-01	-3.692450e-04	3.111288e-01	-1.015961e-04	-1.089018e-02	-1.017734e-03	-4.466387e-02	-1.037795e-01	4.940983e-02	1.211608e-03	-1.674890e-05	-2.020423e-03	6.502722e-03	-9.205248e-03	-4.008342e-02	-4.331737e-04	-3.413153e-04	1.646563e-04	-9.054720e-02	1.544830e-02	1.052237e-02	1.276077e-02	-8.759501e-03	-1.043466e-04	-6.973639e-05	-8.681966e-12	-9.537468e-04	-8.459537e-04	
-6.110827e-02	-8.597335e-04	-4.483279e-02	-3.692450e-04	2.053674e-01	-1.015961e-04	-1.053495e-02	-1.017734e-03	-4.374348e-02	-7.195767e-02	6.823185e-02	8.468659e-04	3.340762e-05	-2.057325e-03	9.099993e-04	3.182626e-02	1.879133e-02	-3.634557e-04	5.046921e-05	-3.781772e-05	-1.306796e-01	1.753801e-02	-2.533851e-04	-6.646289e-03	1.172251e-02	-1.043466e-04	-6.973639e-05	-8.681966e-12	-1.013090e-03	-8.989198e-04	
-5.507009e-02	-8.597335e-04	1.141941e-01	-3.692450e-04	4.561567e-02	-1.015961e-04	-1.019659e-02	-1.017734e-03	-4.633306e-02	-9.511503e-02	7.449354e-02	5.237076e-04	5.990601e-05	-1.955870e-03	-2.599954e-03	-2.315297e-02	6.230995e-03	-3.218733e-04	2.681088e-05	1.005398e-04	-1.503932e-01	1.738684e-02	2.675606e-02	1.847259e-02	5.661864e-03	-1.043466e-04	-6.973639e-05	-8.681966e-12	-1.075803e-03	-9.550137e-04	
-4.830232e-02	-8.597335e-04	1.610584e-01	-3.692450e-04	-8.965904e-02	-1.015961e-04	-9.875298e-03	-1.017734e-03	-3.209763e-02	-9.067392e-02	1.462858e-01	9.964071e-04	2.052039e-04	-1.635446e-03	1.422505e-02	4.445481e-03	7.176153e-02	4.739846e-04	1.456106e-04	3.195081e-04	-6.429750e-02	9.935126e-03	5.633972e-02	3.109985e-02	-2.346435e-02	-1.043466e-04	-6.973639e-05	-8.681966e-12	-1.142006e-03	-1.014357e-03	
-4.238468e-02	-8.597335e-04	2.122511e-01	-3.692450e-04	-1.779532e-01	-1.015961e-04	-9.571158e-03	-1.017734e-03	-2.437157e-02	-2.804620e-02	2.155560e-01	1.381819e-03	2.311590e-04	-1.898126e-03	7.715676e-03	6.263210e-02	6.923947e-02	3.866981e-04	2.626749e-05	-2.635953e-04	-3.062537e-02	3.775740e-02	5.058848e-02	1.119937e-02	-2.760663e-02	-1.043466e-04	-6.973639e-05	-8.681966e-12	-1.211819e-03	-1.077070e-03	
-3.791619e-02	-8.597335e-04	2.773265e-01	-3.692450e-04	-2.246978e-01	-1.015961e-04	-9.284221e-03	-1.017734e-03	4.302035e-02	-9.044680e-02	1.984066e-01	7.562998e-04	-2.458822e-03	7.454452e-04	6.738154e-02	-6.239617e-02	-1.718000e-02	-6.242339e-04	-2.689668e-03	2.642655e-03	2.519135e-01	2.653044e-02	3.888900e-02	1.441806e-02	1.808849e-02	-1.043466e-04	-6.973639e-05	-8.681966e-12	-1.285357e-03	-1.143273e-03	
-3.486477e-02	-8.597335e-04	2.267803e-01	-3.692450e-04	-1.821221e-01	-1.015961e-04	-9.014550e-03	-1.017734e-03	9.311361e-02	3.559429e-02	1.529392e-01	-7.305999e-04	-5.393900e-03	3.134090e-03	5.008288e-02	1.260455e-01	-4.549818e-02	-1.485613e-03	-2.934766e-03	2.387729e-03	3.722864e-01	5.964602e-03	3.449249e-02	6.564029e-04	-3.483361e-02	-1.043466e-04	-6.973639e-05	-8.681966e-12	-1.362736e-03	-1.213086e-03	
-3.291809e-02	-8.597335e-04	9.252648e-02	-3.692450e-04	-7.626008e-03	-1.015961e-04	-8.762241e-03	-1.017734e-03	6.963496e-02	-3.489945e-03	1.579905e-01	5.105374e-04	-4.662349e-03	2.301060e-03	-2.348903e-02	-3.907984e-02	5.020666e-03	1.242422e-03	7.318640e-04	-8.339453e-04	-2.607779e-03	2.467784e-02	1.401773e-02	-2.155166e-02	-1.665589e-02	-1.043466e-04	-6.973639e-05	-8.681966e-12	-1.444067e-03	-1.286624e-03	
-3.174138e-02	-8.597335e-04	-4.010482e-02	-3.692450e-04	1.067632e-01	-1.015961e-04	-8.527410e-03	-1.017734e-03	4.318153e-02	7.671909e-03	1.715321e-01	1.116097e-03	-3.998974e-03	1.566168e-03	-2.646381e-02	1.116626e-02	1.351090e-02	6.068450e-04	6.636864e-04	-7.358083e-04	-5.596922e-02	3.933208e-02	2.994625e-02	-1.097565e-02	2.055585e-02	-1.043466e-04	-6.973639e-05	-8.681966e-12	-1.529458e-03	-1.364003e-03	
-3.106261e-02	-8.597335e-04	-1.324431e-01	-3.692450e-04	1.507883e-01	-1.015961e-04	-8.310184e-03	-1.017734e-03	4.036289e-02	1.554885e-02	1.709079e-01	1.385679e-03	-2.690708e-03	1.412808e-03	-2.829022e-03	7.881314e-03	-6.548895e-04	2.708691e-04	1.308580e-03	-1.542755e-04	-1.022943e-01	3.395759e-02	3.054740e-02	-1.369193e-02	-1.305710e-02	-1.043466e-04	-6.973639e-05	-8.681966e-12	-1.619011e-03	-1.445334e-03	
-3.067428e-02	-8.597335e-04	-1.847568e-01	-3.692450e-04	2.353386e-01	-1.015961e-04	-8.110699e-03	-1.017734e-03	4.299300e-02	-5.025514e-02	1.427883e-01	1.946037e-03	-2.831899e-03	1.115631e-03	2.619729e-03	-6.579959e-02	-2.815029e-02	5.616422e-04	-1.408788e-04	-2.980921e-04	-5.123022e-02	3.153140e-02	5.980651e-02	2.847953e-02	-7.792898e-03	-1.043466e-04	-6.973639e-05	-8.681966e-12	-1.712827e-03	-1.530725e-03	
-3.046309e-02	-8.597335e-04	-2.080386e-01	-3.692450e-04	2.370546e-01	-1.015961e-04	-7.929088e-03	-1.017734e-03	4.028108e-02	-6.377101e-03	1.249619e-01	1.345473e-03	-2.224172e-03	1.072934e-03	-2.722300e-03	4.388241e-02	-1.785708e-02	-5.992782e-04	6.080395e-04	-4.361329e-05	-7.216516e-02	3.728149e-02	3.316742e-02	-4.858388e-03	-2.609234e-02	-1.043466e-04	-6.973639e-05	-8.681966e-12	-1.810996e-03	-1.620278e-03	
-3.038888e-02	-8.597335e-04	-1.663872e-01	-3.692450e-04	1.239911e-01	-1.015961e-04	-7.763867e-03	-1.017734e-03	3.746163e-02	-1.609258e-02	1.324825e-01	1.933728e-03	-1.989727e-03	1.004866e-03	-2.829838e-03	-9.711091e-03	7.489864e-03	5.895406e-04	2.347583e-04	-6.898323e-05	-1.462950e-01	3.674742e-02	4.206158e-02	9.772827e-03	1.951661e-02	-1.043466e-04	-6.973639e-05	-8.681966e-12	-1.913607e-03	-1.714093e-03	
-3.041175e-02	-8.597335e-04	8.638450e-03	-3.692450e-04	-1.826305e-02	-1.015961e-04	-7.601918e-03	-1.017734e-03	3.816167e-02	-1.604719e-02	1.512353e-01	2.518472e-03	-2.616640e-03	8.995514e-04	6.896656e-04	4.978627e-05	1.872207e-02	5.860301e-04	-6.266006e-04	-1.062302e-04	-1.164504e-01	4.132767e-02	4.865877e-02	4.031339e-03	-1.737519e-02	-1.043466e-04	-6.973639e-05	-8.681966e-12	-2.020738e-03	-1.812263e-03	
-3.048490e-02	-8.597335e-04	1.425734e-01	-3.692450e-04	-9.217151e-02	-1.015961e-04	-7.438778e-03	-1.017734e-03	2.447038e-02	1.436598e-03	1.622906e-01	2.387859e-03	-1.973330e-03	5.746784e-04	-1.370167e-02	1.748819e-02	1.102462e-02	-1.293276e-04	6.436222e-04	-3.257886e-04	-1.093830e-01	4.966306e-02	2.963577e-02	-3.296502e-02	1.221926e-02	-1.043466e-04	-6.973639e-05	-8.681966e-12	-2.132460e-03	-1.914874e-03	
-3.060457e-02	-8.597335e-04	1.262285e-01	-3.692450e-04	2.163375e-03	-1.015961e-04	-7.292208e-03	-1.017734e-03	1.176538e-02	-7.387928e-02	2.089830e-01	3.330854e-03	-1.186668e-03	-1.499066e-04	-1.271538e-02	-7.531147e-02	4.666173e-02	9.442796e-04	7.869742e-04	-7.255005e-04	4.591313e-02	6.199485e-02	6.404295e-02	1.463890e-02	3.442141e-02	-1.043466e-04	-6.973639e-05	-8.681966e-12	-2.248839e-03	-2.022004e-03	
-3.074837e-02	-8.597335e-04	3.660082e-02	-3.692450e-04	1.056040e-01	-1.015961e-04	-7.167073e-03	-1.017734e-03	6.890333e-03	-6.621760e-03	1.685780e-01	2.773068e-03	-7.499157e-04	-2.174602e-04	-4.885432e-03	6.726192e-02	-4.043572e-02	-5.564998e-04	4.370650e-04	-6.846921e-05	-3.402054e-02	6.760042e-02	7.801297e-02	9.059754e-03	-3.591154e-02	-1.043466e-04	-6.973639e-05	-8.681966e-12	-2.369926e-03	-2.133727e-03	
-3.091528e-02	-8.597335e-04	3.368429e-02	-3.692450e-04	7.954744e-02	-1.015961e-04	-7.054667e-03	-1.017734e-03	5.986593e-03	-3.683510e-02	1.831394e-01	3.444185e-03	-1.303786e-03	-2.450191e-04	-9.141188e-04	-3.020894e-02	1.453070e-02	6.724028e-04	-5.535570e-04	-2.847452e-05	-9.887580e-02	7.258590e-02	3.842860e-02	-3.206844e-02	1.727208e-03	-1.043466e-04	-6.973639e-05	-8.681966e-12	-2.495766e-03	-2.250105e-03	
-3.110586e-02	-8.597335e-04	1.494959e-01	-3.692450e-04	-2.027523e-02	-1.015961e-04	-6.965020e-03	-1.017734e-03	1.180075e-02	-3.932555e-02	2.016740e-01	3.600825e-03	-1.303434e-03	-1.939223e-04	5.803777e-03	-2.486067e-03	1.850386e-02	1.579257e-04	6.636948e-07	5.018126e-05	-1.655422e-01	8.910079e-02	7.069425e-02	-2.470844e-03	1.009952e-02	-1.043466e-04	-6.973639e-05	-8.681966e-12	-2.626392e-03	-2.371192e-03	
-3.131074e-02	-8.597335e-04	1.845345e-01	-3.692450e-04	-9.842495e-02	-1.015961e-04	-6.911094e-03	-1.017734e-03	-9.306874e-03	-8.827472e-03	1.482282e-01	2.585500e-03	-4.444379e-04	-5.544343e-04	-2.111801e-02	3.050246e-02	-5.347643e-02	-1.014039e-03	8.593093e-04	-3.614276e-04	1.660787e-02	7.058128e-02	3.394108e-02	-4.749977e-02	-2.768725e-04	-1.043466e-04	-6.973639e-05	-8.681966e-12	-2.761827e-03	-2.497033e-03	
-3.152198e-02	-8.597335e-04	1.006565e-01	-3.692450e-04	-2.908563e-02	-1.015961e-04	-6.894432e-03	-1.017734e-03	-1.132541e-02	-6.481480e-02	1.331544e-01	2.424668e-03	-2.252509e-05	-3.700592e-04	-2.028913e-03	-5.598294e-02	-1.510448e-02	-1.595465e-04	4.222255e-04	1.834595e-04	-8.919244e-02	8.627460e-02	7.322201e-02	1.741616e-02	3.283530e-02	-1.043466e-04	-6.973639e-05	-8.681966e-12	-2.902079e-03	-2.627659e-03	
-3.175635e-02	-8.597335e-04	-1.543256e-02	-3.692450e-04	1.029032e-01	-1.015961e-04	-6.909438e-03	-1.017734e-03	2.114787e-02	6.396437e-02	-2.381452e-01	-6.228624e-03	-3.139687e-04	2.440611e-03	3.246289e-02	1.287836e-01	-3.713303e-01	-8.652007e-03	-2.911315e-04	2.809754e-03	9.286259e-01	-1.188299e-01	-9.942727e-03	2.061506e-02	-7.545830e-02	-1.043466e-04	-6.973639e-05	-8.681966e-12	-3.047145e-03	-2.763093e-03	
-3.203188e-02	-8.597335e-04	-1.054619e-01	-3.692450e-04	1.130134e-01	-1.015961e-04	-6.949824e-03	-1.017734e-03	3.569003e-02	1.436183e-01	-4.496720e-01	-1.127976e-02	-1.362331e-03	4.273003e-03	1.453178e-02	7.965834e-02	-2.115575e-01	-5.049853e-03	-1.048049e-03	1.831476e-03	5.103329e-01	-2.218266e-01	-1.223796e-01	-3.824239e-02	-4.748459e-03	-1.043466e-04	-6.973639e-05	-8.681966e-12	-3.197010e-03	-2.903345e-03	
-3.235338e-02	-8.597335e-04	-1.595320e-01	-3.692450e-04	2.175957e-02	-1.015961e-04	-7.011063e-03	-1.017734e-03	1.714239e-02	1.203504e-01	-4.074569e-01	-5.270946e-03	-3.997143e-05	3.143102e-03	-1.855802e-02	-2.326348e-02	4.218448e-02	6.010102e-03	1.322672e-03	-1.130816e-03	2.945137e-01	-1.644102e-01	-6.843272e-02	5.598222e-02	-7.434440e-03	-1.043466e-04	-6.973639e-05	-8.681966e-12	-3.351642e-03	-3.048412e-03	
-3.271756e-02	-8.597335e-04	-1.867444e-01	-3.692450e-04	-8.228528e-02	-1.015961e-04	-7.090380e-03	-1.017734e-03	1.526777e-02	1.722481e-01	-3.986456e-01	-4.502843e-03	-2.388924e-04	2.092037e-03	-1.884998e-03	5.190198e-02	8.780547e-03	7.693893e-04	-1.986085e-04	-1.051981e-03	-4.224906e-02	-1.465294e-01	-9.712162e-02	-2.924422e-02	-3.395003e-02	-1.043466e-04	-6.973639e-05	-8.681966e-12	-3.510995e-03	-3.198277e-03	
-3.311965e-02	-8.597335e-04	-1.968634e-01	-3.692450e-04	-1.568780e-01	-1.015961e-04	-7.186237e-03	-1.017734e-03	1.627346e-03	1.265958e-01	-3.327105e-01	-4.626541e-03	2.370460e-05	1.671594e-03	-1.365081e-02	-4.564784e-02	6.590441e-02	-1.224118e-04	2.629097e-04	-4.213587e-04	-4.665893e-02	-1.017179e-01	-9.568526e-02	-1.038317e-02	1.548197e-02	-1.043466e-04	-6.973639e-05	-8.681966e-12	-3.675009e-03	-3.352909e-03	
-3.355590e-02	-8.597335e-04	-1.965162e-01	-3.692450e-04	-2.000234e-01	-1.015961e-04	-7.297920e-03	-1.017734e-03	-3.387223e-03	9.169336e-02	-3.460822e-01	-4.121060e-03	5.505205e-05	1.248879e-03	-5.024950e-03	-3.489808e-02	-1.340232e-02	5.067667e-04	3.165997e-05	-4.236305e-04	-1.056792e-01	-9.984092e-02	-7.951007e-02	1.251985e-02	-1.741459e-02	-1.043466e-04	-6.973639e-05	-8.681966e-12	-3.843607e-03	-3.512262e-03	
-3.402371e-02	-8.597335e-04	-1.903352e-01	-3.692450e-04	-2.211401e-01	-1.015961e-04	-7.425261e-03	-1.017734e-03	-5.911268e-03	6.278326e-02	-2.919062e-01	-3.721756e-03	8.598895e-05	7.557260e-04	-2.534426e-03	-2.890570e-02	5.414523e-02	4.005879e-04	3.124976e-05	-4.940682e-04	-8.158112e-02	-7.397071e-02	-8.042978e-02	-3.071819e-02	-3.455121e-02	-1.043466e-04	-6.973639e-05	-8.681966e-12	-4.016696e-03	-3.676276e-03	
-3.452126e-02	-8.597335e-04	-1.818013e-01	-3.692450e-04	-2.282242e-01	-1.015961e-04	-7.568407e-03	-1.017734e-03	6.497360e-03	1.021521e-02	-2.543571e-01	-2.383359e-03	3.706004e-04	8.434170e-04	1.239825e-02	-5.256364e-02	3.751846e-02	1.339684e-03	2.849239e-04	8.677530e-05	-1.990537e-02	-6.317188e-02	-4.671500e-02	4.246759e-02	2.022080e-02	-1.043466e-04	-6.973639e-05	-8.681966e-12	-4.194166e-03	-3.844874e-03	
-3.504736e-02	-8.597335e-04	-1.565451e-01	-3.692450e-04	-2.265859e-01	-1.015961e-04	-7.727625e-03	-1.017734e-03	1.248399e-02	3.139828e-02	-2.471552e-01	-2.096228e-03	4.224736e-04	3.740702e-04	5.976242e-03	2.118746e-02	7.171193e-03	2.884158e-04	5.218562e-05	-4.702624e-04	-1.327048e-01	-4.182716e-02	-3.684258e-02	-4.984651e-03	-3.378344e-02	-1.043466e-04	-6.973639e-05	-8.681966e-12	-4.375890e-03	-4.017963e-03	
-3.560126e-02	-8.597335e-04	-1.734627e-02	-3.692450e-04	-2.201935e-01	-1.015961e-04	-7.902212e-03	-1.017734e-03	1.544015e-02	-2.102276e-02	-2.325271e-01	-1.468439e-03	1.928400e-04	3.450680e-04	2.945790e-03	-5.241667e-02	1.459736e-02	6.290756e-04	-2.293213e-04	-2.991777e-05	-9.411848e-02	-5.616370e-02	-4.428633e-02	-1.055883e-02	4.238666e-02	-1.043466e-04	-6.973639e-05	-8.681966e-12	-4.561723e-03	-4.195433e-03	
-3.618249e-02	-8.597335e-04	1.585256e-01	-3.692450e-04	-2.121245e-01	-1.015961e-04	-8.080632e-03	-1.017734e-03	6.538534e-03	-1.850623e-02	-2.626617e-01	-1.645124e-03	4.240084e-04	5.640081e-04	-8.912002e-03	2.520934e-03	-3.016528e-02	-1.754006e-04	2.314811e-04	2.180246e-04	-1.283581e-01	-4.737766e-02	-1.538149e-02	3.739318e-02	-5.231298e-03	-1.043466e-04	-6.973639e-05	-8.681966e-12	-4.751504e-03	-4.377156e-03	
-3.679070e-02	-8.597335e-04	2.735847e-01	-3.692450e-04	-2.044488e-01	-1.015961e-04	-8.255047e-03	-1.017734e-03	1.069052e-02	3.120920e-02	-2.025405e-01	-1.891999e-03	3.660760e-04	6.800876e-04	4.141606e-03	4.971983e-02	6.009054e-02	-2.455886e-04	-5.761908e-05	1.151638e-04	-6.695545e-02	-3.955944e-02	-4.156447e-02	-4.761421e-02	6.946200e-03	-1.043466e-04	-6.973639e-05	-8.681966e-12	-4.945053e-03	-4.562990e-03	
-3.742551e-02	-8.597335e-04	3.694867e-01	-3.692450e-04	-1.982191e-01	-1.015961e-04	-8.441903e-03	-1.017734e-03	1.302745e-02	-1.642723e-02	-1.934004e-01	-1.403759e-03	4.263021e-04	2.480818e-04	2.326553e-03	-4.763206e-02	9.109357e-03	4.895239e-04	6.053870e-05	-4.329213e-04	-1.045607e-01	-2.931004e-02	-2.043275e-03	4.454598e-02	2.863199e-02	-1.043466e-04	-6.973639e-05	-8.681966e-12	-5.142170e-03	-4.752771e-03	
-3.808643e-02	-8.597335e-04	3.426103e-01	-3.692450e-04	-1.901394e-01	-1.015961e-04	-8.657297e-03	-1.017734e-03	1.789741e-02	2.190565e-02	-2.223654e-01	-1.761667e-03	3.210922e-04	6.288686e-04	4.859572e-03	3.833730e-02	-2.899573e-02	-3.566213e-04	-1.048977e-04	3.798713e-04	-8.346903e-02	-4.734885e-02	-2.820336e-02	-3.882737e-02	-2.663609e-02	-1.043466e-04	-6.973639e-05	-8.681966e-12	-5.342641e-03	-4.946319e-03	
-3.877283e-02	-8.597335e-04	2.013082e-01	-3.692450e-04	-1.059791e-01	-1.015961e-04	-8.904359e-03	-1.017734e-03	3.862626e-02	1.387455e-01	-3.335216e-02	-1.184688e-03	2.390621e-04	9.504281e-04	2.071847e-02	1.168442e-01	1.889826e-01	5.782648e-04	-8.171751e-05	3.206437e-04	1.726721e-01	4.005747e-02	-1.365691e-02	2.090303e-02	1.629779e-02	-1.043466e-04	-6.973639e-05	-8.681966e-12	-5.546232e-03	-5.143438e-03	
-3.948393e-02	-8.597335e-04	4.225134e-02	-3.692450e-04	7.705966e-02	-1.015961e-04	-9.178909e-03	-1.017734e-03	2.468423e-02	9.870003e-02	6.106427e-03	-9.916134e-04	1.716619e-03	5.885053e-04	-1.395241e-02	-4.004103e-02	3.942790e-02	1.943599e-04	1.477869e-03	-3.628384e-04	-2.064214e-02	7.749224e-02	2.104710e-02	5.200474e-02	-1.919882e-03	-1.043466e-04	-6.973639e-05	-8.681966e-12	-5.752690e-03	-5.343908e-03	
-4.021885e-02	-8.597335e-04	-7.747652e-02	-3.692450e-04	1.938036e-01	-1.015961e-04	-9.475793e-03	-1.017734e-03	8.681983e-03	-1.771144e-01	-8.925092e-02	-6.933059e-04	1.514404e-03	6.019369e-05	-1.601263e-02	-2.758101e-01	-9.538805e-02	2.995936e-04	-2.019026e-04	-5.292271e-04	2.302290e-01	1.895077e-02	2.226551e-02	-4.189525e-03	-1.573608e-02	-1.043466e-04	-6.973639e-05	-8.681966e-12	-5.961746e-03	-5.547499e-03	
-4.097656e-02	-8.597335e-04	-1.501912e-01	-3.692450e-04	2.931361e-01	-1.015961e-04	-9.791052e-03	-1.017734e-03	7.294908e-03	-5.654157e-02	-1.063193e-01	-5.699481e-04	1.042725e-03	9.986167e-05	-1.397455e-03	1.205772e-01	-1.709911e-02	1.246427e-04	-4.713656e-04	3.875241e-05	-3.087848e-02	1.974712e-02	-5.343529e-05	-5.647393e-03	1.144137e-02	-1.043466e-04	-6.973639e-05	-8.681966e-12	-6.173114e-03	-5.753957e-03	
-4.175598e-02	-8.597335e-04	-1.856648e-01	-3.692450e-04	3.314269e-01	-1.015961e-04	-1.012193e-02	-1.017734e-03	2.765087e-03	2.275176e-03	-9.071214e-02	-1.097921e-03	1.474768e-03	2.253923e-04	-4.540202e-03	5.882114e-02	1.557652e-02	-5.266869e-04	4.323548e-04	1.246150e-04	-7.722743e-02	2.355713e-02	8.581636e-03	-1.418755e-02	-1.605253e-02	-1.043466e-04	-6.973639e-05	-8.681966e-12	-6.386489e-03	-5.963013e-03	
-4.255590e-02	-8.597335e-04	-1.393284e-01	-3.692450e-04	2.345944e-01	-1.015961e-04	-1.046651e-02	-1.017734e-03	2.474725e-03	3.867102e-02	-8.422050e-02	-1.026108e-03	1.506630e-03	3.967699e-05	-3.007417e-04	3.640024e-02	6.460920e-03	7.309847e-05	3.217552e-05	-1.866309e-04	-1.534867e-01	5.907104e-03	-1.704583e-03	-2.212806e-02	3.546841e-02	-1.043466e-04	-6.973639e-05	-8.681966e-12	-6.601553e-03	-6.174381e-03	
-4.337505e-02	-8.597335e-04	3.875450e-02	-3.692450e-04	7.537328e-02	-1.015961e-04	-1.082350e-02	-1.017734e-03	1.768758e-03	2.408400e-02	-7.226676e-02	-6.688645e-04	1.131984e-03	1.596654e-05	-7.163464e-04	-1.458263e-02	1.192304e-02	3.585295e-04	-3.743338e-04	-2.462608e-05	-1.479649e-01	1.410149e-02	1.853178e-02	3.568149e-03	1.108233e-02	-1.043466e-04	-6.973639e-05	-8.681966e-12	-6.817969e-03	-6.387756e-03	
-4.421208e-02	-8.597335e-04	1.580471e-01	-3.692450e-04	-6.123090e-02	-1.015961e-04	-1.119211e-02	-1.017734e-03	-2.698861e-03	8.079913e-02	-8.202543e-02	-1.058408e-03	1.544554e-03	7.593115e-05	-4.477999e-03	5.671952e-02	-9.789356e-03	-3.882587e-04	4.128826e-04	5.904910e-05	-9.468164e-02	1.542067e-02	-3.601451e-03	-1.510743e-02	-1.600834e-02	-1.043466e-04	-6.973639e-05	-8.681966e-12	-7.035387e-03	-6.602820e-03	
-4.506557e-02	-8.597335e-04	1.307206e-01	-3.692450e-04	-7.732062e-02	-1.015961e-04	-1.157184e-02	-1.017734e-03	-2.747702e-03	5.527269e-02	-7.615498e-02	-9.397775e-04	1.427550e-03	-3.922924e-05	-5.922387e-05	-2.552204e-02	5.839767e-03	1.199159e-04	-1.166917e-04	-1.160760e-04	-1.638306e-01	1.724437e-02	-7.169415e-03	-1.514609e-02	3.997504e-02	-1.043466e-04	-6.973639e-05	-8.681966e-12	-7.253441e-03	-6.819236e-03	
-4.593402e-02	-8.597335e-04	3.571817e-02	-3.692450e-04	5.200674e-02	-1.015961e-04	-1.196233e-02	-1.017734e-03	-5.344383e-03	2.711336e-02	-8.717091e-02	-9.020824e-04	1.462191e-03	-6.481568e-05	-2.607062e-03	-2.815494e-02	-1.104666e-02	3.898181e-05	3.495401e-05	-2.650205e-05	-1.686694e-01	2.595024e-02	-4.435157e-03	-2.828222e-03	2.478793e-03	-1.043466e-04	-6.973639e-05	-8.681966e-12	-7.471754e-03	-7.036654e-03	
-4.681211e-02	-8.597335e-04	-5.233148e-02	-3.692450e-04	1.190629e-01	-1.015961e-04	-1.236324e-02	-1.017734e-03	-7.771248e-03	4.826226e-02	-7.481796e-02	-1.211198e-03	1.496899e-03	-9.121657e-05	-2.437246e-03	2.115329e-02	1.232226e-02	-3.078310e-04	3.502063e-05	-2.731647e-05	-1.621899e-01	3.533490e-02	-2.522307e-02	-4.581277e-02	2.244162e-02	-1.043466e-04	-6.973639e-05	-8.681966e-12	-7.689934e-03	-7.254708e-03	
-4.770200e-02	-8.597335e-04	-6.472891e-02	-3.692450e-04	6.074748e-02	-1.015961e-04	-1.278153e-02	-1.017734e-03	-7.692319e-03	-1.164499e-02	-7.181858e-02	-8.390139e-04	1.386540e-03	-1.140089e-04	7.933793e-05	-5.991038e-02	2.949958e-03	3.726012e-04	-1.098902e-04	-2.320639e-05	-1.254622e-01	2.300446e-02	6.774955e-03	1.944615e-03	2.737316e-02	-1.043466e-04	-6.973639e-05	-8.681966e-12	-7.911595e-03	-7.476993e-03	
-4.858849e-02	-8.597335e-04	7.103322e-02	-3.692450e-04	-4.135266e-02	-1.015961e-04	-1.321036e-02	-1.017734e-03	-1.057674e-02	-4.115543e-02	-3.825990e-02	-4.223132e-04	1.662418e-03	-1.374101e-04	-2.883124e-03	-2.951426e-02	3.350889e-02	4.170608e-04	2.763538e-04	-2.377597e-05	-1.180338e-01	4.193683e-02	9.342212e-03	-1.169766e-02	-4.026467e-06	-1.043466e-04	-6.973639e-05	-8.681966e-12	-8.132692e-03	-7.699548e-03	
-4.948971e-02	-8.597335e-04	1.784062e-01	-3.692450e-04	-1.240438e-01	-1.015961e-04	-1.364921e-02	-1.017734e-03	-1.828251e-02	-9.490146e-03	-2.867865e-02	-8.804807e-04	1.749182e-03	-4.426106e-04	-7.703546e-03	3.166076e-02	9.531240e-03	-4.578638e-04	8.724487e-05	-3.055334e-04	-1.271591e-01	2.626746e-02	3.329026e-02	1.956538e-02	3.006054e-03	-1.043466e-04	-6.973639e-05	-8.681966e-12	-8.352815e-03	-7.921988e-03	
-5.041508e-02	-8.597335e-04	1.463486e-01	-3.692450e-04	-1.276344e-01	-1.015961e-04	-1.409748e-02	-1.017734e-03	-1.069997e-02	-3.107842e-02	-5.455011e-02	-1.026658e-03	1.408324e-03	-1.866208e-04	7.585776e-03	-2.159358e-02	-2.592160e-02	-1.459335e-04	-3.403725e-04	2.557012e-04	-1.210645e-01	1.967598e-02	2.601651e-02	2.279451e-02	-1.189019e-02	-1.043466e-04	-6.973639e-05	-8.681966e-12	-8.571547e-03	-8.143916e-03	
-5.136233e-02	-8.597335e-04	4.489925e-02	-3.692450e-04	1.638941e-02	-1.015961e-04	-1.455451e-02	-1.017734e-03	1.408085e-01	-2.074981e-02	-1.718185e-02	-2.577445e-03	-4.926938e-03	6.890682e-03	1.515128e-01	1.032252e-02	3.731805e-02	-1.550605e-03	-6.334770e-03	7.077060e-03	7.355257e-01	-1.336346e-03	2.671773e-02	-4.783305e-03	-6.488333e-03	-1.043466e-04	-6.973639e-05	-8.681966e-12	-8.788463e-03	-8.364924e-03	
-5.232494e-02	-8.597335e-04	-4.907428e-02	-3.692450e-04	1.344234e-01	-1.015961e-04	-1.501956e-02	-1.017734e-03	7.759071e-02	4.481691e-02	-7.431902e-02	-2.862189e-03	-2.817933e-03	4.020914e-03	-6.321245e-02	6.555974e-02	-5.718726e-02	-2.846232e-04	2.109499e-03	-2.869962e-03	2.302852e-01	-5.926843e-04	7.643647e-03	-2.898188e-02	-3.680975e-02	-1.043466e-04	-6.973639e-05	-8.681966e-12	-9.003127e-03	-8.584595e-03	
-5.329675e-02	-8.597335e-04	-1.112892e-01	-3.692450e-04	1.925263e-01	-1.015961e-04	-1.549188e-02	-1.017734e-03	-3.236119e-02	1.001243e-02	-1.376598e-01	-2.155508e-03	1.866123e-03	-5.163192e-04	-1.099454e-01	-3.481235e-02	-6.339058e-02	7.067376e-04	4.684555e-03	-4.537374e-03	4.838351e-01	6.018430e-03	-2.411823e-02	2.392846e-03	2.332791e-02	-1.043466e-04	-6.973639e-05	-8.681966e-12	-9.215100e-03	-8.802502e-03	
-5.427291e-02	-8.597335e-04	-1.459708e-01	-3.692450e-04	2.747177e-01	-1.015961e-04	-1.597066e-02	-1.017734e-03	-2.487556e-02	3.747712e-02	-1.234547e-01	-6.161938e-04	1.846833e-03	-3.883584e-04	7.493416e-03	2.745585e-02	1.415574e-02	1.539306e-03	-1.879161e-05	1.278745e-04	-7.700540e-02	1.581668e-02	-7.039628e-03	-2.200420e-03	1.867910e-02	-1.043466e-04	-6.973639e-05	-8.681966e-12	-9.423937e-03	-9.018213e-03	
-5.524965e-02	-8.597335e-04	-1.389212e-01	-3.692450e-04	2.610240e-01	-1.015961e-04	-1.645507e-02	-1.017734e-03	-1.260361e-02	4.635601e-02	-9.059503e-02	-1.101424e-03	1.605773e-03	-4.338804e-04	1.228105e-02	8.869071e-03	3.281083e-02	-4.853029e-04	-2.405617e-04	-4.555004e-05	-1.241493e-01	1.761757e-02	4.832147e-03	-4.592814e-03	-3.227961e-02	-1.043466e-04	-6.973639e-05	-8.681966e-12	-9.629189e-03	-9.231287e-03	
-5.622068e-02	-8.597335e-04	1.597833e-03	-3.692450e-04	1.384299e-01	-1.015961e-04	-1.694424e-02	-1.017734e-03	-2.171478e-02	5.241491e-03	-8.418345e-02	-7.336090e-04	1.143414e-03	-7.134172e-04	-9.100699e-03	-4.112539e-02	6.363628e-03	3.676764e-04	-4.618631e-04	-2.795032e-04	-1.074878e-01	2.049264e-02	-5.515217e-03	2.758285e-03	3.496414e-02	-1.043466e-04	-6.973639e-05	-8.681966e-12	-9.830406e-03	-9.441278e-03	
-4.226357e-02	-8.597335e-04	1.620704e-01	-3.692450e-04	-5.158123e-03	-1.015961e-04	-1.743727e-02	-1.017734e-03	-1.421520e-02	-5.935276e-03	-8.253785e-02	-6.507057e-04	1.291779e-03	-8.298769e-04	7.511507e-03	-1.118875e-02	1.598650e-03	8.269915e-05	1.488571e-04	-1.163610e-04	-1.848908e-01	1.940634e-02	2.552654e-02	1.075479e-02	-1.014851e-02	-1.043466e-04	-6.973639e-05	-8.681966e-12	-1.002713e-02	-9.647737e-03	
8.439612e-02	-8.597335e-04	1.796314e-01	-3.692450e-04	-1.137913e-01	-1.015961e-04	-1.793323e-02	-1.017734e-03	-1.992106e-02	-3.706995e-03	-4.813807e-02	-7.051500e-04	1.125917e-03	-8.534063e-04	-5.692414e-03	2.215213e-03	3.435409e-02	-5.471231e-05	-1.653772e-04	-2.336199e-05	-1.659288e-01	2.548442e-02	1.316709e-03	-3.531619e-02	-2.112298e-02	-1.043466e-04	-6.973639e-05	-8.681966e-12	-1.021892e-02	-9.850210e-03	
2.523393e-01	-8.597335e-04	9.461902e-02	-3.692450e-04	-1.789792e-01	-1.015961e-04	-1.843116e-02	-1.017734e-03	-4.471296e-02	-5.391261e-02	-7.618479e-02	-5.131502e-04	1.244134e-03	-1.084672e-03	-2.477686e-02	-5.021989e-02	-2.809088e-02	1.916660e-04	1.186918e-04	-2.310263e-04	-9.471743e-02	1.000471e-02	1.799345e-02	3.643391e-02	5.619510e-02	-1.043466e-04	-6.973639e-05	-8.681966e-12	-1.040532e-02	-1.004825e-02	
2.821990e-01	-8.597335e-04	-3.869004e-03	-3.692450e-04	-1.961287e-01	-1.015961e-04	-1.893010e-02	-1.017734e-03	-3.523577e-02	-2.867527e-02	-9.490685e-02	-6.448181e-04	1.229557e-03	-1.369951e-03	9.493890e-03	2.522190e-02	-1.876445e-02	-1.320628e-04	-1.411272e-05	-2.849630e-04	-1.447202e-01	-2.014252e-04	1.195852e-02	-1.334739e-02	-2.235969e-02	-1.043466e-04	-6.973639e-05	-8.681966e-12	-1.058588e-02	-1.024139e-02	
1.958075e-01	-8.597335e-04	-7.623962e-02	-3.692450e-04	-7.890996e-02	-1.015961e-04	-1.942902e-02	-1.017734e-03	-3.418413e-02	-5.017163e-02	-5.719387e-02	-3.523208e-04	1.267209e-03	-1.384438e-03	1.070070e-03	-2.151300e-02	3.767265e-02	2.920388e-04	3.810046e-05	-1.409224e-05	-1.463699e-01	2.531911e-02	-2.991768e-03	-1.723125e-02	1.512650e-02	-1.043466e-04	-6.973639e-05	-8.681966e-12	-1.076016e-02	-1.042918e-02	
8.691202e-02	-8.597335e-04	-1.202044e-01	-3.692450e-04	9.425957e-02	-1.015961e-04	-1.992684e-02	-1.017734e-03	-3.936511e-02	-5.489974e-02	-6.535360e-02	1.821360e-04	1.169856e-03	-1.395674e-03	-5.160747e-03	-4.745938e-03	-8.197710e-03	5.339387e-04	-9.692227e-05	-1.075650e-05	-1.715852e-01	1.777145e-02	2.885186e-03	9.567340e-03	2.285815e-02	-1.043466e-04	-6.973639e-05	-8.681966e-12	-1.092772e-02	-1.061117e-02	
3.148404e-03	-8.597335e-04	-1.434328e-01	-3.692450e-04	1.978874e-01	-1.015961e-04	-2.041700e-02	-1.017734e-03	-3.499334e-02	-2.293700e-02	-5.759427e-02	-2.283317e-04	9.395466e-04	-1.534305e-03	4.393871e-03	3.194367e-02	7.724007e-03	-4.110432e-04	-2.299000e-04	-1.380647e-04	-1.390479e-01	2.107424e-02	-2.437593e-03	-1.793679e-02	-2.339180e-02	-1.043466e-04	-6.973639e-05	-8.681966e-12	-1.108812e-02	-1.078692e-02	
-4.993015e-02	-8.597335e-04	-1.525525e-01	-3.692450e-04	3.019545e-01	-1.015961e-04	-2.088466e-02	-1.017734e-03	-4.139781e-02	-4.374171e-02	-6.370708e-02	-1.406433e-04	1.263473e-03	-1.427057e-03	-6.380434e-03	-2.082500e-02	-6.145192e-03	8.705899e-05	3.243111e-04	1.079061e-04	-1.674696e-01	2.149265e-02	-2.084744e-02	-9.457345e-03	4.422493e-02	-1.043466e-04	-6.973639e-05	-8.681966e-12	-1.124095e-02	-1.095597e-02	
-7.988669e-02	-8.597335e-04	-1.518999e-01	-3.692450e-04	3.099667e-01	-1.015961e-04	-2.133604e-02	-1.017734e-03	-3.535708e-02	-3.086254e-03	-6.417613e-02	-7.925550e-04	1.693817e-03	-1.100034e-03	6.066764e-03	4.063399e-02	-4.981398e-04	-6.525918e-04	4.306984e-04	3.277789e-04	-1.095368e-01	1.516608e-02	-2.872073e-03	-6.165205e-03	-1.415934e-02	-1.043466e-04	-6.973639e-05	-8.681966e-12	-1.138579e-02	-1.111789e-02	
-9.399889e-02	-8.597335e-04	-1.023618e-01	-3.692450e-04	1.929821e-01	-1.015961e-04	-2.178885e-02	-1.017734e-03	-3.907134e-02	-2.547313e-02	-8.008966e-02	-1.095736e-03	1.971078e-03	-1.201768e-03	-3.686145e-03	-2.240954e-02	-1.593899e-02	-3.039104e-04	2.775803e-04	-1.008778e-04	-1.593173e-01	5.864432e-03	-1.445501e-02	-2.743317e-02	-1.057285e-02	-1.043466e-04	-6.973639e-05	-8.681966e-12	-1.152223e-02	-1.127225e-02	
-9.756924e-02	-8.597335e-04	7.341970e-02	-3.692450e-04	4.054868e-02	-1.015961e-04	-2.225027e-02	-1.017734e-03	-4.044244e-02	-6.231646e-02	-9.176841e-02	-4.458746e-04	2.180626e-03	-1.471153e-03	-1.340825e-03	-3.686708e-02	-1.170027e-02	6.490931e-04	2.098286e-04	-2.684226e-04	-1.237083e-01	-1.513121e-03	-5.535030e-03	1.687970e-02	5.087174e-02	-1.043466e-04	-6.973639e-05	-8.681966e-12	-1.164988e-02	-1.141863e-02	
-8.817013e-02	-8.597335e-04	2.101886e-01	-3.692450e-04	-8.081067e-02	-1.015961e-04	-2.271732e-02	-1.017734e-03	-3.272765e-02	-2.868229e-02	-6.636886e-02	-6.072488e-04	1.969285e-03	-1.481568e-03	7.747244e-03	3.360941e-02	2.538236e-02	-1.621808e-04	-2.111050e-04	-9.341653e-06	-1.392370e-01	2.321830e-03	-7.411783e-03	-2.493873e-03	-2.756198e-02	-1.043466e-04	-6.973639e-05	-8.681966e-12	-1.176837e-02	-1.155662e-02	
1.695577e-02	-8.597335e-04	1.940769e-01	-3.692450e-04	-1.565579e-01	-1.015961e-04	-2.318405e-02	-1.017734e-03	-3.904506e-02	-4.249958e-02	-7.262265e-02	-9.558285e-04	2.046261e-03	-1.126013e-03	-6.282651e-03	-1.384310e-02	-6.266326e-03	-3.494193e-04	7.716040e-05	3.567471e-04	-1.711734e-01	-3.105953e-03	-1.848385e-02	-2.094694e-03	4.444131e-02	-1.043466e-04	-6.973639e-05	-8.681966e-12	-1.187732e-02	-1.168581e-02	
2.019483e-01	-8.597335e-04	9.607028e-02	-3.692450e-04	-1.957063e-01	-1.015961e-04	-2.364529e-02	-1.017734e-03	-5.284695e-02	-8.905561e-02	-7.567443e-02	-5.004857e-04	2.099394e-03	-9.361891e-04	-1.376470e-02	-4.658269e-02	-3.059344e-03	4.544779e-04	5.325412e-05	1.911426e-04	-1.321829e-01	-5.788552e-03	-2.667823e-03	3.346256e-02	1.210931e-02	-1.043466e-04	-6.973639e-05	-8.681966e-12	-1.197639e-02	-1.180582e-02	
2.693813e-01	-8.597335e-04	-1.602733e-03	-3.692450e-04	-2.082560e-01	-1.015961e-04	-2.409718e-02	-1.017734e-03	-4.071410e-02	-6.582940e-02	-6.724112e-02	-6.702665e-04	1.822156e-03	-9.703928e-04	1.217243e-02	2.319884e-02	8.431078e-03	-1.706632e-04	-2.771813e-04	-3.275646e-05	-1.590065e-01	-5.925360e-03	-1.046150e-02	-8.992922e-03	-1.080664e-02	-1.043466e-04	-6.973639e-05	-8.681966e-12	-1.206524e-02	-1.191626e-02	
2.024515e-01	-8.597335e-04	-6.992335e-02	-3.692450e-04	-1.399164e-01	-1.015961e-04	-2.453689e-02	-1.017734e-03	-3.028222e-02	-5.191009e-02	-5.754889e-02	-2.516108e-04	1.461096e-03	-8.979681e-04	1.047387e-02	1.389135e-02	9.695767e-03	4.177652e-04	-3.610734e-04	7.400374e-05	-1.426074e-01	-8.729968e-03	-6.558454e-03	2.420627e-02	3.846731e-02	-1.043466e-04	-6.973639e-05	-8.681966e-12	-1.214355e-02	-1.201679e-02	
9.521693e-02	-8.597335e-04	-1.105371e-01	-3.692450e-04	4.802357e-02	-1.015961e-04	-2.496227e-02	-1.017734e-03	-1.686036e-02	-5.983678e-02	5.841922e-04	3.834076e-04	1.830889e-03	-8.782870e-04	1.346627e-02	-7.955046e-03	5.814274e-02	6.341318e-04	3.697028e-04	2.139615e-05	-9.925418e-02	1.818978e-02	3.509180e-02	5.068433e-02	-1.642414e-02	-1.043466e-04	-6.973639e-05	-8.681966e-12	-1.221104e-02	-1.210704e-02	
6.959517e-03	-8.597335e-04	-1.313652e-01	-3.692450e-04	1.601750e-01	-1.015961e-04	-2.537178e-02	-1.017734e-03	-1.916051e-02	-4.632030e-02	4.292580e-02	4.473250e-04	2.093888e-03	-1.086455e-03	-2.253319e-03	1.348784e-02	4.235769e-02	6.304368e-05	2.628253e-04	-2.063120e-04	-1.424486e-01	3.898799e-02	-5.538487e-03	-8.879686e-03	-2.392324e-02	-1.043466e-04	-6.973639e-05	-8.681966e-12	-1.226741e-02	-1.218671e-02	
-5.058126e-02	-8.597335e-04	-1.387269e-01	-3.692450e-04	1.623333e-01	-1.015961e-04	-2.576425e-02	-1.017734e-03	-2.893483e-02	-9.250774e-02	7.323189e-03	-1.428685e-04	2.122989e-03	-1.066638e-03	-9.725065e-03	-4.621611e-02	-3.557976e-02	-5.910420e-04	2.883848e-05	2.181938e-05	-1.151754e-01	2.600463e-02	1.681884e-02	5.195916e-02	3.247669e-02	-1.043466e-04	-6.973639e-05	-8.681966e-12	-1.231241e-02	-1.225546e-02	
-8.371454e-02	-8.597335e-04	-1.373578e-01	-3.692450e-04	2.271810e-01	-1.015961e-04	-2.613876e-02	-1.017734e-03	-2.507831e-02	-5.715451e-02	9.547775e-03	-1.645847e-06	2.009837e-03	-7.810792e-04	3.908174e-03	3.532475e-02	2.254566e-03	1.404099e-04	-1.135154e-04	2.877123e-04	-1.523616e-01	3.387445e-02	-4.692577e-03	1.353814e-02	-4.459319e-02	-1.043466e-04	-6.973639e-05	-8.681966e-12	-1.234581e-02	-1.231302e-02	
-9.995326e-02	-8.597335e-04	-1.303859e-01	-3.692450e-04	2.765688e-01	-1.015961e-04	-2.649450e-02	-1.017734e-03	-1.668515e-02	-5.665365e-02	1.409193e-02	-4.108483e-04	1.959611e-03	-1.251993e-04	8.447177e-03	4.728828e-04	4.581578e-03	-4.099647e-04	-5.069352e-05	6.581895e-04	-1.602232e-01	2.025481e-02	-1.250719e-02	-1.490769e-02	1.206794e-02	-1.043466e-04	-6.973639e-05	-8.681966e-12	-1.236738e-02	-1.235911e-02	
-1.048192e-01	-8.597335e-04	-7.118793e-02	-3.692450e-04	2.036045e-01	-1.015961e-04	-2.683063e-02	-1.017734e-03	2.095281e-01	3.765993e-03	-2.082202e-01	-2.310741e-02	-3.869258e-03	8.617549e-03	2.262697e-01	6.039254e-02	-2.222670e-01	-2.269726e-02	-5.829451e-03	8.745219e-03	2.140963e+00	-2.404994e-01	4.935094e-02	9.490252e-02	-1.170086e-01	-1.043466e-04	-6.973639e-05	-8.681966e-12	9.876231e-01	-1.239347e-02	
-1.026823e-01	-8.597335e-04	1.090987e-01	-3.692450e-04	6.868079e-02	-1.015961e-04	-2.714632e-02	-1.017734e-03	2.606105e-01	1.240528e-01	5.326641e-01	-2.200115e-02	-3.596483e-03	7.432968e-03	5.114101e-02	1.202608e-01	7.409376e-01	1.105644e-03	2.720694e-04	-1.181944e-03	8.125578e-01	-8.920246e-02	9.943880e-02	-1.840445e-02	-1.222802e-01	-1.043466e-04	-6.973639e-05	-8.681966e-12	-1.237431e-02	-1.241588e-02	
-9.717258e-02	-8.597335e-04	2.518483e-01	-3.692450e-04	-5.072403e-02	-1.015961e-04	-2.744066e-02	-1.017734e-03	7.320783e-02	2.339633e-01	-7.476415e-03	-4.990480e-04	-9.180097e-04	2.190577e-03	-1.873418e-01	1.098862e-01	-5.400789e-01	2.150158e-02	2.677637e-03	-5.239583e-03	2.078141e+00	-8.272238e-02	3.028820e-02	4.330900e-02	-4.574962e-03	-1.043466e-04	-6.973639e-05	-8.681966e-12	-1.235935e-02	9.875739e-01	
-9.095585e-02	-8.597335e-04	3.575082e-01	-3.692450e-04	-1.284098e-01	-1.015961e-04	-2.771274e-02	-1.017734e-03	4.189163e-02	6.929225e-02	1.709024e-02	7.694728e-05	-1.930570e-03	2.260479e-03	-3.125329e-02	-1.646935e-01	2.463669e-02	5.755821e-04	-1.013533e-03	7.288293e-05	7.505407e-02	-3.095424e-02	-8.781871e-03	8.459172e-03	-4.287554e-02	-1.043466e-04	-6.973639e-05	-8.681966e-12	-1.233193e-02	-1.242403e-02	
-8.264486e-02	-8.597335e-04	4.224260e-01	-3.692450e-04	-1.696193e-01	-1.015961e-04	-2.796164e-02	-1.017734e-03	7.738192e-02	9.111694e-02	4.048918e-02	-3.680156e-05	-3.604208e-03	2.936244e-03	3.555519e-02	2.180471e-02	2.347766e-02	-1.140322e-04	-1.674757e-03	6.789270e-04	-2.775758e-02	-2.870101e-02	1.632322e-02	-1.944065e-02	-2.096893e-02	-1.043466e-04	-6.973639e-05	-8.681966e-12	-1.229197e-02	-1.240942e-02	
-2.170632e-03	-8.597335e-04	3.509223e-01	-3.692450e-04	-1.861751e-01	-1.015961e-04	-2.818643e-02	-1.017734e-03	9.361283e-02	4.137645e-02	6.628103e-02	2.915553e-04	-3.699055e-03	3.274055e-03	1.629769e-02	-4.975740e-02	2.587959e-02	3.282245e-04	-9.612471e-05	3.411587e-04	-9.834152e-02	-1.584953e-02	-1.854165e-02	-3.169848e-02	1.487768e-02	-1.043466e-04	-6.973639e-05	-8.681966e-12	-1.223938e-02	-1.238217e-02	
1.809618e-01	-8.597335e-04	1.964230e-01	-3.692450e-04	-1.875586e-01	-1.015961e-04	-2.838478e-02	-1.017734e-03	8.006547e-02	-3.405216e-02	5.046631e-02	9.571129e-04	-3.500643e-03	2.851041e-03	-1.347883e-02	-7.544190e-02	-1.571784e-02	6.655952e-04	1.969671e-04	-4.194730e-04	-6.748391e-02	-4.613210e-03	1.783640e-02	3.591912e-02	1.730170e-02	-1.043466e-04	-6.973639e-05	-8.681966e-12	-1.217412e-02	-1.234215e-02	
2.719884e-01	-8.597335e-04	4.943246e-02	-3.692450e-04	-1.804543e-01	-1.015961e-04	-1.533225e-02	-1.017734e-03	6.822629e-02	-4.948044e-02	6.522170e-02	6.335741e-05	-2.765435e-03	2.201941e-03	-1.176903e-02	-1.543739e-02	1.486155e-02	-8.935233e-04	7.335817e-04	-6.453613e-04	-8.906792e-02	1.961795e-02	-2.421782e-02	-4.632759e-02	-1.599166e-02	-1.043466e-04	-6.973639e-05	-8.681966e-12	-1.209618e-02	-1.228928e-02	
2.187208e-01	-8.597335e-04	-5.226884e-02	-3.692450e-04	-1.696311e-01	-1.015961e-04	1.076177e-01	-1.017734e-03	6.105754e-02	-6.725968e-02	7.820126e-02	7.657653e-05	-2.409641e-03	1.972348e-03	-7.097196e-03	-1.778342e-02	1.309512e-02	1.366707e-05	3.539766e-04	-2.256494e-04	-1.673722e-01	1.605328e-02	-1.117698e-02	-1.640632e-02	1.469774e-02	-1.043466e-04	-6.973639e-05	-8.681966e-12	-1.200555e-02	-1.222351e-02	
1.111002e-01	-8.597335e-04	-1.102415e-01	-3.692450e-04	-1.583570e-01	-1.015961e-04	2.787617e-01	-1.017734e-03	5.090404e-02	-8.983258e-02	3.981229e-02	1.495884e-06	-2.519875e-03	1.869727e-03	-1.008069e-02	-2.257155e-02	-3.826391e-02	-7.439015e-05	-1.122539e-04	-9.846902e-05	-1.527821e-01	4.947787e-03	-2.569352e-02	-1.724319e-02	-1.032624e-03	-1.043466e-04	-6.973639e-05	-8.681966e-12	-1.190227e-02	-1.214478e-02	
5.441197e-02	-8.597335e-04	-1.368830e-01	-3.692450e-04	-1.484607e-01	-1.015961e-04	3.147245e-01	-1.017734e-03	5.828643e-02	-1.145727e-02	5.323445e-02	1.145617e-04	-2.592969e-03	1.703139e-03	7.456259e-03	7.838306e-02	1.355672e-02	1.140247e-04	-7.532952e-05	-1.622191e-04	-1.058914e-01	-7.203361e-03	-1.753029e-02	-2.943923e-02	2.680801e-02	-1.043466e-04	-6.973639e-05	-8.681966e-12	-1.178639e-02	-1.205309e-02	
1.542531e-01	-8.597335e-04	-1.433221e-01	-3.692450e-04	-1.406146e-01	-1.015961e-04	2.314578e-01	-1.017734e-03	5.812601e-02	-1.142262e-02	6.129499e-02	3.211428e-04	-1.980739e-03	1.194551e-03	-8.591192e-05	4.956321e-05	8.204548e-03	2.078327e-04	6.097719e-04	-5.040001e-04	-1.543551e-01	4.502320e-03	-1.961685e-03	-1.141037e-02	2.370443e-03	-1.043466e-04	-6.973639e-05	-8.681966e-12	-1.165800e-02	-1.194845e-02	
2.557724e-01	-8.597335e-04	-1.378959e-01	-3.692450e-04	-1.347352e-01	-1.015961e-04	1.244068e-01	-1.017734e-03	3.255099e-02	-4.045862e-02	3.151400e-02	3.057160e-04	-1.121359e-03	8.445316e-04	-2.550018e-02	-2.901313e-02	-2.962772e-02	-1.386019e-05	8.566891e-04	-3.452112e-04	-9.241866e-02	-6.075439e-03	-1.659035e-02	-6.437494e-03	3.708109e-02	-1.043466e-04	-6.973639e-05	-8.681966e-12	-1.151721e-02	-1.183091e-02	
2.239713e-01	-8.597335e-04	-1.268138e-01	-3.692450e-04	-1.303840e-01	-1.015961e-04	9.972376e-02	-1.017734e-03	4.454388e-02	-2.960525e-03	5.779835e-02	9.781301e-05	-9.460032e-04	6.829874e-04	1.206780e-02	3.753016e-02	2.644685e-02	-2.059866e-04	1.724163e-04	-1.565066e-04	-1.362503e-01	1.330378e-03	8.113762e-03	-1.314380e-02	-1.629530e-02	-1.043466e-04	-6.973639e-05	-8.681966e-12	-1.136415e-02	-1.170052e-02	
1.173771e-01	-8.597335e-04	-1.144274e-01	-3.692450e-04	-1.270715e-01	-1.015961e-04	2.230642e-01	-1.017734e-03	4.316955e-02	-1.501811e-02	6.524091e-02	1.211400e-03	-5.850931e-04	6.018770e-04	-1.299627e-03	-1.201532e-02	7.614191e-03	1.115888e-03	3.577056e-04	-7.583744e-05	-1.361029e-01	-7.439463e-04	5.675141e-03	-9.858384e-03	-5.909332e-03	-1.043466e-04	-6.973639e-05	-8.681966e-12	-1.119898e-02	-1.155740e-02	
1.638901e-02	-8.597335e-04	-1.032925e-01	-3.692450e-04	-1.202323e-01	-1.015961e-04	3.033668e-01	-1.017734e-03	4.370902e-02	-3.855966e-02	5.279626e-02	1.253340e-03	-7.201590e-04	6.304396e-04	6.135852e-04	-2.348805e-02	-1.226413e-02	4.465998e-05	-1.385488e-04	3.407878e-05	-1.832713e-01	4.711869e-03	-5.773721e-03	-2.693597e-03	4.240533e-02	-1.043466e-04	-6.973639e-05	-8.681966e-12	-1.102189e-02	-1.140164e-02	
-5.091630e-02	-8.597335e-04	-9.445137e-02	-3.692450e-04	-3.230896e-02	-1.015961e-04	2.504754e-01	-1.017734e-03	4.900141e-02	-2.099165e-02	9.268396e-02	1.336632e-03	-4.501766e-04	1.745653e-04	5.365570e-03	1.763410e-02	4.007685e-02	8.646546e-05	2.662044e-04	-4.501087e-04	-1.244216e-01	2.551625e-02	-5.774339e-03	-2.656098e-02	-2.171157e-02	-1.043466e-04	-6.973639e-05	-8.681966e-12	-1.083308e-02	-1.123341e-02	
-8.829794e-02	-8.597335e-04	-8.794302e-02	-3.692450e-04	1.506520e-01	-1.015961e-04	1.411576e-01	-1.017734e-03	3.181664e-02	-8.777591e-02	7.881191e-02	1.538750e-03	-2.642580e-04	-3.514696e-05	-1.711298e-02	-6.670451e-02	-1.367436e-02	2.057840e-04	1.818314e-04	-2.036907e-04	-1.073969e-01	3.779519e-02	-1.944001e-02	-2.271518e-02	4.586262e-02	-1.043466e-04	-6.973639e-05	-8.681966e-12	-1.063279e-02	-1.105286e-02	
-1.040189e-01	-8.597335e-04	-8.331561e-02	-3.692450e-04	2.315042e-01	-1.015961e-04	4.664217e-02	-1.017734e-03	3.147660e-02	-6.769495e-02	9.687903e-02	1.194144e-03	-1.329105e-04	2.210478e-04	-2.700624e-04	2.017592e-02	1.827280e-02	-3.404115e-04	1.269361e-04	2.624792e-04	-1.641816e-01	3.496667e-02	1.440691e-02	-9.505942e-03	-8.936630e-03	-1.043466e-04	-6.973639e-05	-8.681966e-12	-1.042128e-02	-1.086019e-02	
-4.525011e-02	-8.597335e-04	-8.000928e-02	-3.692450e-04	1.725752e-01	-1.015961e-04	-1.390932e-02	-1.017734e-03	2.215710e-02	-8.292481e-02	5.415982e-02	8.237965e-04	3.869192e-04	-3.044466e-04	-9.251783e-03	-1.511842e-02	-4.250589e-02	-3.655827e-04	5.150768e-04	-5.189416e-04	-1.079709e-01	2.657657e-02	-7.428837e-03	-3.174187e-02	-5.696028e-03	-1.043466e-04	-6.973639e-05	-8.681966e-12	-1.019881e-02	-1.065563e-02	
1.357343e-01	-8.597335e-04	-7.754956e-02	-3.692450e-04	6.569075e-02	-1.015961e-04	-4.680774e-02	-1.017734e-03	1.053674e-02	-9.870536e-02	6.112208e-02	9.589276e-04	6.078073e-04	-7.760563e-04	-1.155543e-02	-1.565108e-02	7.182702e-03	1.405055e-04	2.157777e-04	-4.647812e-04	-1.569661e-01	2.584385e-02	7.069695e-03	1.146587e-02	4.574352e-02	-1.043466e-04	-6.973639e-05	-8.681966e-12	-9.965705e-03	-1.043941e-02	
2.477985e-01	-8.597335e-04	-7.559229e-02	-3.692450e-04	-2.033884e-02	-1.015961e-04	-6.152007e-02	-1.017734e-03	7.018211e-03	-5.592245e-02	3.957149e-02	1.095088e-04	7.564715e-04	-8.433994e-04	-3.456873e-03	4.293207e-02	-2.132354e-02	-8.433902e-04	1.431764e-04	-6.023277e-05	-1.170305e-01	1.812314e-02	5.976398e-03	-2.492605e-02	-1.290436e-02	-1.043466e-04	-6.973639e-05	-8.681966e-12	-9.722272e-03	-1.021181e-02	
2.128841e-01	-8.597335e-04	-7.391229e-02	-3.692450e-04	6.589737e-03	-1.015961e-04	-6.468988e-02	-1.017734e-03	-1.382878e-03	-7.188538e-02	5.706411e-02	2.607414e-04	1.561000e-03	-3.415859e-04	-8.343291e-03	-1.579253e-02	1.772557e-02	1.579609e-04	7.986454e-04	5.092126e-04	-1.179226e-01	1.196360e-02	-2.812946e-03	-8.983014e-03	5.338297e-02	-1.043466e-04	-6.973639e-05	-8.681966e-12	-9.468855e-03	-9.973105e-03	
1.134519e-01	-8.597335e-04	-7.236878e-02	-3.692450e-04	1.543999e-01	-1.015961e-04	-6.091294e-02	-1.017734e-03	-2.918242e-02	-5.509183e-02	6.881363e-02	1.645158e-03	2.502641e-03	-1.397619e-03	-2.774618e-02	1.698729e-02	1.198757e-02	1.391890e-03	9.353461e-04	-1.048337e-03	1.649321e-03	4.260425e-02	3.151025e-02	1.853254e-02	2.003674e-02	-1.043466e-04	-6.973639e-05	-8.681966e-12	-9.205818e-03	-9.723616e-03	
2.248154e-02	-8.597335e-04	-6.597721e-02	-3.692450e-04	2.179817e-01	-1.015961e-04	-5.376887e-02	-1.017734e-03	-3.315675e-02	-5.157517e-02	3.790254e-02	-2.356881e-04	2.493526e-03	-1.647659e-03	-3.926028e-03	3.735405e-03	-3.066850e-02	-1.872579e-03	-1.584498e-05	-2.420416e-04	-8.446067e-02	2.209660e-02	-2.243427e-03	-3.330575e-02	1.160687e-02	-1.043466e-04	-6.973639e-05	-8.681966e-12	-8.933539e-03	-9.463673e-03	
-3.883058e-02	-8.597335e-04	2.575023e-02	-3.692450e-04	1.537777e-01	-1.015961e-04	-4.592344e-02	-1.017734e-03	-1.229316e-02	-8.519220e-02	3.458071e-02	-5.920009e-05	2.261939e-03	-1.400714e-03	2.090620e-02	-3.337131e-02	-3.075708e-03	1.855991e-04	-2.387703e-04	2.552563e-04	-1.349637e-01	2.482438e-02	2.664328e-02	1.846144e-02	5.409220e-02	-1.043466e-04	-6.973639e-05	-8.681966e-12	-8.652414e-03	-9.193627e-03	
-7.441247e-02	-8.597335e-04	2.077908e-01	-3.692450e-04	4.905604e-02	-1.015961e-04	-3.898584e-02	-1.017734e-03	3.691256e-04	-7.136490e-02	4.770326e-02	8.386307e-05	2.157591e-03	-1.333217e-03	1.269852e-02	1.410223e-02	1.337136e-02	1.530679e-04	-1.120053e-04	7.612693e-05	-1.614970e-01	3.104009e-02	2.553053e-02	1.926107e-02	-1.873826e-02	-1.043466e-04	-6.973639e-05	-8.681966e-12	-8.362858e-03	-8.913852e-03	
-9.195706e-02	-8.597335e-04	2.826996e-01	-3.692450e-04	-2.505511e-02	-1.015961e-04	-3.360064e-02	-1.017734e-03	-1.333682e-02	-7.721768e-02	4.744084e-02	-2.094503e-04	2.257185e-03	-1.532127e-03	-1.367684e-02	-5.546514e-03	-1.187412e-05	-2.823623e-04	9.143855e-05	-1.899513e-04	-1.916658e-01	5.351475e-02	5.073139e-03	-2.833092e-02	8.107168e-03	-1.043466e-04	-6.973639e-05	-8.681966e-12	-8.065298e-03	-8.624739e-03	
-9.724765e-02	-8.597335e-04	2.199950e-01	-3.692450e-04	3.683304e-02	-1.015961e-04	-2.975977e-02	-1.017734e-03	-9.628692e-03	-1.048278e-01	4.640973e-02	-3.522301e-04	2.333859e-03	-1.306681e-03	3.729438e-03	-2.727020e-02	-7.794610e-04	-1.308232e-04	6.800082e-05	2.347418e-04	-1.876471e-01	5.540352e-02	1.034423e-02	1.760214e-02	4.775685e-02	-1.043466e-04	-6.973639e-05	-8.681966e-12	-7.760176e-03	-8.326693e-03	
-9.472064e-02	-8.597335e-04	1.123613e-01	-3.692450e-04	1.850314e-01	-1.015961e-04	-2.714490e-02	-1.017734e-03	4.431066e-04	-8.464388e-02	4.114901e-02	-2.458803e-04	2.744006e-03	-9.241641e-04	1.008455e-02	2.056021e-02	-5.008656e-03	1.193729e-04	4.009340e-04	3.921587e-04	-1.401118e-01	5.559107e-02	2.013701e-02	-1.946411e-02	-1.137469e-03	-1.043466e-04	-6.973639e-05	-8.681966e-12	-7.447947e-03	-8.020140e-03	
-8.808308e-02	-8.597335e-04	2.254040e-02	-3.692450e-04	2.252000e-01	-1.015961e-04	-2.537017e-02	-1.017734e-03	-2.345087e-03	-1.248546e-01	4.479555e-02	-1.524457e-03	2.446305e-03	-5.789262e-04	-2.784358e-03	-3.979581e-02	3.897745e-03	-1.264431e-03	-3.074985e-04	3.552512e-04	-9.073493e-02	5.157505e-02	-4.680694e-04	-1.445704e-02	4.263200e-02	-1.043466e-04	-6.973639e-05	-8.681966e-12	-7.129077e-03	-7.705517e-03	
-8.021159e-02	-8.597335e-04	-3.582453e-02	-3.692450e-04	2.323762e-01	-1.015961e-04	-2.411064e-02	-1.017734e-03	1.479294e-02	-1.359699e-01	4.328832e-02	-9.090239e-04	1.829319e-03	-4.210342e-05	1.713245e-02	-1.065834e-02	-1.258537e-03	6.307533e-04	-6.274138e-04	5.472347e-04	-1.017221e-01	4.740496e-02	5.503659e-02	5.320556e-03	2.865692e-02	-1.043466e-04	-6.973639e-05	-8.681966e-12	-6.804043e-03	-7.383278e-03	
-7.289675e-02	-8.597335e-04	-6.884179e-02	-3.692450e-04	3.106277e-01	-1.015961e-04	-2.314877e-02	-1.017734e-03	2.283200e-02	-8.894631e-02	7.235767e-02	-1.583402e-03	1.496887e-03	3.508697e-04	8.023025e-03	4.752517e-02	2.931423e-02	-6.578089e-04	-3.435112e-04	4.037881e-04	-7.020801e-02	4.894178e-02	4.151542e-02	-1.489826e-02	-2.914640e-02	-1.043466e-04	-6.973639e-05	-8.681966e-12	-6.473330e-03	-7.053887e-03	
-6.447988e-02	-8.597335e-04	-8.432159e-02	-3.692450e-04	3.125731e-01	-1.015961e-04	-2.232666e-02	-1.017734e-03	5.929451e-02	-1.050396e-01	4.777299e-02	-3.045748e-03	-8.355674e-04	2.543888e-03	3.643488e-02	-1.554418e-02	-2.434494e-02	-1.444458e-03	-2.344209e-03	2.204241e-03	1.455053e-01	4.486315e-02	4.666849e-02	-8.887645e-03	4.329948e-02	-1.043466e-04	-6.973639e-05	-8.681966e-12	-6.137430e-03	-6.717820e-03	
1.213006e-02	-8.597335e-04	-8.801311e-02	-3.692450e-04	2.062795e-01	-1.015961e-04	-2.156214e-02	-1.017734e-03	9.036700e-02	-8.423177e-02	1.986953e-02	-5.693602e-03	-2.367632e-03	4.644571e-03	3.103229e-02	2.140763e-02	-2.767036e-02	-2.628576e-03	-1.544511e-03	2.112325e-03	1.721875e-01	-1.152230e-03	3.606286e-02	-6.110649e-03	-1.901461e-02	-1.043466e-04	-6.973639e-05	-8.681966e-12	-5.796844e-03	-6.375565e-03	
1.954674e-01	-8.597335e-04	-8.440402e-02	-3.692450e-04	7.494088e-02	-1.015961e-04	-2.081098e-02	-1.017734e-03	-1.790777e-01	-1.906040e-01	2.217790e-01	-2.574352e-03	-3.942395e-03	-1.464089e-03	-2.694984e-01	-1.057192e-01	2.021340e-01	3.139994e-03	-1.587935e-03	-6.096593e-03	9.052585e-01	1.129377e-01	1.025358e-01	-1.341977e-02	-2.252092e-02	-1.043466e-04	-6.973639e-05	-8.681966e-12	-5.452074e-03	-6.027616e-03	
2.927943e-01	-8.597335e-04	-7.721793e-02	-3.692450e-04	-2.483217e-02	-1.015961e-04	-2.004429e-02	-1.017734e-03	-4.679196e-02	2.466960e-01	2.845066e-01	-4.335592e-03	-6.566260e-03	-3.379114e-03	1.322174e-01	4.380099e-01	6.294176e-02	-1.738961e-03	-2.637787e-03	-1.902518e-03	7.297787e-01	-7.997394e-02	5.491070e-02	8.483225e-02	-1.918236e-01	-1.043466e-04	-6.973639e-05	-8.681966e-12	-5.103629e-03	-5.674476e-03	
2.443675e-01	-8.597335e-04	-6.921922e-02	-3.692450e-04	-8.361100e-02	-1.015961e-04	-1.926677e-02	-1.017734e-03	-5.283693e-02	-2.001551e-02	4.512147e-03	-5.835268e-04	2.278167e-03	-1.152062e-03	-6.128990e-03	-2.659416e-01	-2.797923e-01	3.775959e-03	8.829727e-03	2.240008e-03	1.076732e+00	-2.041567e-01	-1.062504e-01	9.925170e-02	-7.153238e-02	-1.043466e-04	-6.973639e-05	-8.681966e-12	-4.752019e-03	-5.316655e-03	
1.383059e-01	-8.597335e-04	-6.202450e-02	-3.692450e-04	-1.112664e-01	-1.015961e-04	-1.846670e-02	-1.017734e-03	-6.020911e-02	2.790835e-01	-1.415991e-01	-1.966752e-04	9.945785e-04	-5.932688e-04	-7.472983e-03	2.999327e-01	-1.459229e-01	4.124445e-04	-1.299107e-03	5.722115e-04	3.632825e-01	-8.604459e-02	-9.006482e-02	2.590359e-02	2.804283e-03	-1.043466e-04	-6.973639e-05	-8.681967e-12	-4.397755e-03	-4.954665e-03	
4.494267e-02	-8.597335e-04	-5.625021e-02	-3.692450e-04	-1.188806e-01	-1.015961e-04	-1.763975e-02	-1.017734e-03	-2.118764e-02	1.368205e-01	-1.453096e-01	-1.778520e-04	4.192993e-04	1.750410e-04	3.890260e-02	-1.413619e-01	-3.537493e-03	4.619457e-05	-5.916455e-04	7.821994e-04	4.430211e-02	-1.087898e-01	-9.385637e-02	6.239960e-02	-7.696628e-03	-1.043466e-04	-6.973639e-05	-8.681966e-12	-4.041348e-03	-4.589024e-03	
-1.705801e-02	-8.597335e-04	-5.187810e-02	-3.692450e-04	-1.145552e-01	-1.015961e-04	-1.678685e-02	-1.017734e-03	5.201009e-03	1.390250e-01	-1.190772e-01	5.065164e-04	-2.860440e-04	5.433388e-04	2.625038e-02	3.175949e-03	2.638830e-02	7.136118e-04	-7.225820e-04	3.826641e-04	-5.676008e-02	-6.394129e-02	-8.646962e-02	-6.363620e-03	-2.148549e-02	-1.043466e-04	-6.973639e-05	-8.681966e-12	-3.683307e-03	-4.220251e-03	
-5.258849e-02	-8.597335e-04	-4.861707e-02	-3.692450e-04	-1.040046e-01	-1.015961e-04	-1.590894e-02	-1.017734e-03	1.149374e-02	6.805828e-02	-8.453134e-02	5.071505e-04	-7.451737e-04	7.743690e-04	6.133778e-03	-6.992018e-02	3.468226e-02	3.182823e-05	-4.772738e-04	2.458866e-04	-6.015854e-02	-7.037606e-02	-8.064365e-02	-5.161007e-03	7.981402e-03	-1.043466e-04	-6.973639e-05	-8.681966e-12	-3.324139e-03	-3.848866e-03	
-6.962868e-02	-8.597335e-04	-4.611898e-02	-3.692450e-04	-9.132896e-02	-1.015961e-04	-1.500701e-02	-1.017734e-03	4.409133e-03	-3.357003e-02	-9.238733e-02	9.398670e-04	-2.523500e-04	5.391608e-04	-7.265511e-03	-1.005031e-01	-7.741033e-03	4.659560e-04	4.737293e-04	-2.198475e-04	-3.149545e-02	-5.011391e-02	-6.377652e-02	2.240475e-02	3.180428e-02	-1.043466e-04	-6.973639e-05	-8.681966e-12	-2.964346e-03	-3.475389e-03	
-7.418588e-02	-8.597335e-04	-2.534127e-02	-3.692450e-04	-7.916621e-02	-1.015961e-04	-1.408209e-02	-1.017734e-03	9.096690e-03	-3.036321e-02	-6.880990e-02	2.940804e-04	-3.500695e-04	5.450941e-04	4.483490e-03	4.414903e-03	2.366889e-02	-6.104076e-04	-1.178049e-04	2.181439e-05	-1.374860e-01	-4.735523e-02	-5.690065e-02	6.683332e-03	-2.598170e-02	-1.043466e-04	-6.973639e-05	-8.681966e-12	-2.604424e-03	-3.100337e-03	
-7.085349e-02	-8.597335e-04	1.127927e-01	-3.692450e-04	-6.882944e-02	-1.015961e-04	-1.313526e-02	-1.017734e-03	2.530633e-02	-1.231163e-01	-3.578245e-02	6.945605e-04	-7.115245e-04	8.420168e-04	1.598076e-02	-9.145738e-02	3.309239e-02	4.380746e-04	-3.825586e-04	3.133347e-04	-6.103285e-03	-2.309117e-02	-4.307050e-02	-1.084674e-02	-1.017568e-02	-1.043466e-04	-6.973639e-05	-8.681966e-12	-2.244864e-03	-2.724225e-03	
-6.345551e-02	-8.597335e-04	2.778725e-01	-3.692450e-04	-6.061200e-02	-1.015961e-04	-1.216762e-02	-1.017734e-03	2.827215e-02	-7.699794e-02	8.171473e-04	8.788871e-04	-1.003403e-03	8.739579e-04	2.710742e-03	4.750515e-02	3.663535e-02	2.242283e-04	-3.140358e-04	4.890336e-05	-7.915056e-02	-1.877647e-02	-3.898800e-02	-1.509376e-02	2.049888e-02	-1.043466e-04	-6.973639e-05	-8.681966e-12	-1.886149e-03	-2.347564e-03	
-5.489403e-02	-8.597335e-04	2.998915e-01	-3.692450e-04	-5.423541e-02	-1.015961e-04	-1.118031e-02	-1.017734e-03	1.530279e-02	-3.321492e-02	2.585756e-02	1.721614e-03	-2.596700e-04	6.535386e-04	-1.325152e-02	4.526769e-02	2.503823e-02	8.848875e-04	7.204709e-04	-2.028420e-04	-1.848931e-02	-4.605232e-03	-7.976219e-03	-1.976840e-02	-4.989984e-03	-1.043466e-04	-6.973639e-05	-8.681966e-12	-1.528754e-03	-1.970857e-03	
-4.693508e-02	-8.597335e-04	2.118194e-01	-3.692450e-04	-4.918289e-02	-1.015961e-04	-1.017449e-02	-1.017734e-03	3.980199e-03	-3.129360e-02	-8.548237e-04	2.560457e-03	-2.941995e-04	4.862508e-04	-1.163299e-02	3.510063e-03	-2.675907e-02	8.832641e-04	-5.895866e-05	-1.490433e-04	-8.813677e-02	-1.869394e-02	-1.284078e-02	-3.147838e-03	6.050768e-03	-1.043466e-04	-6.973639e-05	-8.681966e-12	-1.173142e-03	-1.594604e-03	
-4.031791e-02	-8.597335e-04	1.062303e-01	-3.692450e-04	-4.498077e-02	-1.015961e-04	-9.151363e-03	-1.017734e-03	-3.750893e-03	6.486408e-02	2.133000e-02	2.349162e-03	5.951425e-04	1.914024e-04	-8.071532e-03	9.785502e-02	2.209136e-02	-1.644068e-04	8.637218e-04	-2.759356e-04	-4.288866e-03	-8.867696e-03	-3.817917e-03	-2.637922e-02	-1.932144e-04	-1.043466e-04	-6.973639e-05	-8.681967e-12	-8.197672e-04	-1.219294e-03	
-3.509557e-02	-8.597335e-04	2.707343e-02	-3.692450e-04	-4.127354e-02	-1.015961e-04	-8.112134e-03	-1.017734e-03	9.170575e-04	1.403349e-01	-5.992347e-02	2.438110e-03	-4.053367e-04	1.191108e-04	4.295932e-03	7.728294e-02	-8.139661e-02	1.384143e-04	-1.027343e-03	-5.270979e-05	4.276830e-02	-4.632154e-02	6.919365e-03	3.057782e-02	3.208313e-02	-1.043466e-04	-6.973639e-05	-8.681967e-12	-4.690713e-04	-8.454083e-04	
-3.099420e-02	-8.597335e-04	-2.174573e-02	-3.692450e-04	-3.782431e-02	-1.015961e-04	-7.058039e-03	-1.017734e-03	-9.024960e-04	1.582984e-01	-4.738416e-02	2.736986e-03	-4.487502e-04	-1.069069e-04	-2.224984e-03	1.989465e-02	1.234466e-02	3.510218e-04	-7.156612e-05	-2.057537e-04	-1.141274e-01	-3.148874e-02	2.031360e-02	1.914667e-02	-1.483056e-02	-1.043466e-04	-6.973639e-05	-8.681967e-12	-1.214836e-04	-4.734184e-04	
-2.766428e-02	-8.597335e-04	-4.800208e-02	-3.692450e-04	-3.448905e-02	-1.015961e-04	-5.990333e-03	-1.017734e-03	3.655502e-03	1.489372e-01	-3.671734e-02	1.591926e-03	-7.086199e-04	3.517526e-04	4.117472e-03	-7.306345e-03	1.041711e-02	-1.090123e-03	-2.893619e-04	4.796188e-04	-8.247440e-02	-1.504439e-02	2.642523e-03	1.623293e-02	-3.964695e-02	-1.043466e-04	-6.973639e-05	-8.681967e-12	2.225804e-04	-1.037843e-04	
-2.480618e-02	-8.597335e-04	-5.884162e-02	-3.692450e-04	-3.120545e-02	-1.015961e-04	-4.910280e-03	-1.017734e-03	3.334540e-03	6.777776e-02	-5.982554e-02	1.706059e-03	-2.853639e-04	1.412115e-04	-7.982791e-04	-7.897612e-02	-2.341500e-02	1.719768e-04	3.923704e-04	-1.888751e-04	-4.067548e-02	2.168150e-03	-1.663043e-02	5.176308e-03	-8.699816e-03	-1.043466e-04	-6.973639e-05	-8.681967e-12	5.627190e-04	2.630458e-04	
-2.220703e-02	-8.597335e-04	-5.948481e-02	-3.692450e-04	-2.791899e-02	-1.015961e-04	-3.819154e-03	-1.017734e-03	-1.193206e-03	1.013577e-01	-2.257884e-02	1.227085e-03	-1.726621e-04	-1.660023e-04	-5.043196e-03	3.589611e-02	3.688034e-02	-4.180822e-04	8.037376e-05	-2.848153e-04	-6.685491e-02	1.984152e-02	-2.615644e-02	-1.795487e-02	1.488371e-02	-1.043466e-04	-6.973639e-05	-8.681967e-12	8.985461e-04	6.266367e-04	
-1.973291e-02	-8.597335e-04	-5.419859e-02	-3.692450e-04	-2.460418e-02	-1.015961e-04	-2.718239e-03	-1.017734e-03	-1.862278e-02	2.470664e-02	-5.323726e-02	8.692584e-04	4.892988e-04	-3.194230e-04	-1.798469e-02	-7.419572e-02	-3.108760e-02	-2.937675e-04	6.281362e-04	-1.302779e-04	-7.749161e-03	6.516845e-03	-1.008293e-02	-5.545332e-03	2.776174e-02	-1.043466e-04	-6.973639e-05	-8.681967e-12	1.229691e-03	9.865669e-04	
-1.730700e-02	-8.597335e-04	-4.643791e-02	-3.692450e-04	-2.127218e-02	-1.015961e-04	-1.608821e-03	-1.017734e-03	-1.801063e-02	-2.795815e-03	-6.459654e-02	1.028135e-03	6.793941e-04	-2.158214e-04	1.575106e-05	-2.490361e-02	-1.185436e-02	2.262335e-04	1.547065e-04	1.275128e-04	-1.158320e-01	-7.053996e-03	6.348329e-03	1.109480e-02	6.120618e-03	-1.043466e-04	-6.973639e-05	-8.681967e-12	1.555799e-03	1.342429e-03	
-1.488851e-02	-8.597335e-04	-3.856725e-02	-3.692450e-04	-1.790662e-02	-1.015961e-04	-4.921868e-04	-1.017734e-03	-1.663479e-02	2.458555e-02	-4.616680e-02	6.088527e-04	-1.932372e-04	-1.616007e-04	7.361447e-04	3.012980e-02	1.786423e-02	-3.485160e-04	-9.096384e-04	7.893273e-05	-6.237092e-02	-6.677347e-03	1.623781e-03	-2.564592e-02	-2.719964e-02	-1.043466e-04	-6.973639e-05	-8.681967e-12	1.876532e-03	1.693833e-03	
-1.245007e-02	-8.597335e-04	-3.183782e-02	-3.692450e-04	-1.450574e-02	-1.015961e-04	6.303778e-04	-1.017734e-03	-2.166458e-02	-1.554842e-02	-6.090242e-02	2.377867e-04	1.083615e-04	-1.563572e-04	-5.714459e-03	-3.722822e-02	-1.537338e-02	-2.967806e-04	2.629093e-04	3.078722e-05	-8.859468e-02	-8.259259e-03	1.423985e-03	-1.705061e-02	1.625672e-03	-1.043466e-04	-6.973639e-05	-8.681967e-12	2.191571e-03	2.040401e-03	
-9.999862e-03	-8.597335e-04	-2.656661e-02	-3.692450e-04	-1.107141e-02	-1.015961e-04	1.757594e-03	-1.017734e-03	-1.844577e-02	-2.493005e-03	-5.395740e-02	5.403602e-05	4.193435e-05	-1.582868e-04	2.487431e-03	1.612321e-02	6.231599e-03	-1.058090e-04	-1.068620e-04	2.445887e-05	-1.318950e-01	-7.843343e-03	7.471529e-03	-8.237994e-03	2.052842e-02	-1.043466e-04	-6.973639e-05	-8.681967e-12	2.500613e-03	2.381776e-03	
-7.524179e-03	-8.597335e-04	-2.255186e-02	-3.692450e-04	-7.644034e-03	-1.015961e-04	2.888190e-03	-1.017734e-03	-1.096213e-02	4.785541e-02	5.992230e-03	-8.820272e-05	-1.982459e-04	-4.559004e-05	6.703870e-03	5.358601e-02	5.915570e-02	-6.053164e-05	-2.824323e-04	1.399721e-04	-2.485376e-02	1.115994e-02	2.844861e-02	2.204392e-03	5.987748e-03	-1.043466e-04	-6.973639e-05	-8.681967e-12	2.803373e-03	2.717614e-03	
-5.020691e-03	-8.597335e-04	-1.943914e-02	-3.692450e-04	-4.285380e-03	-1.015961e-04	4.020907e-03	-1.017734e-03	-2.979571e-03	-6.870381e-03	3.066819e-02	4.497234e-04	-4.517559e-04	1.209148e-04	7.153314e-03	-5.130724e-02	2.380481e-02	6.235448e-04	-2.976499e-04	1.947096e-04	-2.455244e-02	2.560441e-02	3.263263e-02	2.852343e-02	2.087964e-02	-1.043466e-04	-6.973639e-05	-8.681967e-12	3.099586e-03	3.047592e-03	
-2.490646e-03	-8.597335e-04	-1.690214e-02	-3.692450e-04	-9.712939e-04	-1.015961e-04	5.154501e-03	-1.017734e-03	4.846933e-03	6.082161e-02	1.842309e-02	9.061431e-05	-3.466280e-04	2.206614e-05	6.945340e-03	7.129680e-02	-1.319554e-02	-2.694438e-04	5.908852e-05	-6.969810e-05	-4.491847e-02	3.102660e-02	6.488702e-03	-2.294770e-02	-3.419097e-02	-1.043466e-04	-6.973639e-05	-8.681967e-12	3.389004e-03	3.371404e-03	
6.471964e-05	-8.597335e-04	-1.469886e-02	-3.692450e-04	2.298624e-03	-1.015961e-04	6.287743e-03	-1.017734e-03	-1.698796e-03	-7.891555e-04	3.332287e-02	-2.348000e-04	-3.861653e-04	2.678693e-05	-7.481469e-03	-5.782462e-02	1.386222e-02	-2.315597e-04	-8.755652e-05	3.482627e-05	-6.120985e-02	5.141502e-02	-4.895156e-03	-3.941525e-02	1.805858e-02	-1.043466e-04	-6.973639e-05	-8.681967e-12	3.671399e-03	3.688761e-03	
2.644186e-03	-8.597335e-04	-1.267272e-02	-3.692450e-04	5.556239e-03	-1.015961e-04	7.419426e-03	-1.017734e-03	-5.670653e-03	-3.355664e-02	2.309224e-02	-5.459025e-04	-2.753103e-04	-3.527482e-04	-4.964238e-03	-2.878782e-02	-1.136007e-02	-2.129218e-04	6.076277e-05	-3.484416e-04	-7.421661e-02	4.293863e-02	1.215819e-02	-1.592367e-02	2.608202e-02	-1.043466e-04	-6.973639e-05	-8.681967e-12	3.946562e-03	3.999396e-03	
5.246550e-03	-8.597335e-04	-1.077397e-02	-3.692450e-04	8.895802e-03	-1.015961e-04	8.548368e-03	-1.017734e-03	-1.912215e-03	-1.293283e-02	-1.098572e-02	-7.458981e-04	6.047293e-04	1.164670e-05	2.707133e-03	2.480691e-02	-3.530253e-02	-9.737961e-05	8.278178e-04	3.965154e-04	-2.198054e-02	3.053954e-02	2.632027e-02	-1.506768e-02	-1.053680e-02	-1.043466e-04	-6.973639e-05	-8.681967e-12	4.214303e-03	4.303057e-03	
7.870630e-03	-8.597335e-04	-9.050980e-03	-3.692450e-04	1.237457e-02	-1.015961e-04	9.673407e-03	-1.017734e-03	1.711412e-03	-1.078334e-01	-1.452453e-02	-2.562387e-03	3.410037e-04	-3.813038e-04	2.511285e-03	-9.050488e-02	-4.862337e-03	-1.709300e-03	-3.181503e-04	-3.597788e-04	7.626699e-02	1.467507e-02	1.515394e-02	3.890908e-03	2.660197e-03	-1.043466e-04	-6.973639e-05	-8.681967e-12	4.474449e-03	4.599514e-03	
1.051527e-02	-8.597335e-04	-7.437960e-03	-3.692450e-04	1.598890e-02	-1.015961e-04	1.079341e-02	-1.017734e-03	6.759852e-03	-3.504282e-02	1.943015e-02	-2.160782e-03	1.781953e-04	-4.226671e-04	3.872874e-03	7.740559e-02	3.252875e-02	5.135243e-04	-2.195367e-04	-7.107597e-06	1.687421e-02	2.116812e-02	2.554986e-02	-1.085384e-02	2.047924e-02	-1.043466e-04	-6.973639e-05	-8.681967e-12	4.726849e-03	4.888556e-03	
1.317934e-02	-8.597335e-04	-5.803522e-03	-3.692450e-04	1.964429e-02	-1.015961e-04	1.190729e-02	-1.017734e-03	1.025731e-02	-6.169433e-02	3.129844e-02	-1.690406e-03	4.423212e-04	-5.368897e-04	2.256206e-03	-2.180620e-02	1.033518e-02	5.871402e-04	2.050374e-04	-7.884425e-05	-5.233572e-02	1.801638e-02	3.700015e-02	2.235035e-02	7.342854e-03	-1.043466e-04	-6.973639e-05	-8.681967e-12	4.971371e-03	5.169992e-03	
1.586174e-02	-8.597335e-04	-4.079762e-03	-3.692450e-04	2.320138e-02	-1.015961e-04	1.301397e-02	-1.017734e-03	1.908279e-02	-7.661640e-02	2.335465e-02	-1.830054e-03	9.001777e-04	-5.727012e-04	7.516303e-03	-9.840147e-03	-9.588035e-03	-1.788855e-05	3.963161e-04	7.185338e-07	-7.939270e-02	3.197439e-02	4.108850e-02	4.385827e-03	-1.084371e-02	-1.043466e-04	-6.973639e-05	-8.681967e-12	5.207899e-03	5.443648e-03	
